ISO-10303-21;
HEADER;
FILE_DESCRIPTION(('FreeCAD Model'),'2;1');
FILE_NAME('Open CASCADE Shape Model','2026-09-25T08:12:11',(
    'kicad StepUp'),('ksu MCAD'),'Open CASCADE STEP processor 7.8',
  'FreeCAD','Unknown');
FILE_SCHEMA(('AUTOMOTIVE_DESIGN { 1 0 10303 214 1 1 1 1 }'));
ENDSEC;
DATA;
#1 = APPLICATION_PROTOCOL_DEFINITION('international standard',
  'automotive_design',2000,#2);
#2 = APPLICATION_CONTEXT(
  'core data for automotive mechanical design processes');
#3 = SHAPE_DEFINITION_REPRESENTATION(#4,#10);
#4 = PRODUCT_DEFINITION_SHAPE('','',#5);
#5 = PRODUCT_DEFINITION('design','',#6,#9);
#6 = PRODUCT_DEFINITION_FORMATION('','',#7);
#7 = PRODUCT('NHD_C12832A1Z','NHD_C12832A1Z','',(#8));
#8 = PRODUCT_CONTEXT('',#2,'mechanical');
#9 = PRODUCT_DEFINITION_CONTEXT('part definition',#2,'design');
#10 = SHAPE_REPRESENTATION('',(#11,#15,#165,#315),#7625);
#11 = AXIS2_PLACEMENT_3D('',#12,#13,#14);
#12 = CARTESIAN_POINT('',(0.,0.,0.));
#13 = DIRECTION('',(0.,0.,1.));
#14 = DIRECTION('',(1.,0.,-0.));
#15 = MANIFOLD_SOLID_BREP('',#16);
#16 = CLOSED_SHELL('',(#17,#57,#88,#112,#136,#153));
#17 = ADVANCED_FACE('',(#18),#52,.T.);
#18 = FACE_BOUND('',#19,.T.);
#19 = EDGE_LOOP('',(#20,#30,#38,#46));
#20 = ORIENTED_EDGE('',*,*,#21,.T.);
#21 = EDGE_CURVE('',#22,#24,#26,.T.);
#22 = VERTEX_POINT('',#23);
#23 = CARTESIAN_POINT('',(28.7,1.5,-2.85));
#24 = VERTEX_POINT('',#25);
#25 = CARTESIAN_POINT('',(28.7,2.1,-2.85));
#26 = LINE('',#27,#28);
#27 = CARTESIAN_POINT('',(28.7,1.5,-2.85));
#28 = VECTOR('',#29,1.);
#29 = DIRECTION('',(0.,1.,0.));
#30 = ORIENTED_EDGE('',*,*,#31,.T.);
#31 = EDGE_CURVE('',#24,#32,#34,.T.);
#32 = VERTEX_POINT('',#33);
#33 = CARTESIAN_POINT('',(29.9,2.1,-2.85));
#34 = LINE('',#35,#36);
#35 = CARTESIAN_POINT('',(28.7,2.1,-2.85));
#36 = VECTOR('',#37,1.);
#37 = DIRECTION('',(1.,-1.445602896647E-15,0.));
#38 = ORIENTED_EDGE('',*,*,#39,.T.);
#39 = EDGE_CURVE('',#32,#40,#42,.T.);
#40 = VERTEX_POINT('',#41);
#41 = CARTESIAN_POINT('',(29.9,1.5,-2.85));
#42 = LINE('',#43,#44);
#43 = CARTESIAN_POINT('',(29.9,2.1,-2.85));
#44 = VECTOR('',#45,1.);
#45 = DIRECTION('',(0.,-1.,0.));
#46 = ORIENTED_EDGE('',*,*,#47,.T.);
#47 = EDGE_CURVE('',#40,#22,#48,.T.);
#48 = LINE('',#49,#50);
#49 = CARTESIAN_POINT('',(29.9,1.5,-2.85));
#50 = VECTOR('',#51,1.);
#51 = DIRECTION('',(-1.,4.336808689942E-15,0.));
#52 = PLANE('',#53);
#53 = AXIS2_PLACEMENT_3D('',#54,#55,#56);
#54 = CARTESIAN_POINT('',(12.,11.4,-2.85));
#55 = DIRECTION('',(0.,0.,-1.));
#56 = DIRECTION('',(-1.,0.,0.));
#57 = ADVANCED_FACE('',(#58),#83,.F.);
#58 = FACE_BOUND('',#59,.T.);
#59 = EDGE_LOOP('',(#60,#70,#76,#77));
#60 = ORIENTED_EDGE('',*,*,#61,.T.);
#61 = EDGE_CURVE('',#62,#64,#66,.T.);
#62 = VERTEX_POINT('',#63);
#63 = CARTESIAN_POINT('',(29.9,1.5,0.));
#64 = VERTEX_POINT('',#65);
#65 = CARTESIAN_POINT('',(28.7,1.5,0.));
#66 = LINE('',#67,#68);
#67 = CARTESIAN_POINT('',(29.9,1.5,0.));
#68 = VECTOR('',#69,1.);
#69 = DIRECTION('',(-1.,4.336808689942E-15,0.));
#70 = ORIENTED_EDGE('',*,*,#71,.F.);
#71 = EDGE_CURVE('',#22,#64,#72,.T.);
#72 = LINE('',#73,#74);
#73 = CARTESIAN_POINT('',(28.7,1.5,-2.85));
#74 = VECTOR('',#75,1.);
#75 = DIRECTION('',(0.,0.,1.));
#76 = ORIENTED_EDGE('',*,*,#47,.F.);
#77 = ORIENTED_EDGE('',*,*,#78,.T.);
#78 = EDGE_CURVE('',#40,#62,#79,.T.);
#79 = LINE('',#80,#81);
#80 = CARTESIAN_POINT('',(29.9,1.5,-2.85));
#81 = VECTOR('',#82,1.);
#82 = DIRECTION('',(0.,0.,1.));
#83 = PLANE('',#84);
#84 = AXIS2_PLACEMENT_3D('',#85,#86,#87);
#85 = CARTESIAN_POINT('',(29.9,1.5,-2.85));
#86 = DIRECTION('',(4.336808689942E-15,1.,0.));
#87 = DIRECTION('',(-1.,4.336808689942E-15,0.));
#88 = ADVANCED_FACE('',(#89),#107,.F.);
#89 = FACE_BOUND('',#90,.T.);
#90 = EDGE_LOOP('',(#91,#99,#100,#101));
#91 = ORIENTED_EDGE('',*,*,#92,.T.);
#92 = EDGE_CURVE('',#93,#62,#95,.T.);
#93 = VERTEX_POINT('',#94);
#94 = CARTESIAN_POINT('',(29.9,2.1,0.));
#95 = LINE('',#96,#97);
#96 = CARTESIAN_POINT('',(29.9,2.1,0.));
#97 = VECTOR('',#98,1.);
#98 = DIRECTION('',(0.,-1.,0.));
#99 = ORIENTED_EDGE('',*,*,#78,.F.);
#100 = ORIENTED_EDGE('',*,*,#39,.F.);
#101 = ORIENTED_EDGE('',*,*,#102,.T.);
#102 = EDGE_CURVE('',#32,#93,#103,.T.);
#103 = LINE('',#104,#105);
#104 = CARTESIAN_POINT('',(29.9,2.1,-2.85));
#105 = VECTOR('',#106,1.);
#106 = DIRECTION('',(0.,0.,1.));
#107 = PLANE('',#108);
#108 = AXIS2_PLACEMENT_3D('',#109,#110,#111);
#109 = CARTESIAN_POINT('',(29.9,2.1,-2.85));
#110 = DIRECTION('',(-1.,0.,0.));
#111 = DIRECTION('',(0.,0.,1.));
#112 = ADVANCED_FACE('',(#113),#131,.F.);
#113 = FACE_BOUND('',#114,.T.);
#114 = EDGE_LOOP('',(#115,#123,#124,#125));
#115 = ORIENTED_EDGE('',*,*,#116,.T.);
#116 = EDGE_CURVE('',#117,#93,#119,.T.);
#117 = VERTEX_POINT('',#118);
#118 = CARTESIAN_POINT('',(28.7,2.1,0.));
#119 = LINE('',#120,#121);
#120 = CARTESIAN_POINT('',(28.7,2.1,0.));
#121 = VECTOR('',#122,1.);
#122 = DIRECTION('',(1.,-1.445602896647E-15,0.));
#123 = ORIENTED_EDGE('',*,*,#102,.F.);
#124 = ORIENTED_EDGE('',*,*,#31,.F.);
#125 = ORIENTED_EDGE('',*,*,#126,.T.);
#126 = EDGE_CURVE('',#24,#117,#127,.T.);
#127 = LINE('',#128,#129);
#128 = CARTESIAN_POINT('',(28.7,2.1,-2.85));
#129 = VECTOR('',#130,1.);
#130 = DIRECTION('',(0.,0.,1.));
#131 = PLANE('',#132);
#132 = AXIS2_PLACEMENT_3D('',#133,#134,#135);
#133 = CARTESIAN_POINT('',(28.7,2.1,-2.85));
#134 = DIRECTION('',(-1.445602896647E-15,-1.,0.));
#135 = DIRECTION('',(1.,-1.445602896647E-15,0.));
#136 = ADVANCED_FACE('',(#137),#148,.F.);
#137 = FACE_BOUND('',#138,.T.);
#138 = EDGE_LOOP('',(#139,#145,#146,#147));
#139 = ORIENTED_EDGE('',*,*,#140,.T.);
#140 = EDGE_CURVE('',#64,#117,#141,.T.);
#141 = LINE('',#142,#143);
#142 = CARTESIAN_POINT('',(28.7,1.5,0.));
#143 = VECTOR('',#144,1.);
#144 = DIRECTION('',(0.,1.,0.));
#145 = ORIENTED_EDGE('',*,*,#126,.F.);
#146 = ORIENTED_EDGE('',*,*,#21,.F.);
#147 = ORIENTED_EDGE('',*,*,#71,.T.);
#148 = PLANE('',#149);
#149 = AXIS2_PLACEMENT_3D('',#150,#151,#152);
#150 = CARTESIAN_POINT('',(28.7,1.5,-2.85));
#151 = DIRECTION('',(1.,0.,0.));
#152 = DIRECTION('',(0.,0.,-1.));
#153 = ADVANCED_FACE('',(#154),#160,.F.);
#154 = FACE_BOUND('',#155,.T.);
#155 = EDGE_LOOP('',(#156,#157,#158,#159));
#156 = ORIENTED_EDGE('',*,*,#61,.F.);
#157 = ORIENTED_EDGE('',*,*,#92,.F.);
#158 = ORIENTED_EDGE('',*,*,#116,.F.);
#159 = ORIENTED_EDGE('',*,*,#140,.F.);
#160 = PLANE('',#161);
#161 = AXIS2_PLACEMENT_3D('',#162,#163,#164);
#162 = CARTESIAN_POINT('',(12.,11.4,0.));
#163 = DIRECTION('',(0.,0.,-1.));
#164 = DIRECTION('',(-1.,0.,0.));
#165 = MANIFOLD_SOLID_BREP('',#166);
#166 = CLOSED_SHELL('',(#167,#207,#238,#262,#286,#303));
#167 = ADVANCED_FACE('',(#168),#202,.F.);
#168 = FACE_BOUND('',#169,.T.);
#169 = EDGE_LOOP('',(#170,#180,#188,#196));
#170 = ORIENTED_EDGE('',*,*,#171,.T.);
#171 = EDGE_CURVE('',#172,#174,#176,.T.);
#172 = VERTEX_POINT('',#173);
#173 = CARTESIAN_POINT('',(-4.7,1.5,-2.85));
#174 = VERTEX_POINT('',#175);
#175 = CARTESIAN_POINT('',(-5.9,1.5,-2.85));
#176 = LINE('',#177,#178);
#177 = CARTESIAN_POINT('',(-5.9,1.5,-2.85));
#178 = VECTOR('',#179,1.);
#179 = DIRECTION('',(-1.,-2.891205793295E-15,-0.));
#180 = ORIENTED_EDGE('',*,*,#181,.T.);
#181 = EDGE_CURVE('',#174,#182,#184,.T.);
#182 = VERTEX_POINT('',#183);
#183 = CARTESIAN_POINT('',(-5.9,2.1,-2.85));
#184 = LINE('',#185,#186);
#185 = CARTESIAN_POINT('',(-5.9,2.1,-2.85));
#186 = VECTOR('',#187,1.);
#187 = DIRECTION('',(0.,1.,0.));
#188 = ORIENTED_EDGE('',*,*,#189,.T.);
#189 = EDGE_CURVE('',#182,#190,#192,.T.);
#190 = VERTEX_POINT('',#191);
#191 = CARTESIAN_POINT('',(-4.7,2.1,-2.85));
#192 = LINE('',#193,#194);
#193 = CARTESIAN_POINT('',(-4.7,2.1,-2.85));
#194 = VECTOR('',#195,1.);
#195 = DIRECTION('',(1.,0.,0.));
#196 = ORIENTED_EDGE('',*,*,#197,.T.);
#197 = EDGE_CURVE('',#190,#172,#198,.T.);
#198 = LINE('',#199,#200);
#199 = CARTESIAN_POINT('',(-4.7,1.5,-2.85));
#200 = VECTOR('',#201,1.);
#201 = DIRECTION('',(-0.,-1.,-0.));
#202 = PLANE('',#203);
#203 = AXIS2_PLACEMENT_3D('',#204,#205,#206);
#204 = CARTESIAN_POINT('',(12.,11.4,-2.85));
#205 = DIRECTION('',(0.,0.,1.));
#206 = DIRECTION('',(1.,0.,0.));
#207 = ADVANCED_FACE('',(#208),#233,.F.);
#208 = FACE_BOUND('',#209,.T.);
#209 = EDGE_LOOP('',(#210,#220,#226,#227));
#210 = ORIENTED_EDGE('',*,*,#211,.T.);
#211 = EDGE_CURVE('',#212,#214,#216,.T.);
#212 = VERTEX_POINT('',#213);
#213 = CARTESIAN_POINT('',(-4.7,2.1,0.));
#214 = VERTEX_POINT('',#215);
#215 = CARTESIAN_POINT('',(-4.7,1.5,0.));
#216 = LINE('',#217,#218);
#217 = CARTESIAN_POINT('',(-4.7,1.5,0.));
#218 = VECTOR('',#219,1.);
#219 = DIRECTION('',(-0.,-1.,-0.));
#220 = ORIENTED_EDGE('',*,*,#221,.F.);
#221 = EDGE_CURVE('',#172,#214,#222,.T.);
#222 = LINE('',#223,#224);
#223 = CARTESIAN_POINT('',(-4.7,1.5,-2.85));
#224 = VECTOR('',#225,1.);
#225 = DIRECTION('',(0.,0.,1.));
#226 = ORIENTED_EDGE('',*,*,#197,.F.);
#227 = ORIENTED_EDGE('',*,*,#228,.T.);
#228 = EDGE_CURVE('',#190,#212,#229,.T.);
#229 = LINE('',#230,#231);
#230 = CARTESIAN_POINT('',(-4.7,2.1,-2.85));
#231 = VECTOR('',#232,1.);
#232 = DIRECTION('',(0.,0.,1.));
#233 = PLANE('',#234);
#234 = AXIS2_PLACEMENT_3D('',#235,#236,#237);
#235 = CARTESIAN_POINT('',(-4.7,1.5,-2.85));
#236 = DIRECTION('',(-1.,0.,0.));
#237 = DIRECTION('',(0.,0.,1.));
#238 = ADVANCED_FACE('',(#239),#257,.F.);
#239 = FACE_BOUND('',#240,.T.);
#240 = EDGE_LOOP('',(#241,#249,#250,#251));
#241 = ORIENTED_EDGE('',*,*,#242,.T.);
#242 = EDGE_CURVE('',#243,#212,#245,.T.);
#243 = VERTEX_POINT('',#244);
#244 = CARTESIAN_POINT('',(-5.9,2.1,0.));
#245 = LINE('',#246,#247);
#246 = CARTESIAN_POINT('',(-4.7,2.1,0.));
#247 = VECTOR('',#248,1.);
#248 = DIRECTION('',(1.,0.,0.));
#249 = ORIENTED_EDGE('',*,*,#228,.F.);
#250 = ORIENTED_EDGE('',*,*,#189,.F.);
#251 = ORIENTED_EDGE('',*,*,#252,.T.);
#252 = EDGE_CURVE('',#182,#243,#253,.T.);
#253 = LINE('',#254,#255);
#254 = CARTESIAN_POINT('',(-5.9,2.1,-2.85));
#255 = VECTOR('',#256,1.);
#256 = DIRECTION('',(0.,0.,1.));
#257 = PLANE('',#258);
#258 = AXIS2_PLACEMENT_3D('',#259,#260,#261);
#259 = CARTESIAN_POINT('',(-4.7,2.1,-2.85));
#260 = DIRECTION('',(0.,-1.,0.));
#261 = DIRECTION('',(0.,0.,-1.));
#262 = ADVANCED_FACE('',(#263),#281,.F.);
#263 = FACE_BOUND('',#264,.T.);
#264 = EDGE_LOOP('',(#265,#273,#274,#275));
#265 = ORIENTED_EDGE('',*,*,#266,.T.);
#266 = EDGE_CURVE('',#267,#243,#269,.T.);
#267 = VERTEX_POINT('',#268);
#268 = CARTESIAN_POINT('',(-5.9,1.5,0.));
#269 = LINE('',#270,#271);
#270 = CARTESIAN_POINT('',(-5.9,2.1,0.));
#271 = VECTOR('',#272,1.);
#272 = DIRECTION('',(0.,1.,0.));
#273 = ORIENTED_EDGE('',*,*,#252,.F.);
#274 = ORIENTED_EDGE('',*,*,#181,.F.);
#275 = ORIENTED_EDGE('',*,*,#276,.T.);
#276 = EDGE_CURVE('',#174,#267,#277,.T.);
#277 = LINE('',#278,#279);
#278 = CARTESIAN_POINT('',(-5.9,1.5,-2.85));
#279 = VECTOR('',#280,1.);
#280 = DIRECTION('',(0.,0.,1.));
#281 = PLANE('',#282);
#282 = AXIS2_PLACEMENT_3D('',#283,#284,#285);
#283 = CARTESIAN_POINT('',(-5.9,2.1,-2.85));
#284 = DIRECTION('',(1.,0.,0.));
#285 = DIRECTION('',(0.,0.,-1.));
#286 = ADVANCED_FACE('',(#287),#298,.F.);
#287 = FACE_BOUND('',#288,.T.);
#288 = EDGE_LOOP('',(#289,#295,#296,#297));
#289 = ORIENTED_EDGE('',*,*,#290,.T.);
#290 = EDGE_CURVE('',#214,#267,#291,.T.);
#291 = LINE('',#292,#293);
#292 = CARTESIAN_POINT('',(-5.9,1.5,0.));
#293 = VECTOR('',#294,1.);
#294 = DIRECTION('',(-1.,-2.891205793295E-15,-0.));
#295 = ORIENTED_EDGE('',*,*,#276,.F.);
#296 = ORIENTED_EDGE('',*,*,#171,.F.);
#297 = ORIENTED_EDGE('',*,*,#221,.T.);
#298 = PLANE('',#299);
#299 = AXIS2_PLACEMENT_3D('',#300,#301,#302);
#300 = CARTESIAN_POINT('',(-5.9,1.5,-2.85));
#301 = DIRECTION('',(-2.891205793295E-15,1.,0.));
#302 = DIRECTION('',(-1.,-2.891205793295E-15,0.));
#303 = ADVANCED_FACE('',(#304),#310,.T.);
#304 = FACE_BOUND('',#305,.T.);
#305 = EDGE_LOOP('',(#306,#307,#308,#309));
#306 = ORIENTED_EDGE('',*,*,#290,.F.);
#307 = ORIENTED_EDGE('',*,*,#211,.F.);
#308 = ORIENTED_EDGE('',*,*,#242,.F.);
#309 = ORIENTED_EDGE('',*,*,#266,.F.);
#310 = PLANE('',#311);
#311 = AXIS2_PLACEMENT_3D('',#312,#313,#314);
#312 = CARTESIAN_POINT('',(12.,11.4,0.));
#313 = DIRECTION('',(0.,0.,1.));
#314 = DIRECTION('',(1.,0.,0.));
#315 = MANIFOLD_SOLID_BREP('',#316);
#316 = CLOSED_SHELL('',(#317,#359,#401,#443,#485,#525,#1125,#1172,#1212,
    #1243,#1274,#1321,#1361,#1401,#1572,#1603,#1657,#1681,#1721,#1745,
    #1768,#1792,#1824,#1838,#1861,#1884,#1900,#1939,#1956,#1979,#1993,
    #2011,#2021,#2039,#2049,#2067,#2077,#2095,#2105,#2136,#2160,#2184,
    #2201,#2213,#2244,#2268,#2292,#2309,#2321,#2338,#2355,#2410,#2422,
    #2453,#2477,#2501,#2518,#2530,#2577,#3673,#3711,#3751,#3789,#3827,
    #3867,#3905,#3943,#3983,#4021,#4059,#4099,#4137,#4175,#4215,#4253,
    #4291,#4331,#4369,#4407,#4447,#4485,#4523,#4563,#4601,#4639,#4679,
    #4717,#4755,#4795,#4833,#4871,#4911,#4949,#4987,#5027,#5065,#5103,
    #5143,#5181,#5219,#5259,#5297,#5335,#5375,#5413,#5451,#5491,#5529,
    #5567,#5607,#5638,#5655,#5672,#5684,#5715,#5732,#5749,#5761,#5792,
    #5809,#5826,#5838,#5869,#5886,#5903,#5915,#5946,#5963,#5980,#5992,
    #6023,#6040,#6057,#6069,#6100,#6117,#6134,#6146,#6177,#6194,#6211,
    #6223,#6254,#6271,#6288,#6300,#6331,#6348,#6365,#6377,#6408,#6425,
    #6442,#6454,#6485,#6502,#6519,#6531,#6562,#6579,#6596,#6608,#6639,
    #6656,#6673,#6685,#6716,#6733,#6750,#6762,#6793,#6810,#6827,#6839,
    #6870,#6887,#6904,#6916,#6933,#6945,#6962,#6974,#6991,#7003,#7020,
    #7032,#7049,#7061,#7078,#7090,#7107,#7119,#7136,#7148,#7165,#7177,
    #7194,#7206,#7223,#7235,#7252,#7264,#7281,#7293,#7310,#7322,#7339,
    #7351,#7368,#7380,#7397,#7409,#7421,#7433,#7445,#7457,#7469,#7481,
    #7493,#7505,#7517,#7529,#7541,#7553,#7565,#7577,#7589,#7601,#7613));
#317 = ADVANCED_FACE('',(#318),#354,.T.);
#318 = FACE_BOUND('',#319,.T.);
#319 = EDGE_LOOP('',(#320,#331,#339,#348));
#320 = ORIENTED_EDGE('',*,*,#321,.F.);
#321 = EDGE_CURVE('',#322,#324,#326,.T.);
#322 = VERTEX_POINT('',#323);
#323 = CARTESIAN_POINT('',(31.7,-0.15,-0.9));
#324 = VERTEX_POINT('',#325);
#325 = CARTESIAN_POINT('',(32.5,-0.15,-0.9));
#326 = CIRCLE('',#327,0.4);
#327 = AXIS2_PLACEMENT_3D('',#328,#329,#330);
#328 = CARTESIAN_POINT('',(32.1,-0.15,-0.9));
#329 = DIRECTION('',(0.,0.,-1.));
#330 = DIRECTION('',(1.,0.,0.));
#331 = ORIENTED_EDGE('',*,*,#332,.T.);
#332 = EDGE_CURVE('',#322,#333,#335,.T.);
#333 = VERTEX_POINT('',#334);
#334 = CARTESIAN_POINT('',(31.7,-0.15,0.));
#335 = LINE('',#336,#337);
#336 = CARTESIAN_POINT('',(31.7,-0.15,-0.9));
#337 = VECTOR('',#338,1.);
#338 = DIRECTION('',(0.,0.,1.));
#339 = ORIENTED_EDGE('',*,*,#340,.T.);
#340 = EDGE_CURVE('',#333,#341,#343,.T.);
#341 = VERTEX_POINT('',#342);
#342 = CARTESIAN_POINT('',(32.5,-0.15,0.));
#343 = CIRCLE('',#344,0.4);
#344 = AXIS2_PLACEMENT_3D('',#345,#346,#347);
#345 = CARTESIAN_POINT('',(32.1,-0.15,0.));
#346 = DIRECTION('',(0.,0.,-1.));
#347 = DIRECTION('',(1.,0.,0.));
#348 = ORIENTED_EDGE('',*,*,#349,.F.);
#349 = EDGE_CURVE('',#324,#341,#350,.T.);
#350 = LINE('',#351,#352);
#351 = CARTESIAN_POINT('',(32.5,-0.15,-0.9));
#352 = VECTOR('',#353,1.);
#353 = DIRECTION('',(0.,0.,1.));
#354 = CYLINDRICAL_SURFACE('',#355,0.4);
#355 = AXIS2_PLACEMENT_3D('',#356,#357,#358);
#356 = CARTESIAN_POINT('',(32.1,-0.15,-0.9));
#357 = DIRECTION('',(0.,0.,1.));
#358 = DIRECTION('',(1.,0.,0.));
#359 = ADVANCED_FACE('',(#360),#396,.T.);
#360 = FACE_BOUND('',#361,.T.);
#361 = EDGE_LOOP('',(#362,#373,#381,#390));
#362 = ORIENTED_EDGE('',*,*,#363,.F.);
#363 = EDGE_CURVE('',#364,#366,#368,.T.);
#364 = VERTEX_POINT('',#365);
#365 = CARTESIAN_POINT('',(-8.5,-0.15,-0.9));
#366 = VERTEX_POINT('',#367);
#367 = CARTESIAN_POINT('',(-7.7,-0.15,-0.9));
#368 = CIRCLE('',#369,0.4);
#369 = AXIS2_PLACEMENT_3D('',#370,#371,#372);
#370 = CARTESIAN_POINT('',(-8.1,-0.15,-0.9));
#371 = DIRECTION('',(0.,0.,-1.));
#372 = DIRECTION('',(-1.,0.,0.));
#373 = ORIENTED_EDGE('',*,*,#374,.T.);
#374 = EDGE_CURVE('',#364,#375,#377,.T.);
#375 = VERTEX_POINT('',#376);
#376 = CARTESIAN_POINT('',(-8.5,-0.15,0.));
#377 = LINE('',#378,#379);
#378 = CARTESIAN_POINT('',(-8.5,-0.15,-0.9));
#379 = VECTOR('',#380,1.);
#380 = DIRECTION('',(0.,0.,1.));
#381 = ORIENTED_EDGE('',*,*,#382,.T.);
#382 = EDGE_CURVE('',#375,#383,#385,.T.);
#383 = VERTEX_POINT('',#384);
#384 = CARTESIAN_POINT('',(-7.7,-0.15,0.));
#385 = CIRCLE('',#386,0.4);
#386 = AXIS2_PLACEMENT_3D('',#387,#388,#389);
#387 = CARTESIAN_POINT('',(-8.1,-0.15,0.));
#388 = DIRECTION('',(0.,0.,-1.));
#389 = DIRECTION('',(1.,0.,0.));
#390 = ORIENTED_EDGE('',*,*,#391,.F.);
#391 = EDGE_CURVE('',#366,#383,#392,.T.);
#392 = LINE('',#393,#394);
#393 = CARTESIAN_POINT('',(-7.7,-0.15,-0.9));
#394 = VECTOR('',#395,1.);
#395 = DIRECTION('',(0.,0.,1.));
#396 = CYLINDRICAL_SURFACE('',#397,0.4);
#397 = AXIS2_PLACEMENT_3D('',#398,#399,#400);
#398 = CARTESIAN_POINT('',(-8.1,-0.15,-0.9));
#399 = DIRECTION('',(0.,0.,1.));
#400 = DIRECTION('',(1.,0.,0.));
#401 = ADVANCED_FACE('',(#402),#438,.T.);
#402 = FACE_BOUND('',#403,.T.);
#403 = EDGE_LOOP('',(#404,#415,#423,#432));
#404 = ORIENTED_EDGE('',*,*,#405,.F.);
#405 = EDGE_CURVE('',#406,#408,#410,.T.);
#406 = VERTEX_POINT('',#407);
#407 = CARTESIAN_POINT('',(-8.5,22.95,-0.9));
#408 = VERTEX_POINT('',#409);
#409 = CARTESIAN_POINT('',(-7.7,22.95,-0.9));
#410 = CIRCLE('',#411,0.4);
#411 = AXIS2_PLACEMENT_3D('',#412,#413,#414);
#412 = CARTESIAN_POINT('',(-8.1,22.95,-0.9));
#413 = DIRECTION('',(0.,0.,-1.));
#414 = DIRECTION('',(1.,0.,0.));
#415 = ORIENTED_EDGE('',*,*,#416,.T.);
#416 = EDGE_CURVE('',#406,#417,#419,.T.);
#417 = VERTEX_POINT('',#418);
#418 = CARTESIAN_POINT('',(-8.5,22.95,0.));
#419 = LINE('',#420,#421);
#420 = CARTESIAN_POINT('',(-8.5,22.95,-0.9));
#421 = VECTOR('',#422,1.);
#422 = DIRECTION('',(0.,0.,1.));
#423 = ORIENTED_EDGE('',*,*,#424,.T.);
#424 = EDGE_CURVE('',#417,#425,#427,.T.);
#425 = VERTEX_POINT('',#426);
#426 = CARTESIAN_POINT('',(-7.7,22.95,0.));
#427 = CIRCLE('',#428,0.4);
#428 = AXIS2_PLACEMENT_3D('',#429,#430,#431);
#429 = CARTESIAN_POINT('',(-8.1,22.95,0.));
#430 = DIRECTION('',(0.,0.,-1.));
#431 = DIRECTION('',(1.,0.,0.));
#432 = ORIENTED_EDGE('',*,*,#433,.F.);
#433 = EDGE_CURVE('',#408,#425,#434,.T.);
#434 = LINE('',#435,#436);
#435 = CARTESIAN_POINT('',(-7.7,22.95,-0.9));
#436 = VECTOR('',#437,1.);
#437 = DIRECTION('',(0.,0.,1.));
#438 = CYLINDRICAL_SURFACE('',#439,0.4);
#439 = AXIS2_PLACEMENT_3D('',#440,#441,#442);
#440 = CARTESIAN_POINT('',(-8.1,22.95,-0.9));
#441 = DIRECTION('',(0.,0.,1.));
#442 = DIRECTION('',(1.,0.,0.));
#443 = ADVANCED_FACE('',(#444),#480,.T.);
#444 = FACE_BOUND('',#445,.T.);
#445 = EDGE_LOOP('',(#446,#457,#465,#474));
#446 = ORIENTED_EDGE('',*,*,#447,.F.);
#447 = EDGE_CURVE('',#448,#450,#452,.T.);
#448 = VERTEX_POINT('',#449);
#449 = CARTESIAN_POINT('',(31.7,22.95,-0.9));
#450 = VERTEX_POINT('',#451);
#451 = CARTESIAN_POINT('',(32.5,22.95,-0.9));
#452 = CIRCLE('',#453,0.4);
#453 = AXIS2_PLACEMENT_3D('',#454,#455,#456);
#454 = CARTESIAN_POINT('',(32.1,22.95,-0.9));
#455 = DIRECTION('',(0.,0.,-1.));
#456 = DIRECTION('',(-1.,0.,0.));
#457 = ORIENTED_EDGE('',*,*,#458,.T.);
#458 = EDGE_CURVE('',#448,#459,#461,.T.);
#459 = VERTEX_POINT('',#460);
#460 = CARTESIAN_POINT('',(31.7,22.95,0.));
#461 = LINE('',#462,#463);
#462 = CARTESIAN_POINT('',(31.7,22.95,-0.9));
#463 = VECTOR('',#464,1.);
#464 = DIRECTION('',(0.,0.,1.));
#465 = ORIENTED_EDGE('',*,*,#466,.T.);
#466 = EDGE_CURVE('',#459,#467,#469,.T.);
#467 = VERTEX_POINT('',#468);
#468 = CARTESIAN_POINT('',(32.5,22.95,0.));
#469 = CIRCLE('',#470,0.4);
#470 = AXIS2_PLACEMENT_3D('',#471,#472,#473);
#471 = CARTESIAN_POINT('',(32.1,22.95,0.));
#472 = DIRECTION('',(0.,0.,-1.));
#473 = DIRECTION('',(1.,0.,0.));
#474 = ORIENTED_EDGE('',*,*,#475,.F.);
#475 = EDGE_CURVE('',#450,#467,#476,.T.);
#476 = LINE('',#477,#478);
#477 = CARTESIAN_POINT('',(32.5,22.95,-0.9));
#478 = VECTOR('',#479,1.);
#479 = DIRECTION('',(0.,0.,1.));
#480 = CYLINDRICAL_SURFACE('',#481,0.4);
#481 = AXIS2_PLACEMENT_3D('',#482,#483,#484);
#482 = CARTESIAN_POINT('',(32.1,22.95,-0.9));
#483 = DIRECTION('',(0.,0.,1.));
#484 = DIRECTION('',(1.,0.,0.));
#485 = ADVANCED_FACE('',(#486),#520,.F.);
#486 = FACE_BOUND('',#487,.T.);
#487 = EDGE_LOOP('',(#488,#498,#506,#514));
#488 = ORIENTED_EDGE('',*,*,#489,.T.);
#489 = EDGE_CURVE('',#490,#492,#494,.T.);
#490 = VERTEX_POINT('',#491);
#491 = CARTESIAN_POINT('',(27.7,1.55,0.));
#492 = VERTEX_POINT('',#493);
#493 = CARTESIAN_POINT('',(27.7,1.55,1.7));
#494 = LINE('',#495,#496);
#495 = CARTESIAN_POINT('',(27.7,1.55,0.));
#496 = VECTOR('',#497,1.);
#497 = DIRECTION('',(0.,0.,1.));
#498 = ORIENTED_EDGE('',*,*,#499,.F.);
#499 = EDGE_CURVE('',#500,#492,#502,.T.);
#500 = VERTEX_POINT('',#501);
#501 = CARTESIAN_POINT('',(-3.7,1.55,1.7));
#502 = LINE('',#503,#504);
#503 = CARTESIAN_POINT('',(1.,1.55,1.7));
#504 = VECTOR('',#505,1.);
#505 = DIRECTION('',(1.,0.,-2.168404344971E-16));
#506 = ORIENTED_EDGE('',*,*,#507,.F.);
#507 = EDGE_CURVE('',#508,#500,#510,.T.);
#508 = VERTEX_POINT('',#509);
#509 = CARTESIAN_POINT('',(-3.7,1.55,0.));
#510 = LINE('',#511,#512);
#511 = CARTESIAN_POINT('',(-3.7,1.55,0.));
#512 = VECTOR('',#513,1.);
#513 = DIRECTION('',(0.,0.,1.));
#514 = ORIENTED_EDGE('',*,*,#515,.F.);
#515 = EDGE_CURVE('',#490,#508,#516,.T.);
#516 = LINE('',#517,#518);
#517 = CARTESIAN_POINT('',(-3.7,1.55,0.));
#518 = VECTOR('',#519,1.);
#519 = DIRECTION('',(-1.,-0.,-0.));
#520 = PLANE('',#521);
#521 = AXIS2_PLACEMENT_3D('',#522,#523,#524);
#522 = CARTESIAN_POINT('',(-3.7,1.55,0.));
#523 = DIRECTION('',(0.,1.,0.));
#524 = DIRECTION('',(0.,0.,1.));
#525 = ADVANCED_FACE('',(#526),#1120,.T.);
#526 = FACE_BOUND('',#527,.T.);
#527 = EDGE_LOOP('',(#528,#538,#546,#554,#562,#570,#578,#586,#594,#602,
    #610,#618,#626,#634,#642,#650,#658,#666,#674,#682,#690,#698,#706,
    #714,#722,#730,#738,#746,#754,#762,#770,#778,#786,#794,#802,#810,
    #818,#826,#834,#842,#850,#858,#866,#874,#882,#890,#898,#906,#914,
    #922,#930,#938,#946,#954,#962,#970,#978,#986,#994,#1002,#1010,#1018,
    #1026,#1034,#1042,#1050,#1058,#1066,#1074,#1082,#1090,#1098,#1106,
    #1114));
#528 = ORIENTED_EDGE('',*,*,#529,.T.);
#529 = EDGE_CURVE('',#530,#532,#534,.T.);
#530 = VERTEX_POINT('',#531);
#531 = CARTESIAN_POINT('',(-0.5,0.15,3.7));
#532 = VERTEX_POINT('',#533);
#533 = CARTESIAN_POINT('',(-0.5,1.55,3.7));
#534 = LINE('',#535,#536);
#535 = CARTESIAN_POINT('',(-0.5,1.55,3.7));
#536 = VECTOR('',#537,1.);
#537 = DIRECTION('',(-1.239088197126E-15,1.,0.));
#538 = ORIENTED_EDGE('',*,*,#539,.F.);
#539 = EDGE_CURVE('',#540,#532,#542,.T.);
#540 = VERTEX_POINT('',#541);
#541 = CARTESIAN_POINT('',(0.5,1.55,3.7));
#542 = LINE('',#543,#544);
#543 = CARTESIAN_POINT('',(-0.5,1.55,3.7));
#544 = VECTOR('',#545,1.);
#545 = DIRECTION('',(-1.,1.682681771698E-13,0.));
#546 = ORIENTED_EDGE('',*,*,#547,.T.);
#547 = EDGE_CURVE('',#540,#548,#550,.T.);
#548 = VERTEX_POINT('',#549);
#549 = CARTESIAN_POINT('',(0.5,0.15,3.7));
#550 = LINE('',#551,#552);
#551 = CARTESIAN_POINT('',(0.5,0.15,3.7));
#552 = VECTOR('',#553,1.);
#553 = DIRECTION('',(4.956352788505E-15,-1.,0.));
#554 = ORIENTED_EDGE('',*,*,#555,.T.);
#555 = EDGE_CURVE('',#548,#556,#558,.T.);
#556 = VERTEX_POINT('',#557);
#557 = CARTESIAN_POINT('',(1.,0.15,3.7));
#558 = LINE('',#559,#560);
#559 = CARTESIAN_POINT('',(1.,0.15,3.7));
#560 = VECTOR('',#561,1.);
#561 = DIRECTION('',(1.,0.,0.));
#562 = ORIENTED_EDGE('',*,*,#563,.T.);
#563 = EDGE_CURVE('',#556,#564,#566,.T.);
#564 = VERTEX_POINT('',#565);
#565 = CARTESIAN_POINT('',(1.,1.55,3.7));
#566 = LINE('',#567,#568);
#567 = CARTESIAN_POINT('',(1.,1.55,3.7));
#568 = VECTOR('',#569,1.);
#569 = DIRECTION('',(-1.239088197126E-15,1.,0.));
#570 = ORIENTED_EDGE('',*,*,#571,.F.);
#571 = EDGE_CURVE('',#572,#564,#574,.T.);
#572 = VERTEX_POINT('',#573);
#573 = CARTESIAN_POINT('',(2.,1.55,3.7));
#574 = LINE('',#575,#576);
#575 = CARTESIAN_POINT('',(1.,1.55,3.7));
#576 = VECTOR('',#577,1.);
#577 = DIRECTION('',(-1.,-0.,-0.));
#578 = ORIENTED_EDGE('',*,*,#579,.T.);
#579 = EDGE_CURVE('',#572,#580,#582,.T.);
#580 = VERTEX_POINT('',#581);
#581 = CARTESIAN_POINT('',(2.,0.15,3.7));
#582 = LINE('',#583,#584);
#583 = CARTESIAN_POINT('',(2.,0.15,3.7));
#584 = VECTOR('',#585,1.);
#585 = DIRECTION('',(4.956352788505E-15,-1.,0.));
#586 = ORIENTED_EDGE('',*,*,#587,.T.);
#587 = EDGE_CURVE('',#580,#588,#590,.T.);
#588 = VERTEX_POINT('',#589);
#589 = CARTESIAN_POINT('',(2.5,0.15,3.7));
#590 = LINE('',#591,#592);
#591 = CARTESIAN_POINT('',(2.5,0.15,3.7));
#592 = VECTOR('',#593,1.);
#593 = DIRECTION('',(1.,0.,0.));
#594 = ORIENTED_EDGE('',*,*,#595,.T.);
#595 = EDGE_CURVE('',#588,#596,#598,.T.);
#596 = VERTEX_POINT('',#597);
#597 = CARTESIAN_POINT('',(2.5,1.55,3.7));
#598 = LINE('',#599,#600);
#599 = CARTESIAN_POINT('',(2.5,1.55,3.7));
#600 = VECTOR('',#601,1.);
#601 = DIRECTION('',(-1.239088197126E-15,1.,0.));
#602 = ORIENTED_EDGE('',*,*,#603,.F.);
#603 = EDGE_CURVE('',#604,#596,#606,.T.);
#604 = VERTEX_POINT('',#605);
#605 = CARTESIAN_POINT('',(3.5,1.55,3.7));
#606 = LINE('',#607,#608);
#607 = CARTESIAN_POINT('',(2.5,1.55,3.7));
#608 = VECTOR('',#609,1.);
#609 = DIRECTION('',(-1.,-0.,-0.));
#610 = ORIENTED_EDGE('',*,*,#611,.T.);
#611 = EDGE_CURVE('',#604,#612,#614,.T.);
#612 = VERTEX_POINT('',#613);
#613 = CARTESIAN_POINT('',(3.5,0.15,3.7));
#614 = LINE('',#615,#616);
#615 = CARTESIAN_POINT('',(3.5,0.15,3.7));
#616 = VECTOR('',#617,1.);
#617 = DIRECTION('',(4.956352788505E-15,-1.,0.));
#618 = ORIENTED_EDGE('',*,*,#619,.T.);
#619 = EDGE_CURVE('',#612,#620,#622,.T.);
#620 = VERTEX_POINT('',#621);
#621 = CARTESIAN_POINT('',(4.,0.15,3.7));
#622 = LINE('',#623,#624);
#623 = CARTESIAN_POINT('',(4.,0.15,3.7));
#624 = VECTOR('',#625,1.);
#625 = DIRECTION('',(1.,0.,0.));
#626 = ORIENTED_EDGE('',*,*,#627,.T.);
#627 = EDGE_CURVE('',#620,#628,#630,.T.);
#628 = VERTEX_POINT('',#629);
#629 = CARTESIAN_POINT('',(4.,1.55,3.7));
#630 = LINE('',#631,#632);
#631 = CARTESIAN_POINT('',(4.,1.55,3.7));
#632 = VECTOR('',#633,1.);
#633 = DIRECTION('',(-2.478176394253E-15,1.,0.));
#634 = ORIENTED_EDGE('',*,*,#635,.F.);
#635 = EDGE_CURVE('',#636,#628,#638,.T.);
#636 = VERTEX_POINT('',#637);
#637 = CARTESIAN_POINT('',(5.,1.55,3.7));
#638 = LINE('',#639,#640);
#639 = CARTESIAN_POINT('',(4.,1.55,3.7));
#640 = VECTOR('',#641,1.);
#641 = DIRECTION('',(-1.,-0.,-0.));
#642 = ORIENTED_EDGE('',*,*,#643,.T.);
#643 = EDGE_CURVE('',#636,#644,#646,.T.);
#644 = VERTEX_POINT('',#645);
#645 = CARTESIAN_POINT('',(5.,0.15,3.7));
#646 = LINE('',#647,#648);
#647 = CARTESIAN_POINT('',(5.,0.15,3.7));
#648 = VECTOR('',#649,1.);
#649 = DIRECTION('',(4.956352788505E-15,-1.,0.));
#650 = ORIENTED_EDGE('',*,*,#651,.T.);
#651 = EDGE_CURVE('',#644,#652,#654,.T.);
#652 = VERTEX_POINT('',#653);
#653 = CARTESIAN_POINT('',(5.5,0.15,3.7));
#654 = LINE('',#655,#656);
#655 = CARTESIAN_POINT('',(5.5,0.15,3.7));
#656 = VECTOR('',#657,1.);
#657 = DIRECTION('',(1.,0.,0.));
#658 = ORIENTED_EDGE('',*,*,#659,.T.);
#659 = EDGE_CURVE('',#652,#660,#662,.T.);
#660 = VERTEX_POINT('',#661);
#661 = CARTESIAN_POINT('',(5.5,1.55,3.7));
#662 = LINE('',#663,#664);
#663 = CARTESIAN_POINT('',(5.5,1.55,3.7));
#664 = VECTOR('',#665,1.);
#665 = DIRECTION('',(-1.239088197126E-15,1.,0.));
#666 = ORIENTED_EDGE('',*,*,#667,.F.);
#667 = EDGE_CURVE('',#668,#660,#670,.T.);
#668 = VERTEX_POINT('',#669);
#669 = CARTESIAN_POINT('',(6.5,1.55,3.7));
#670 = LINE('',#671,#672);
#671 = CARTESIAN_POINT('',(5.5,1.55,3.7));
#672 = VECTOR('',#673,1.);
#673 = DIRECTION('',(-1.,-0.,-0.));
#674 = ORIENTED_EDGE('',*,*,#675,.T.);
#675 = EDGE_CURVE('',#668,#676,#678,.T.);
#676 = VERTEX_POINT('',#677);
#677 = CARTESIAN_POINT('',(6.5,0.15,3.7));
#678 = LINE('',#679,#680);
#679 = CARTESIAN_POINT('',(6.5,0.15,3.7));
#680 = VECTOR('',#681,1.);
#681 = DIRECTION('',(4.956352788505E-15,-1.,0.));
#682 = ORIENTED_EDGE('',*,*,#683,.T.);
#683 = EDGE_CURVE('',#676,#684,#686,.T.);
#684 = VERTEX_POINT('',#685);
#685 = CARTESIAN_POINT('',(7.,0.15,3.7));
#686 = LINE('',#687,#688);
#687 = CARTESIAN_POINT('',(7.,0.15,3.7));
#688 = VECTOR('',#689,1.);
#689 = DIRECTION('',(1.,0.,0.));
#690 = ORIENTED_EDGE('',*,*,#691,.T.);
#691 = EDGE_CURVE('',#684,#692,#694,.T.);
#692 = VERTEX_POINT('',#693);
#693 = CARTESIAN_POINT('',(7.,1.55,3.7));
#694 = LINE('',#695,#696);
#695 = CARTESIAN_POINT('',(7.,1.55,3.7));
#696 = VECTOR('',#697,1.);
#697 = DIRECTION('',(-1.239088197126E-15,1.,0.));
#698 = ORIENTED_EDGE('',*,*,#699,.F.);
#699 = EDGE_CURVE('',#700,#692,#702,.T.);
#700 = VERTEX_POINT('',#701);
#701 = CARTESIAN_POINT('',(8.,1.55,3.7));
#702 = LINE('',#703,#704);
#703 = CARTESIAN_POINT('',(7.,1.55,3.7));
#704 = VECTOR('',#705,1.);
#705 = DIRECTION('',(-1.,-0.,-0.));
#706 = ORIENTED_EDGE('',*,*,#707,.T.);
#707 = EDGE_CURVE('',#700,#708,#710,.T.);
#708 = VERTEX_POINT('',#709);
#709 = CARTESIAN_POINT('',(8.,0.15,3.7));
#710 = LINE('',#711,#712);
#711 = CARTESIAN_POINT('',(8.,0.15,3.7));
#712 = VECTOR('',#713,1.);
#713 = DIRECTION('',(4.956352788505E-15,-1.,0.));
#714 = ORIENTED_EDGE('',*,*,#715,.T.);
#715 = EDGE_CURVE('',#708,#716,#718,.T.);
#716 = VERTEX_POINT('',#717);
#717 = CARTESIAN_POINT('',(8.5,0.15,3.7));
#718 = LINE('',#719,#720);
#719 = CARTESIAN_POINT('',(8.5,0.15,3.7));
#720 = VECTOR('',#721,1.);
#721 = DIRECTION('',(1.,0.,0.));
#722 = ORIENTED_EDGE('',*,*,#723,.T.);
#723 = EDGE_CURVE('',#716,#724,#726,.T.);
#724 = VERTEX_POINT('',#725);
#725 = CARTESIAN_POINT('',(8.5,1.55,3.7));
#726 = LINE('',#727,#728);
#727 = CARTESIAN_POINT('',(8.5,1.55,3.7));
#728 = VECTOR('',#729,1.);
#729 = DIRECTION('',(-1.239088197126E-15,1.,0.));
#730 = ORIENTED_EDGE('',*,*,#731,.F.);
#731 = EDGE_CURVE('',#732,#724,#734,.T.);
#732 = VERTEX_POINT('',#733);
#733 = CARTESIAN_POINT('',(9.5,1.55,3.7));
#734 = LINE('',#735,#736);
#735 = CARTESIAN_POINT('',(8.5,1.55,3.7));
#736 = VECTOR('',#737,1.);
#737 = DIRECTION('',(-1.,-0.,-0.));
#738 = ORIENTED_EDGE('',*,*,#739,.T.);
#739 = EDGE_CURVE('',#732,#740,#742,.T.);
#740 = VERTEX_POINT('',#741);
#741 = CARTESIAN_POINT('',(9.5,0.15,3.7));
#742 = LINE('',#743,#744);
#743 = CARTESIAN_POINT('',(9.5,0.15,3.7));
#744 = VECTOR('',#745,1.);
#745 = DIRECTION('',(4.956352788505E-15,-1.,0.));
#746 = ORIENTED_EDGE('',*,*,#747,.T.);
#747 = EDGE_CURVE('',#740,#748,#750,.T.);
#748 = VERTEX_POINT('',#749);
#749 = CARTESIAN_POINT('',(10.,0.15,3.7));
#750 = LINE('',#751,#752);
#751 = CARTESIAN_POINT('',(10.,0.15,3.7));
#752 = VECTOR('',#753,1.);
#753 = DIRECTION('',(1.,0.,0.));
#754 = ORIENTED_EDGE('',*,*,#755,.T.);
#755 = EDGE_CURVE('',#748,#756,#758,.T.);
#756 = VERTEX_POINT('',#757);
#757 = CARTESIAN_POINT('',(10.,1.55,3.7));
#758 = LINE('',#759,#760);
#759 = CARTESIAN_POINT('',(10.,1.55,3.7));
#760 = VECTOR('',#761,1.);
#761 = DIRECTION('',(-1.239088197126E-15,1.,0.));
#762 = ORIENTED_EDGE('',*,*,#763,.F.);
#763 = EDGE_CURVE('',#764,#756,#766,.T.);
#764 = VERTEX_POINT('',#765);
#765 = CARTESIAN_POINT('',(11.,1.55,3.7));
#766 = LINE('',#767,#768);
#767 = CARTESIAN_POINT('',(10.,1.55,3.7));
#768 = VECTOR('',#769,1.);
#769 = DIRECTION('',(-1.,-0.,-0.));
#770 = ORIENTED_EDGE('',*,*,#771,.T.);
#771 = EDGE_CURVE('',#764,#772,#774,.T.);
#772 = VERTEX_POINT('',#773);
#773 = CARTESIAN_POINT('',(11.,0.15,3.7));
#774 = LINE('',#775,#776);
#775 = CARTESIAN_POINT('',(11.,0.15,3.7));
#776 = VECTOR('',#777,1.);
#777 = DIRECTION('',(4.956352788505E-15,-1.,0.));
#778 = ORIENTED_EDGE('',*,*,#779,.T.);
#779 = EDGE_CURVE('',#772,#780,#782,.T.);
#780 = VERTEX_POINT('',#781);
#781 = CARTESIAN_POINT('',(11.5,0.15,3.7));
#782 = LINE('',#783,#784);
#783 = CARTESIAN_POINT('',(11.5,0.15,3.7));
#784 = VECTOR('',#785,1.);
#785 = DIRECTION('',(1.,0.,0.));
#786 = ORIENTED_EDGE('',*,*,#787,.T.);
#787 = EDGE_CURVE('',#780,#788,#790,.T.);
#788 = VERTEX_POINT('',#789);
#789 = CARTESIAN_POINT('',(11.5,1.55,3.7));
#790 = LINE('',#791,#792);
#791 = CARTESIAN_POINT('',(11.5,1.55,3.7));
#792 = VECTOR('',#793,1.);
#793 = DIRECTION('',(-1.239088197126E-15,1.,0.));
#794 = ORIENTED_EDGE('',*,*,#795,.F.);
#795 = EDGE_CURVE('',#796,#788,#798,.T.);
#796 = VERTEX_POINT('',#797);
#797 = CARTESIAN_POINT('',(12.5,1.55,3.7));
#798 = LINE('',#799,#800);
#799 = CARTESIAN_POINT('',(11.5,1.55,3.7));
#800 = VECTOR('',#801,1.);
#801 = DIRECTION('',(-1.,-0.,-0.));
#802 = ORIENTED_EDGE('',*,*,#803,.T.);
#803 = EDGE_CURVE('',#796,#804,#806,.T.);
#804 = VERTEX_POINT('',#805);
#805 = CARTESIAN_POINT('',(12.5,0.15,3.7));
#806 = LINE('',#807,#808);
#807 = CARTESIAN_POINT('',(12.5,0.15,3.7));
#808 = VECTOR('',#809,1.);
#809 = DIRECTION('',(4.956352788505E-15,-1.,0.));
#810 = ORIENTED_EDGE('',*,*,#811,.T.);
#811 = EDGE_CURVE('',#804,#812,#814,.T.);
#812 = VERTEX_POINT('',#813);
#813 = CARTESIAN_POINT('',(13.,0.15,3.7));
#814 = LINE('',#815,#816);
#815 = CARTESIAN_POINT('',(13.,0.15,3.7));
#816 = VECTOR('',#817,1.);
#817 = DIRECTION('',(1.,0.,0.));
#818 = ORIENTED_EDGE('',*,*,#819,.T.);
#819 = EDGE_CURVE('',#812,#820,#822,.T.);
#820 = VERTEX_POINT('',#821);
#821 = CARTESIAN_POINT('',(13.,1.55,3.7));
#822 = LINE('',#823,#824);
#823 = CARTESIAN_POINT('',(13.,1.55,3.7));
#824 = VECTOR('',#825,1.);
#825 = DIRECTION('',(-1.239088197126E-15,1.,0.));
#826 = ORIENTED_EDGE('',*,*,#827,.F.);
#827 = EDGE_CURVE('',#828,#820,#830,.T.);
#828 = VERTEX_POINT('',#829);
#829 = CARTESIAN_POINT('',(14.,1.55,3.7));
#830 = LINE('',#831,#832);
#831 = CARTESIAN_POINT('',(13.,1.55,3.7));
#832 = VECTOR('',#833,1.);
#833 = DIRECTION('',(-1.,-0.,-0.));
#834 = ORIENTED_EDGE('',*,*,#835,.T.);
#835 = EDGE_CURVE('',#828,#836,#838,.T.);
#836 = VERTEX_POINT('',#837);
#837 = CARTESIAN_POINT('',(14.,0.15,3.7));
#838 = LINE('',#839,#840);
#839 = CARTESIAN_POINT('',(14.,0.15,3.7));
#840 = VECTOR('',#841,1.);
#841 = DIRECTION('',(4.956352788505E-15,-1.,0.));
#842 = ORIENTED_EDGE('',*,*,#843,.T.);
#843 = EDGE_CURVE('',#836,#844,#846,.T.);
#844 = VERTEX_POINT('',#845);
#845 = CARTESIAN_POINT('',(14.5,0.15,3.7));
#846 = LINE('',#847,#848);
#847 = CARTESIAN_POINT('',(14.5,0.15,3.7));
#848 = VECTOR('',#849,1.);
#849 = DIRECTION('',(1.,0.,0.));
#850 = ORIENTED_EDGE('',*,*,#851,.T.);
#851 = EDGE_CURVE('',#844,#852,#854,.T.);
#852 = VERTEX_POINT('',#853);
#853 = CARTESIAN_POINT('',(14.5,1.55,3.7));
#854 = LINE('',#855,#856);
#855 = CARTESIAN_POINT('',(14.5,1.55,3.7));
#856 = VECTOR('',#857,1.);
#857 = DIRECTION('',(-1.239088197126E-15,1.,0.));
#858 = ORIENTED_EDGE('',*,*,#859,.F.);
#859 = EDGE_CURVE('',#860,#852,#862,.T.);
#860 = VERTEX_POINT('',#861);
#861 = CARTESIAN_POINT('',(15.5,1.55,3.7));
#862 = LINE('',#863,#864);
#863 = CARTESIAN_POINT('',(14.5,1.55,3.7));
#864 = VECTOR('',#865,1.);
#865 = DIRECTION('',(-1.,-0.,-0.));
#866 = ORIENTED_EDGE('',*,*,#867,.T.);
#867 = EDGE_CURVE('',#860,#868,#870,.T.);
#868 = VERTEX_POINT('',#869);
#869 = CARTESIAN_POINT('',(15.5,0.15,3.7));
#870 = LINE('',#871,#872);
#871 = CARTESIAN_POINT('',(15.5,0.15,3.7));
#872 = VECTOR('',#873,1.);
#873 = DIRECTION('',(4.956352788505E-15,-1.,0.));
#874 = ORIENTED_EDGE('',*,*,#875,.T.);
#875 = EDGE_CURVE('',#868,#876,#878,.T.);
#876 = VERTEX_POINT('',#877);
#877 = CARTESIAN_POINT('',(16.,0.15,3.7));
#878 = LINE('',#879,#880);
#879 = CARTESIAN_POINT('',(16.,0.15,3.7));
#880 = VECTOR('',#881,1.);
#881 = DIRECTION('',(1.,0.,0.));
#882 = ORIENTED_EDGE('',*,*,#883,.T.);
#883 = EDGE_CURVE('',#876,#884,#886,.T.);
#884 = VERTEX_POINT('',#885);
#885 = CARTESIAN_POINT('',(16.,1.55,3.7));
#886 = LINE('',#887,#888);
#887 = CARTESIAN_POINT('',(16.,1.55,3.7));
#888 = VECTOR('',#889,1.);
#889 = DIRECTION('',(-1.239088197126E-15,1.,0.));
#890 = ORIENTED_EDGE('',*,*,#891,.F.);
#891 = EDGE_CURVE('',#892,#884,#894,.T.);
#892 = VERTEX_POINT('',#893);
#893 = CARTESIAN_POINT('',(17.,1.55,3.7));
#894 = LINE('',#895,#896);
#895 = CARTESIAN_POINT('',(16.,1.55,3.7));
#896 = VECTOR('',#897,1.);
#897 = DIRECTION('',(-1.,-0.,-0.));
#898 = ORIENTED_EDGE('',*,*,#899,.T.);
#899 = EDGE_CURVE('',#892,#900,#902,.T.);
#900 = VERTEX_POINT('',#901);
#901 = CARTESIAN_POINT('',(17.,0.15,3.7));
#902 = LINE('',#903,#904);
#903 = CARTESIAN_POINT('',(17.,0.15,3.7));
#904 = VECTOR('',#905,1.);
#905 = DIRECTION('',(4.956352788505E-15,-1.,0.));
#906 = ORIENTED_EDGE('',*,*,#907,.T.);
#907 = EDGE_CURVE('',#900,#908,#910,.T.);
#908 = VERTEX_POINT('',#909);
#909 = CARTESIAN_POINT('',(17.5,0.15,3.7));
#910 = LINE('',#911,#912);
#911 = CARTESIAN_POINT('',(17.5,0.15,3.7));
#912 = VECTOR('',#913,1.);
#913 = DIRECTION('',(1.,0.,0.));
#914 = ORIENTED_EDGE('',*,*,#915,.T.);
#915 = EDGE_CURVE('',#908,#916,#918,.T.);
#916 = VERTEX_POINT('',#917);
#917 = CARTESIAN_POINT('',(17.5,1.55,3.7));
#918 = LINE('',#919,#920);
#919 = CARTESIAN_POINT('',(17.5,1.55,3.7));
#920 = VECTOR('',#921,1.);
#921 = DIRECTION('',(-1.239088197126E-15,1.,0.));
#922 = ORIENTED_EDGE('',*,*,#923,.F.);
#923 = EDGE_CURVE('',#924,#916,#926,.T.);
#924 = VERTEX_POINT('',#925);
#925 = CARTESIAN_POINT('',(18.5,1.55,3.7));
#926 = LINE('',#927,#928);
#927 = CARTESIAN_POINT('',(17.5,1.55,3.7));
#928 = VECTOR('',#929,1.);
#929 = DIRECTION('',(-1.,-0.,-0.));
#930 = ORIENTED_EDGE('',*,*,#931,.T.);
#931 = EDGE_CURVE('',#924,#932,#934,.T.);
#932 = VERTEX_POINT('',#933);
#933 = CARTESIAN_POINT('',(18.5,0.15,3.7));
#934 = LINE('',#935,#936);
#935 = CARTESIAN_POINT('',(18.5,0.15,3.7));
#936 = VECTOR('',#937,1.);
#937 = DIRECTION('',(4.956352788505E-15,-1.,0.));
#938 = ORIENTED_EDGE('',*,*,#939,.T.);
#939 = EDGE_CURVE('',#932,#940,#942,.T.);
#940 = VERTEX_POINT('',#941);
#941 = CARTESIAN_POINT('',(19.,0.15,3.7));
#942 = LINE('',#943,#944);
#943 = CARTESIAN_POINT('',(19.,0.15,3.7));
#944 = VECTOR('',#945,1.);
#945 = DIRECTION('',(1.,0.,0.));
#946 = ORIENTED_EDGE('',*,*,#947,.T.);
#947 = EDGE_CURVE('',#940,#948,#950,.T.);
#948 = VERTEX_POINT('',#949);
#949 = CARTESIAN_POINT('',(19.,1.55,3.7));
#950 = LINE('',#951,#952);
#951 = CARTESIAN_POINT('',(19.,1.55,3.7));
#952 = VECTOR('',#953,1.);
#953 = DIRECTION('',(-1.239088197126E-15,1.,0.));
#954 = ORIENTED_EDGE('',*,*,#955,.F.);
#955 = EDGE_CURVE('',#956,#948,#958,.T.);
#956 = VERTEX_POINT('',#957);
#957 = CARTESIAN_POINT('',(20.,1.55,3.7));
#958 = LINE('',#959,#960);
#959 = CARTESIAN_POINT('',(19.,1.55,3.7));
#960 = VECTOR('',#961,1.);
#961 = DIRECTION('',(-1.,-0.,-0.));
#962 = ORIENTED_EDGE('',*,*,#963,.T.);
#963 = EDGE_CURVE('',#956,#964,#966,.T.);
#964 = VERTEX_POINT('',#965);
#965 = CARTESIAN_POINT('',(20.,0.15,3.7));
#966 = LINE('',#967,#968);
#967 = CARTESIAN_POINT('',(20.,0.15,3.7));
#968 = VECTOR('',#969,1.);
#969 = DIRECTION('',(4.956352788505E-15,-1.,0.));
#970 = ORIENTED_EDGE('',*,*,#971,.T.);
#971 = EDGE_CURVE('',#964,#972,#974,.T.);
#972 = VERTEX_POINT('',#973);
#973 = CARTESIAN_POINT('',(20.5,0.15,3.7));
#974 = LINE('',#975,#976);
#975 = CARTESIAN_POINT('',(20.5,0.15,3.7));
#976 = VECTOR('',#977,1.);
#977 = DIRECTION('',(1.,0.,0.));
#978 = ORIENTED_EDGE('',*,*,#979,.T.);
#979 = EDGE_CURVE('',#972,#980,#982,.T.);
#980 = VERTEX_POINT('',#981);
#981 = CARTESIAN_POINT('',(20.5,1.55,3.7));
#982 = LINE('',#983,#984);
#983 = CARTESIAN_POINT('',(20.5,1.55,3.7));
#984 = VECTOR('',#985,1.);
#985 = DIRECTION('',(-1.239088197126E-15,1.,0.));
#986 = ORIENTED_EDGE('',*,*,#987,.F.);
#987 = EDGE_CURVE('',#988,#980,#990,.T.);
#988 = VERTEX_POINT('',#989);
#989 = CARTESIAN_POINT('',(21.5,1.55,3.7));
#990 = LINE('',#991,#992);
#991 = CARTESIAN_POINT('',(20.5,1.55,3.7));
#992 = VECTOR('',#993,1.);
#993 = DIRECTION('',(-1.,-0.,-0.));
#994 = ORIENTED_EDGE('',*,*,#995,.T.);
#995 = EDGE_CURVE('',#988,#996,#998,.T.);
#996 = VERTEX_POINT('',#997);
#997 = CARTESIAN_POINT('',(21.5,0.15,3.7));
#998 = LINE('',#999,#1000);
#999 = CARTESIAN_POINT('',(21.5,0.15,3.7));
#1000 = VECTOR('',#1001,1.);
#1001 = DIRECTION('',(4.956352788505E-15,-1.,0.));
#1002 = ORIENTED_EDGE('',*,*,#1003,.T.);
#1003 = EDGE_CURVE('',#996,#1004,#1006,.T.);
#1004 = VERTEX_POINT('',#1005);
#1005 = CARTESIAN_POINT('',(22.,0.15,3.7));
#1006 = LINE('',#1007,#1008);
#1007 = CARTESIAN_POINT('',(22.,0.15,3.7));
#1008 = VECTOR('',#1009,1.);
#1009 = DIRECTION('',(1.,0.,0.));
#1010 = ORIENTED_EDGE('',*,*,#1011,.T.);
#1011 = EDGE_CURVE('',#1004,#1012,#1014,.T.);
#1012 = VERTEX_POINT('',#1013);
#1013 = CARTESIAN_POINT('',(22.,1.55,3.7));
#1014 = LINE('',#1015,#1016);
#1015 = CARTESIAN_POINT('',(22.,1.55,3.7));
#1016 = VECTOR('',#1017,1.);
#1017 = DIRECTION('',(-1.239088197126E-15,1.,0.));
#1018 = ORIENTED_EDGE('',*,*,#1019,.F.);
#1019 = EDGE_CURVE('',#1020,#1012,#1022,.T.);
#1020 = VERTEX_POINT('',#1021);
#1021 = CARTESIAN_POINT('',(23.,1.55,3.7));
#1022 = LINE('',#1023,#1024);
#1023 = CARTESIAN_POINT('',(22.,1.55,3.7));
#1024 = VECTOR('',#1025,1.);
#1025 = DIRECTION('',(-1.,-0.,-0.));
#1026 = ORIENTED_EDGE('',*,*,#1027,.T.);
#1027 = EDGE_CURVE('',#1020,#1028,#1030,.T.);
#1028 = VERTEX_POINT('',#1029);
#1029 = CARTESIAN_POINT('',(23.,0.15,3.7));
#1030 = LINE('',#1031,#1032);
#1031 = CARTESIAN_POINT('',(23.,0.15,3.7));
#1032 = VECTOR('',#1033,1.);
#1033 = DIRECTION('',(4.956352788505E-15,-1.,0.));
#1034 = ORIENTED_EDGE('',*,*,#1035,.T.);
#1035 = EDGE_CURVE('',#1028,#1036,#1038,.T.);
#1036 = VERTEX_POINT('',#1037);
#1037 = CARTESIAN_POINT('',(23.5,0.15,3.7));
#1038 = LINE('',#1039,#1040);
#1039 = CARTESIAN_POINT('',(23.5,0.15,3.7));
#1040 = VECTOR('',#1041,1.);
#1041 = DIRECTION('',(1.,0.,0.));
#1042 = ORIENTED_EDGE('',*,*,#1043,.T.);
#1043 = EDGE_CURVE('',#1036,#1044,#1046,.T.);
#1044 = VERTEX_POINT('',#1045);
#1045 = CARTESIAN_POINT('',(23.5,1.55,3.7));
#1046 = LINE('',#1047,#1048);
#1047 = CARTESIAN_POINT('',(23.5,1.55,3.7));
#1048 = VECTOR('',#1049,1.);
#1049 = DIRECTION('',(-1.239088197126E-15,1.,0.));
#1050 = ORIENTED_EDGE('',*,*,#1051,.F.);
#1051 = EDGE_CURVE('',#1052,#1044,#1054,.T.);
#1052 = VERTEX_POINT('',#1053);
#1053 = CARTESIAN_POINT('',(24.5,1.55,3.7));
#1054 = LINE('',#1055,#1056);
#1055 = CARTESIAN_POINT('',(23.5,1.55,3.7));
#1056 = VECTOR('',#1057,1.);
#1057 = DIRECTION('',(-1.,-0.,-0.));
#1058 = ORIENTED_EDGE('',*,*,#1059,.T.);
#1059 = EDGE_CURVE('',#1052,#1060,#1062,.T.);
#1060 = VERTEX_POINT('',#1061);
#1061 = CARTESIAN_POINT('',(24.5,0.15,3.7));
#1062 = LINE('',#1063,#1064);
#1063 = CARTESIAN_POINT('',(24.5,1.55,3.7));
#1064 = VECTOR('',#1065,1.);
#1065 = DIRECTION('',(-1.239088197126E-15,-1.,0.));
#1066 = ORIENTED_EDGE('',*,*,#1067,.T.);
#1067 = EDGE_CURVE('',#1060,#1068,#1070,.T.);
#1068 = VERTEX_POINT('',#1069);
#1069 = CARTESIAN_POINT('',(27.7,0.15,3.7));
#1070 = LINE('',#1071,#1072);
#1071 = CARTESIAN_POINT('',(24.5,0.15,3.7));
#1072 = VECTOR('',#1073,1.);
#1073 = DIRECTION('',(1.,0.,0.));
#1074 = ORIENTED_EDGE('',*,*,#1075,.T.);
#1075 = EDGE_CURVE('',#1068,#1076,#1078,.T.);
#1076 = VERTEX_POINT('',#1077);
#1077 = CARTESIAN_POINT('',(31.8,0.15,3.7));
#1078 = LINE('',#1079,#1080);
#1079 = CARTESIAN_POINT('',(31.8,0.15,3.7));
#1080 = VECTOR('',#1081,1.);
#1081 = DIRECTION('',(1.,-1.269309860471E-15,0.));
#1082 = ORIENTED_EDGE('',*,*,#1083,.T.);
#1083 = EDGE_CURVE('',#1076,#1084,#1086,.T.);
#1084 = VERTEX_POINT('',#1085);
#1085 = CARTESIAN_POINT('',(31.8,6.85,3.7));
#1086 = LINE('',#1087,#1088);
#1087 = CARTESIAN_POINT('',(31.8,0.15,3.7));
#1088 = VECTOR('',#1089,1.);
#1089 = DIRECTION('',(0.,1.,0.));
#1090 = ORIENTED_EDGE('',*,*,#1091,.F.);
#1091 = EDGE_CURVE('',#1092,#1084,#1094,.T.);
#1092 = VERTEX_POINT('',#1093);
#1093 = CARTESIAN_POINT('',(-7.8,6.85,3.7));
#1094 = LINE('',#1095,#1096);
#1095 = CARTESIAN_POINT('',(31.8,6.85,3.7));
#1096 = VECTOR('',#1097,1.);
#1097 = DIRECTION('',(1.,0.,0.));
#1098 = ORIENTED_EDGE('',*,*,#1099,.T.);
#1099 = EDGE_CURVE('',#1092,#1100,#1102,.T.);
#1100 = VERTEX_POINT('',#1101);
#1101 = CARTESIAN_POINT('',(-7.8,0.15,3.7));
#1102 = LINE('',#1103,#1104);
#1103 = CARTESIAN_POINT('',(-7.8,0.15,3.7));
#1104 = VECTOR('',#1105,1.);
#1105 = DIRECTION('',(-0.,-1.,-0.));
#1106 = ORIENTED_EDGE('',*,*,#1107,.T.);
#1107 = EDGE_CURVE('',#1100,#1108,#1110,.T.);
#1108 = VERTEX_POINT('',#1109);
#1109 = CARTESIAN_POINT('',(-3.7,0.15,3.7));
#1110 = LINE('',#1111,#1112);
#1111 = CARTESIAN_POINT('',(-3.7,0.15,3.7));
#1112 = VECTOR('',#1113,1.);
#1113 = DIRECTION('',(1.,8.462065736472E-16,0.));
#1114 = ORIENTED_EDGE('',*,*,#1115,.T.);
#1115 = EDGE_CURVE('',#1108,#530,#1116,.T.);
#1116 = LINE('',#1117,#1118);
#1117 = CARTESIAN_POINT('',(-0.5,0.15,3.7));
#1118 = VECTOR('',#1119,1.);
#1119 = DIRECTION('',(1.,0.,0.));
#1120 = PLANE('',#1121);
#1121 = AXIS2_PLACEMENT_3D('',#1122,#1123,#1124);
#1122 = CARTESIAN_POINT('',(12.,11.4,3.7));
#1123 = DIRECTION('',(0.,0.,1.));
#1124 = DIRECTION('',(1.,0.,0.));
#1125 = ADVANCED_FACE('',(#1126),#1167,.F.);
#1126 = FACE_BOUND('',#1127,.T.);
#1127 = EDGE_LOOP('',(#1128,#1138,#1144,#1145,#1153,#1161));
#1128 = ORIENTED_EDGE('',*,*,#1129,.F.);
#1129 = EDGE_CURVE('',#1130,#1132,#1134,.T.);
#1130 = VERTEX_POINT('',#1131);
#1131 = CARTESIAN_POINT('',(31.8,6.85,3.701));
#1132 = VERTEX_POINT('',#1133);
#1133 = CARTESIAN_POINT('',(31.8,9.25,3.701));
#1134 = LINE('',#1135,#1136);
#1135 = CARTESIAN_POINT('',(31.8,22.65,3.701));
#1136 = VECTOR('',#1137,1.);
#1137 = DIRECTION('',(4.391705002473E-16,1.,0.));
#1138 = ORIENTED_EDGE('',*,*,#1139,.T.);
#1139 = EDGE_CURVE('',#1130,#1084,#1140,.T.);
#1140 = LINE('',#1141,#1142);
#1141 = CARTESIAN_POINT('',(31.8,6.85,3.701));
#1142 = VECTOR('',#1143,1.);
#1143 = DIRECTION('',(-0.,-0.,-1.));
#1144 = ORIENTED_EDGE('',*,*,#1083,.F.);
#1145 = ORIENTED_EDGE('',*,*,#1146,.F.);
#1146 = EDGE_CURVE('',#1147,#1076,#1149,.T.);
#1147 = VERTEX_POINT('',#1148);
#1148 = CARTESIAN_POINT('',(31.8,0.15,4.));
#1149 = LINE('',#1150,#1151);
#1150 = CARTESIAN_POINT('',(31.8,0.15,4.));
#1151 = VECTOR('',#1152,1.);
#1152 = DIRECTION('',(-0.,-0.,-1.));
#1153 = ORIENTED_EDGE('',*,*,#1154,.F.);
#1154 = EDGE_CURVE('',#1155,#1147,#1157,.T.);
#1155 = VERTEX_POINT('',#1156);
#1156 = CARTESIAN_POINT('',(31.8,9.25,4.));
#1157 = LINE('',#1158,#1159);
#1158 = CARTESIAN_POINT('',(31.8,9.25,4.));
#1159 = VECTOR('',#1160,1.);
#1160 = DIRECTION('',(-3.812579068081E-16,-1.,0.));
#1161 = ORIENTED_EDGE('',*,*,#1162,.T.);
#1162 = EDGE_CURVE('',#1155,#1132,#1163,.T.);
#1163 = LINE('',#1164,#1165);
#1164 = CARTESIAN_POINT('',(31.8,9.25,4.));
#1165 = VECTOR('',#1166,1.);
#1166 = DIRECTION('',(-0.,-0.,-1.));
#1167 = PLANE('',#1168);
#1168 = AXIS2_PLACEMENT_3D('',#1169,#1170,#1171);
#1169 = CARTESIAN_POINT('',(31.8,9.25,4.));
#1170 = DIRECTION('',(1.,-3.812579068081E-16,0.));
#1171 = DIRECTION('',(3.812579068081E-16,1.,0.));
#1172 = ADVANCED_FACE('',(#1173),#1207,.F.);
#1173 = FACE_BOUND('',#1174,.T.);
#1174 = EDGE_LOOP('',(#1175,#1185,#1193,#1201));
#1175 = ORIENTED_EDGE('',*,*,#1176,.F.);
#1176 = EDGE_CURVE('',#1177,#1179,#1181,.T.);
#1177 = VERTEX_POINT('',#1178);
#1178 = CARTESIAN_POINT('',(-7.8,22.65,3.701));
#1179 = VERTEX_POINT('',#1180);
#1180 = CARTESIAN_POINT('',(-7.8,20.05,3.701));
#1181 = LINE('',#1182,#1183);
#1182 = CARTESIAN_POINT('',(-7.8,6.85,3.701));
#1183 = VECTOR('',#1184,1.);
#1184 = DIRECTION('',(-0.,-1.,-0.));
#1185 = ORIENTED_EDGE('',*,*,#1186,.F.);
#1186 = EDGE_CURVE('',#1187,#1177,#1189,.T.);
#1187 = VERTEX_POINT('',#1188);
#1188 = CARTESIAN_POINT('',(-7.8,22.65,4.));
#1189 = LINE('',#1190,#1191);
#1190 = CARTESIAN_POINT('',(-7.8,22.65,4.));
#1191 = VECTOR('',#1192,1.);
#1192 = DIRECTION('',(-0.,-0.,-1.));
#1193 = ORIENTED_EDGE('',*,*,#1194,.F.);
#1194 = EDGE_CURVE('',#1195,#1187,#1197,.T.);
#1195 = VERTEX_POINT('',#1196);
#1196 = CARTESIAN_POINT('',(-7.8,20.05,4.));
#1197 = LINE('',#1198,#1199);
#1198 = CARTESIAN_POINT('',(-7.8,20.05,4.));
#1199 = VECTOR('',#1200,1.);
#1200 = DIRECTION('',(0.,1.,0.));
#1201 = ORIENTED_EDGE('',*,*,#1202,.T.);
#1202 = EDGE_CURVE('',#1195,#1179,#1203,.T.);
#1203 = LINE('',#1204,#1205);
#1204 = CARTESIAN_POINT('',(-7.8,20.05,4.));
#1205 = VECTOR('',#1206,1.);
#1206 = DIRECTION('',(-0.,-0.,-1.));
#1207 = PLANE('',#1208);
#1208 = AXIS2_PLACEMENT_3D('',#1209,#1210,#1211);
#1209 = CARTESIAN_POINT('',(-7.8,20.05,4.));
#1210 = DIRECTION('',(-1.,0.,0.));
#1211 = DIRECTION('',(0.,0.,1.));
#1212 = ADVANCED_FACE('',(#1213),#1238,.F.);
#1213 = FACE_BOUND('',#1214,.T.);
#1214 = EDGE_LOOP('',(#1215,#1223,#1231,#1237));
#1215 = ORIENTED_EDGE('',*,*,#1216,.F.);
#1216 = EDGE_CURVE('',#1217,#1177,#1219,.T.);
#1217 = VERTEX_POINT('',#1218);
#1218 = CARTESIAN_POINT('',(31.8,22.65,3.701));
#1219 = LINE('',#1220,#1221);
#1220 = CARTESIAN_POINT('',(-7.8,22.65,3.701));
#1221 = VECTOR('',#1222,1.);
#1222 = DIRECTION('',(-1.,-0.,-0.));
#1223 = ORIENTED_EDGE('',*,*,#1224,.F.);
#1224 = EDGE_CURVE('',#1225,#1217,#1227,.T.);
#1225 = VERTEX_POINT('',#1226);
#1226 = CARTESIAN_POINT('',(31.8,22.65,4.));
#1227 = LINE('',#1228,#1229);
#1228 = CARTESIAN_POINT('',(31.8,22.65,4.));
#1229 = VECTOR('',#1230,1.);
#1230 = DIRECTION('',(-0.,-0.,-1.));
#1231 = ORIENTED_EDGE('',*,*,#1232,.F.);
#1232 = EDGE_CURVE('',#1187,#1225,#1233,.T.);
#1233 = LINE('',#1234,#1235);
#1234 = CARTESIAN_POINT('',(-7.8,22.65,4.));
#1235 = VECTOR('',#1236,1.);
#1236 = DIRECTION('',(1.,0.,0.));
#1237 = ORIENTED_EDGE('',*,*,#1186,.T.);
#1238 = PLANE('',#1239);
#1239 = AXIS2_PLACEMENT_3D('',#1240,#1241,#1242);
#1240 = CARTESIAN_POINT('',(-7.8,22.65,4.));
#1241 = DIRECTION('',(0.,1.,0.));
#1242 = DIRECTION('',(0.,0.,1.));
#1243 = ADVANCED_FACE('',(#1244),#1269,.F.);
#1244 = FACE_BOUND('',#1245,.T.);
#1245 = EDGE_LOOP('',(#1246,#1254,#1262,#1268));
#1246 = ORIENTED_EDGE('',*,*,#1247,.F.);
#1247 = EDGE_CURVE('',#1248,#1217,#1250,.T.);
#1248 = VERTEX_POINT('',#1249);
#1249 = CARTESIAN_POINT('',(31.8,20.05,3.701));
#1250 = LINE('',#1251,#1252);
#1251 = CARTESIAN_POINT('',(31.8,22.65,3.701));
#1252 = VECTOR('',#1253,1.);
#1253 = DIRECTION('',(4.391705002473E-16,1.,0.));
#1254 = ORIENTED_EDGE('',*,*,#1255,.F.);
#1255 = EDGE_CURVE('',#1256,#1248,#1258,.T.);
#1256 = VERTEX_POINT('',#1257);
#1257 = CARTESIAN_POINT('',(31.8,20.05,4.));
#1258 = LINE('',#1259,#1260);
#1259 = CARTESIAN_POINT('',(31.8,20.05,4.));
#1260 = VECTOR('',#1261,1.);
#1261 = DIRECTION('',(-0.,-0.,-1.));
#1262 = ORIENTED_EDGE('',*,*,#1263,.F.);
#1263 = EDGE_CURVE('',#1225,#1256,#1264,.T.);
#1264 = LINE('',#1265,#1266);
#1265 = CARTESIAN_POINT('',(31.8,22.65,4.));
#1266 = VECTOR('',#1267,1.);
#1267 = DIRECTION('',(0.,-1.,0.));
#1268 = ORIENTED_EDGE('',*,*,#1224,.T.);
#1269 = PLANE('',#1270);
#1270 = AXIS2_PLACEMENT_3D('',#1271,#1272,#1273);
#1271 = CARTESIAN_POINT('',(31.8,22.65,4.));
#1272 = DIRECTION('',(1.,0.,0.));
#1273 = DIRECTION('',(0.,0.,-1.));
#1274 = ADVANCED_FACE('',(#1275),#1316,.F.);
#1275 = FACE_BOUND('',#1276,.T.);
#1276 = EDGE_LOOP('',(#1277,#1287,#1295,#1303,#1309,#1310));
#1277 = ORIENTED_EDGE('',*,*,#1278,.F.);
#1278 = EDGE_CURVE('',#1279,#1281,#1283,.T.);
#1279 = VERTEX_POINT('',#1280);
#1280 = CARTESIAN_POINT('',(-7.8,9.25,3.701));
#1281 = VERTEX_POINT('',#1282);
#1282 = CARTESIAN_POINT('',(-7.8,6.85,3.701));
#1283 = LINE('',#1284,#1285);
#1284 = CARTESIAN_POINT('',(-7.8,6.85,3.701));
#1285 = VECTOR('',#1286,1.);
#1286 = DIRECTION('',(-0.,-1.,-0.));
#1287 = ORIENTED_EDGE('',*,*,#1288,.F.);
#1288 = EDGE_CURVE('',#1289,#1279,#1291,.T.);
#1289 = VERTEX_POINT('',#1290);
#1290 = CARTESIAN_POINT('',(-7.8,9.25,4.));
#1291 = LINE('',#1292,#1293);
#1292 = CARTESIAN_POINT('',(-7.8,9.25,4.));
#1293 = VECTOR('',#1294,1.);
#1294 = DIRECTION('',(-0.,-0.,-1.));
#1295 = ORIENTED_EDGE('',*,*,#1296,.F.);
#1296 = EDGE_CURVE('',#1297,#1289,#1299,.T.);
#1297 = VERTEX_POINT('',#1298);
#1298 = CARTESIAN_POINT('',(-7.8,0.15,4.));
#1299 = LINE('',#1300,#1301);
#1300 = CARTESIAN_POINT('',(-7.8,0.15,4.));
#1301 = VECTOR('',#1302,1.);
#1302 = DIRECTION('',(0.,1.,0.));
#1303 = ORIENTED_EDGE('',*,*,#1304,.T.);
#1304 = EDGE_CURVE('',#1297,#1100,#1305,.T.);
#1305 = LINE('',#1306,#1307);
#1306 = CARTESIAN_POINT('',(-7.8,0.15,4.));
#1307 = VECTOR('',#1308,1.);
#1308 = DIRECTION('',(-0.,-0.,-1.));
#1309 = ORIENTED_EDGE('',*,*,#1099,.F.);
#1310 = ORIENTED_EDGE('',*,*,#1311,.F.);
#1311 = EDGE_CURVE('',#1281,#1092,#1312,.T.);
#1312 = LINE('',#1313,#1314);
#1313 = CARTESIAN_POINT('',(-7.8,6.85,3.701));
#1314 = VECTOR('',#1315,1.);
#1315 = DIRECTION('',(-0.,-0.,-1.));
#1316 = PLANE('',#1317);
#1317 = AXIS2_PLACEMENT_3D('',#1318,#1319,#1320);
#1318 = CARTESIAN_POINT('',(-7.8,0.15,4.));
#1319 = DIRECTION('',(-1.,0.,0.));
#1320 = DIRECTION('',(0.,0.,1.));
#1321 = ADVANCED_FACE('',(#1322),#1356,.T.);
#1322 = FACE_BOUND('',#1323,.T.);
#1323 = EDGE_LOOP('',(#1324,#1334,#1342,#1350));
#1324 = ORIENTED_EDGE('',*,*,#1325,.F.);
#1325 = EDGE_CURVE('',#1326,#1328,#1330,.T.);
#1326 = VERTEX_POINT('',#1327);
#1327 = CARTESIAN_POINT('',(-7.8,9.25,1.7));
#1328 = VERTEX_POINT('',#1329);
#1329 = CARTESIAN_POINT('',(-8.7,9.25,1.7));
#1330 = LINE('',#1331,#1332);
#1331 = CARTESIAN_POINT('',(-8.7,9.25,1.7));
#1332 = VECTOR('',#1333,1.);
#1333 = DIRECTION('',(-1.,-0.,-0.));
#1334 = ORIENTED_EDGE('',*,*,#1335,.F.);
#1335 = EDGE_CURVE('',#1336,#1326,#1338,.T.);
#1336 = VERTEX_POINT('',#1337);
#1337 = CARTESIAN_POINT('',(-7.8,20.05,1.7));
#1338 = LINE('',#1339,#1340);
#1339 = CARTESIAN_POINT('',(-7.8,0.15,1.7));
#1340 = VECTOR('',#1341,1.);
#1341 = DIRECTION('',(-0.,-1.,-0.));
#1342 = ORIENTED_EDGE('',*,*,#1343,.F.);
#1343 = EDGE_CURVE('',#1344,#1336,#1346,.T.);
#1344 = VERTEX_POINT('',#1345);
#1345 = CARTESIAN_POINT('',(-8.7,20.05,1.7));
#1346 = LINE('',#1347,#1348);
#1347 = CARTESIAN_POINT('',(-8.7,20.05,1.7));
#1348 = VECTOR('',#1349,1.);
#1349 = DIRECTION('',(1.,0.,0.));
#1350 = ORIENTED_EDGE('',*,*,#1351,.T.);
#1351 = EDGE_CURVE('',#1344,#1328,#1352,.T.);
#1352 = LINE('',#1353,#1354);
#1353 = CARTESIAN_POINT('',(-8.7,23.55,1.7));
#1354 = VECTOR('',#1355,1.);
#1355 = DIRECTION('',(0.,-1.,0.));
#1356 = PLANE('',#1357);
#1357 = AXIS2_PLACEMENT_3D('',#1358,#1359,#1360);
#1358 = CARTESIAN_POINT('',(12.,11.4,1.7));
#1359 = DIRECTION('',(0.,0.,1.));
#1360 = DIRECTION('',(1.,0.,0.));
#1361 = ADVANCED_FACE('',(#1362),#1396,.T.);
#1362 = FACE_BOUND('',#1363,.T.);
#1363 = EDGE_LOOP('',(#1364,#1374,#1382,#1390));
#1364 = ORIENTED_EDGE('',*,*,#1365,.F.);
#1365 = EDGE_CURVE('',#1366,#1368,#1370,.T.);
#1366 = VERTEX_POINT('',#1367);
#1367 = CARTESIAN_POINT('',(31.8,20.05,1.7));
#1368 = VERTEX_POINT('',#1369);
#1369 = CARTESIAN_POINT('',(32.7,20.05,1.7));
#1370 = LINE('',#1371,#1372);
#1371 = CARTESIAN_POINT('',(31.8,20.05,1.7));
#1372 = VECTOR('',#1373,1.);
#1373 = DIRECTION('',(1.,0.,0.));
#1374 = ORIENTED_EDGE('',*,*,#1375,.F.);
#1375 = EDGE_CURVE('',#1376,#1366,#1378,.T.);
#1376 = VERTEX_POINT('',#1377);
#1377 = CARTESIAN_POINT('',(31.8,9.25,1.7));
#1378 = LINE('',#1379,#1380);
#1379 = CARTESIAN_POINT('',(31.8,0.15,1.7));
#1380 = VECTOR('',#1381,1.);
#1381 = DIRECTION('',(0.,1.,0.));
#1382 = ORIENTED_EDGE('',*,*,#1383,.F.);
#1383 = EDGE_CURVE('',#1384,#1376,#1386,.T.);
#1384 = VERTEX_POINT('',#1385);
#1385 = CARTESIAN_POINT('',(32.7,9.25,1.7));
#1386 = LINE('',#1387,#1388);
#1387 = CARTESIAN_POINT('',(31.8,9.25,1.7));
#1388 = VECTOR('',#1389,1.);
#1389 = DIRECTION('',(-1.,-0.,-0.));
#1390 = ORIENTED_EDGE('',*,*,#1391,.T.);
#1391 = EDGE_CURVE('',#1384,#1368,#1392,.T.);
#1392 = LINE('',#1393,#1394);
#1393 = CARTESIAN_POINT('',(32.7,23.55,1.7));
#1394 = VECTOR('',#1395,1.);
#1395 = DIRECTION('',(0.,1.,0.));
#1396 = PLANE('',#1397);
#1397 = AXIS2_PLACEMENT_3D('',#1398,#1399,#1400);
#1398 = CARTESIAN_POINT('',(12.,11.4,1.7));
#1399 = DIRECTION('',(0.,0.,1.));
#1400 = DIRECTION('',(1.,0.,0.));
#1401 = ADVANCED_FACE('',(#1402,#1436,#1470,#1480,#1490,#1500,#1510),
  #1567,.F.);
#1402 = FACE_BOUND('',#1403,.T.);
#1403 = EDGE_LOOP('',(#1404,#1414,#1422,#1430));
#1404 = ORIENTED_EDGE('',*,*,#1405,.F.);
#1405 = EDGE_CURVE('',#1406,#1408,#1410,.T.);
#1406 = VERTEX_POINT('',#1407);
#1407 = CARTESIAN_POINT('',(28.55,1.4,0.));
#1408 = VERTEX_POINT('',#1409);
#1409 = CARTESIAN_POINT('',(28.55,2.3,0.));
#1410 = LINE('',#1411,#1412);
#1411 = CARTESIAN_POINT('',(28.55,1.4,0.));
#1412 = VECTOR('',#1413,1.);
#1413 = DIRECTION('',(0.,1.,0.));
#1414 = ORIENTED_EDGE('',*,*,#1415,.F.);
#1415 = EDGE_CURVE('',#1416,#1406,#1418,.T.);
#1416 = VERTEX_POINT('',#1417);
#1417 = CARTESIAN_POINT('',(30.05,1.4,0.));
#1418 = LINE('',#1419,#1420);
#1419 = CARTESIAN_POINT('',(30.05,1.4,0.));
#1420 = VECTOR('',#1421,1.);
#1421 = DIRECTION('',(-1.,1.156482317318E-15,0.));
#1422 = ORIENTED_EDGE('',*,*,#1423,.F.);
#1423 = EDGE_CURVE('',#1424,#1416,#1426,.T.);
#1424 = VERTEX_POINT('',#1425);
#1425 = CARTESIAN_POINT('',(30.05,2.3,0.));
#1426 = LINE('',#1427,#1428);
#1427 = CARTESIAN_POINT('',(30.05,2.3,0.));
#1428 = VECTOR('',#1429,1.);
#1429 = DIRECTION('',(0.,-1.,0.));
#1430 = ORIENTED_EDGE('',*,*,#1431,.F.);
#1431 = EDGE_CURVE('',#1408,#1424,#1432,.T.);
#1432 = LINE('',#1433,#1434);
#1433 = CARTESIAN_POINT('',(28.55,2.3,0.));
#1434 = VECTOR('',#1435,1.);
#1435 = DIRECTION('',(1.,0.,0.));
#1436 = FACE_BOUND('',#1437,.T.);
#1437 = EDGE_LOOP('',(#1438,#1448,#1456,#1464));
#1438 = ORIENTED_EDGE('',*,*,#1439,.F.);
#1439 = EDGE_CURVE('',#1440,#1442,#1444,.T.);
#1440 = VERTEX_POINT('',#1441);
#1441 = CARTESIAN_POINT('',(-6.05,2.3,0.));
#1442 = VERTEX_POINT('',#1443);
#1443 = CARTESIAN_POINT('',(-4.55,2.3,0.));
#1444 = LINE('',#1445,#1446);
#1445 = CARTESIAN_POINT('',(-4.55,2.3,0.));
#1446 = VECTOR('',#1447,1.);
#1447 = DIRECTION('',(1.,0.,0.));
#1448 = ORIENTED_EDGE('',*,*,#1449,.F.);
#1449 = EDGE_CURVE('',#1450,#1440,#1452,.T.);
#1450 = VERTEX_POINT('',#1451);
#1451 = CARTESIAN_POINT('',(-6.05,1.4,0.));
#1452 = LINE('',#1453,#1454);
#1453 = CARTESIAN_POINT('',(-6.05,2.3,0.));
#1454 = VECTOR('',#1455,1.);
#1455 = DIRECTION('',(0.,1.,0.));
#1456 = ORIENTED_EDGE('',*,*,#1457,.F.);
#1457 = EDGE_CURVE('',#1458,#1450,#1460,.T.);
#1458 = VERTEX_POINT('',#1459);
#1459 = CARTESIAN_POINT('',(-4.55,1.4,0.));
#1460 = LINE('',#1461,#1462);
#1461 = CARTESIAN_POINT('',(-6.05,1.4,0.));
#1462 = VECTOR('',#1463,1.);
#1463 = DIRECTION('',(-1.,-0.,-0.));
#1464 = ORIENTED_EDGE('',*,*,#1465,.F.);
#1465 = EDGE_CURVE('',#1442,#1458,#1466,.T.);
#1466 = LINE('',#1467,#1468);
#1467 = CARTESIAN_POINT('',(-4.55,1.4,0.));
#1468 = VECTOR('',#1469,1.);
#1469 = DIRECTION('',(-0.,-1.,-0.));
#1470 = FACE_BOUND('',#1471,.T.);
#1471 = EDGE_LOOP('',(#1472,#1479));
#1472 = ORIENTED_EDGE('',*,*,#1473,.F.);
#1473 = EDGE_CURVE('',#341,#333,#1474,.T.);
#1474 = CIRCLE('',#1475,0.4);
#1475 = AXIS2_PLACEMENT_3D('',#1476,#1477,#1478);
#1476 = CARTESIAN_POINT('',(32.1,-0.15,0.));
#1477 = DIRECTION('',(0.,0.,-1.));
#1478 = DIRECTION('',(1.,0.,0.));
#1479 = ORIENTED_EDGE('',*,*,#340,.F.);
#1480 = FACE_BOUND('',#1481,.T.);
#1481 = EDGE_LOOP('',(#1482,#1489));
#1482 = ORIENTED_EDGE('',*,*,#1483,.F.);
#1483 = EDGE_CURVE('',#383,#375,#1484,.T.);
#1484 = CIRCLE('',#1485,0.4);
#1485 = AXIS2_PLACEMENT_3D('',#1486,#1487,#1488);
#1486 = CARTESIAN_POINT('',(-8.1,-0.15,0.));
#1487 = DIRECTION('',(0.,0.,-1.));
#1488 = DIRECTION('',(1.,0.,0.));
#1489 = ORIENTED_EDGE('',*,*,#382,.F.);
#1490 = FACE_BOUND('',#1491,.T.);
#1491 = EDGE_LOOP('',(#1492,#1499));
#1492 = ORIENTED_EDGE('',*,*,#1493,.F.);
#1493 = EDGE_CURVE('',#425,#417,#1494,.T.);
#1494 = CIRCLE('',#1495,0.4);
#1495 = AXIS2_PLACEMENT_3D('',#1496,#1497,#1498);
#1496 = CARTESIAN_POINT('',(-8.1,22.95,0.));
#1497 = DIRECTION('',(0.,0.,-1.));
#1498 = DIRECTION('',(1.,0.,0.));
#1499 = ORIENTED_EDGE('',*,*,#424,.F.);
#1500 = FACE_BOUND('',#1501,.T.);
#1501 = EDGE_LOOP('',(#1502,#1509));
#1502 = ORIENTED_EDGE('',*,*,#1503,.F.);
#1503 = EDGE_CURVE('',#467,#459,#1504,.T.);
#1504 = CIRCLE('',#1505,0.4);
#1505 = AXIS2_PLACEMENT_3D('',#1506,#1507,#1508);
#1506 = CARTESIAN_POINT('',(32.1,22.95,0.));
#1507 = DIRECTION('',(0.,0.,-1.));
#1508 = DIRECTION('',(1.,0.,0.));
#1509 = ORIENTED_EDGE('',*,*,#466,.F.);
#1510 = FACE_BOUND('',#1511,.T.);
#1511 = EDGE_LOOP('',(#1512,#1513,#1521,#1529,#1537,#1545,#1553,#1561));
#1512 = ORIENTED_EDGE('',*,*,#515,.T.);
#1513 = ORIENTED_EDGE('',*,*,#1514,.T.);
#1514 = EDGE_CURVE('',#508,#1515,#1517,.T.);
#1515 = VERTEX_POINT('',#1516);
#1516 = CARTESIAN_POINT('',(-3.7,-0.75,0.));
#1517 = LINE('',#1518,#1519);
#1518 = CARTESIAN_POINT('',(-3.7,-0.75,0.));
#1519 = VECTOR('',#1520,1.);
#1520 = DIRECTION('',(-0.,-1.,-0.));
#1521 = ORIENTED_EDGE('',*,*,#1522,.F.);
#1522 = EDGE_CURVE('',#1523,#1515,#1525,.T.);
#1523 = VERTEX_POINT('',#1524);
#1524 = CARTESIAN_POINT('',(-8.7,-0.75,0.));
#1525 = LINE('',#1526,#1527);
#1526 = CARTESIAN_POINT('',(-8.7,-0.75,0.));
#1527 = VECTOR('',#1528,1.);
#1528 = DIRECTION('',(1.,0.,0.));
#1529 = ORIENTED_EDGE('',*,*,#1530,.F.);
#1530 = EDGE_CURVE('',#1531,#1523,#1533,.T.);
#1531 = VERTEX_POINT('',#1532);
#1532 = CARTESIAN_POINT('',(-8.7,23.55,0.));
#1533 = LINE('',#1534,#1535);
#1534 = CARTESIAN_POINT('',(-8.7,23.55,0.));
#1535 = VECTOR('',#1536,1.);
#1536 = DIRECTION('',(0.,-1.,0.));
#1537 = ORIENTED_EDGE('',*,*,#1538,.F.);
#1538 = EDGE_CURVE('',#1539,#1531,#1541,.T.);
#1539 = VERTEX_POINT('',#1540);
#1540 = CARTESIAN_POINT('',(32.7,23.55,0.));
#1541 = LINE('',#1542,#1543);
#1542 = CARTESIAN_POINT('',(-8.7,23.55,0.));
#1543 = VECTOR('',#1544,1.);
#1544 = DIRECTION('',(-1.,-0.,-0.));
#1545 = ORIENTED_EDGE('',*,*,#1546,.F.);
#1546 = EDGE_CURVE('',#1547,#1539,#1549,.T.);
#1547 = VERTEX_POINT('',#1548);
#1548 = CARTESIAN_POINT('',(32.7,-0.75,0.));
#1549 = LINE('',#1550,#1551);
#1550 = CARTESIAN_POINT('',(32.7,23.55,0.));
#1551 = VECTOR('',#1552,1.);
#1552 = DIRECTION('',(0.,1.,0.));
#1553 = ORIENTED_EDGE('',*,*,#1554,.F.);
#1554 = EDGE_CURVE('',#1555,#1547,#1557,.T.);
#1555 = VERTEX_POINT('',#1556);
#1556 = CARTESIAN_POINT('',(27.7,-0.75,0.));
#1557 = LINE('',#1558,#1559);
#1558 = CARTESIAN_POINT('',(-8.7,-0.75,0.));
#1559 = VECTOR('',#1560,1.);
#1560 = DIRECTION('',(1.,0.,0.));
#1561 = ORIENTED_EDGE('',*,*,#1562,.T.);
#1562 = EDGE_CURVE('',#1555,#490,#1563,.T.);
#1563 = LINE('',#1564,#1565);
#1564 = CARTESIAN_POINT('',(27.7,-0.75,0.));
#1565 = VECTOR('',#1566,1.);
#1566 = DIRECTION('',(0.,1.,0.));
#1567 = PLANE('',#1568);
#1568 = AXIS2_PLACEMENT_3D('',#1569,#1570,#1571);
#1569 = CARTESIAN_POINT('',(12.,11.4,0.));
#1570 = DIRECTION('',(0.,0.,1.));
#1571 = DIRECTION('',(1.,0.,0.));
#1572 = ADVANCED_FACE('',(#1573),#1598,.F.);
#1573 = FACE_BOUND('',#1574,.T.);
#1574 = EDGE_LOOP('',(#1575,#1576,#1584,#1592));
#1575 = ORIENTED_EDGE('',*,*,#1522,.T.);
#1576 = ORIENTED_EDGE('',*,*,#1577,.F.);
#1577 = EDGE_CURVE('',#1578,#1515,#1580,.T.);
#1578 = VERTEX_POINT('',#1579);
#1579 = CARTESIAN_POINT('',(-3.7,-0.75,4.));
#1580 = LINE('',#1581,#1582);
#1581 = CARTESIAN_POINT('',(-3.7,-0.75,4.));
#1582 = VECTOR('',#1583,1.);
#1583 = DIRECTION('',(-0.,-0.,-1.));
#1584 = ORIENTED_EDGE('',*,*,#1585,.F.);
#1585 = EDGE_CURVE('',#1586,#1578,#1588,.T.);
#1586 = VERTEX_POINT('',#1587);
#1587 = CARTESIAN_POINT('',(-8.7,-0.75,4.));
#1588 = LINE('',#1589,#1590);
#1589 = CARTESIAN_POINT('',(-8.7,-0.75,4.));
#1590 = VECTOR('',#1591,1.);
#1591 = DIRECTION('',(1.,-6.938893903907E-16,0.));
#1592 = ORIENTED_EDGE('',*,*,#1593,.T.);
#1593 = EDGE_CURVE('',#1586,#1523,#1594,.T.);
#1594 = LINE('',#1595,#1596);
#1595 = CARTESIAN_POINT('',(-8.7,-0.75,1.7));
#1596 = VECTOR('',#1597,1.);
#1597 = DIRECTION('',(-0.,-0.,-1.));
#1598 = PLANE('',#1599);
#1599 = AXIS2_PLACEMENT_3D('',#1600,#1601,#1602);
#1600 = CARTESIAN_POINT('',(-8.7,-0.75,1.7));
#1601 = DIRECTION('',(0.,1.,0.));
#1602 = DIRECTION('',(0.,0.,1.));
#1603 = ADVANCED_FACE('',(#1604),#1652,.F.);
#1604 = FACE_BOUND('',#1605,.T.);
#1605 = EDGE_LOOP('',(#1606,#1607,#1615,#1623,#1629,#1630,#1638,#1646));
#1606 = ORIENTED_EDGE('',*,*,#1546,.T.);
#1607 = ORIENTED_EDGE('',*,*,#1608,.F.);
#1608 = EDGE_CURVE('',#1609,#1539,#1611,.T.);
#1609 = VERTEX_POINT('',#1610);
#1610 = CARTESIAN_POINT('',(32.7,23.55,4.));
#1611 = LINE('',#1612,#1613);
#1612 = CARTESIAN_POINT('',(32.7,23.55,1.7));
#1613 = VECTOR('',#1614,1.);
#1614 = DIRECTION('',(-0.,-0.,-1.));
#1615 = ORIENTED_EDGE('',*,*,#1616,.F.);
#1616 = EDGE_CURVE('',#1617,#1609,#1619,.T.);
#1617 = VERTEX_POINT('',#1618);
#1618 = CARTESIAN_POINT('',(32.7,20.05,4.));
#1619 = LINE('',#1620,#1621);
#1620 = CARTESIAN_POINT('',(32.7,20.05,4.));
#1621 = VECTOR('',#1622,1.);
#1622 = DIRECTION('',(0.,1.,0.));
#1623 = ORIENTED_EDGE('',*,*,#1624,.T.);
#1624 = EDGE_CURVE('',#1617,#1368,#1625,.T.);
#1625 = LINE('',#1626,#1627);
#1626 = CARTESIAN_POINT('',(32.7,20.05,4.));
#1627 = VECTOR('',#1628,1.);
#1628 = DIRECTION('',(-0.,-0.,-1.));
#1629 = ORIENTED_EDGE('',*,*,#1391,.F.);
#1630 = ORIENTED_EDGE('',*,*,#1631,.F.);
#1631 = EDGE_CURVE('',#1632,#1384,#1634,.T.);
#1632 = VERTEX_POINT('',#1633);
#1633 = CARTESIAN_POINT('',(32.7,9.25,4.));
#1634 = LINE('',#1635,#1636);
#1635 = CARTESIAN_POINT('',(32.7,9.25,4.));
#1636 = VECTOR('',#1637,1.);
#1637 = DIRECTION('',(-0.,-0.,-1.));
#1638 = ORIENTED_EDGE('',*,*,#1639,.F.);
#1639 = EDGE_CURVE('',#1640,#1632,#1642,.T.);
#1640 = VERTEX_POINT('',#1641);
#1641 = CARTESIAN_POINT('',(32.7,-0.75,4.));
#1642 = LINE('',#1643,#1644);
#1643 = CARTESIAN_POINT('',(32.7,-0.75,4.));
#1644 = VECTOR('',#1645,1.);
#1645 = DIRECTION('',(0.,1.,0.));
#1646 = ORIENTED_EDGE('',*,*,#1647,.T.);
#1647 = EDGE_CURVE('',#1640,#1547,#1648,.T.);
#1648 = LINE('',#1649,#1650);
#1649 = CARTESIAN_POINT('',(32.7,-0.75,1.7));
#1650 = VECTOR('',#1651,1.);
#1651 = DIRECTION('',(-0.,-0.,-1.));
#1652 = PLANE('',#1653);
#1653 = AXIS2_PLACEMENT_3D('',#1654,#1655,#1656);
#1654 = CARTESIAN_POINT('',(32.7,23.55,1.7));
#1655 = DIRECTION('',(-1.,0.,0.));
#1656 = DIRECTION('',(0.,0.,1.));
#1657 = ADVANCED_FACE('',(#1658),#1676,.F.);
#1658 = FACE_BOUND('',#1659,.T.);
#1659 = EDGE_LOOP('',(#1660,#1661,#1669,#1675));
#1660 = ORIENTED_EDGE('',*,*,#1538,.T.);
#1661 = ORIENTED_EDGE('',*,*,#1662,.F.);
#1662 = EDGE_CURVE('',#1663,#1531,#1665,.T.);
#1663 = VERTEX_POINT('',#1664);
#1664 = CARTESIAN_POINT('',(-8.7,23.55,4.));
#1665 = LINE('',#1666,#1667);
#1666 = CARTESIAN_POINT('',(-8.7,23.55,1.7));
#1667 = VECTOR('',#1668,1.);
#1668 = DIRECTION('',(-0.,-0.,-1.));
#1669 = ORIENTED_EDGE('',*,*,#1670,.F.);
#1670 = EDGE_CURVE('',#1609,#1663,#1671,.T.);
#1671 = LINE('',#1672,#1673);
#1672 = CARTESIAN_POINT('',(32.7,23.55,4.));
#1673 = VECTOR('',#1674,1.);
#1674 = DIRECTION('',(-1.,0.,0.));
#1675 = ORIENTED_EDGE('',*,*,#1608,.T.);
#1676 = PLANE('',#1677);
#1677 = AXIS2_PLACEMENT_3D('',#1678,#1679,#1680);
#1678 = CARTESIAN_POINT('',(-8.7,23.55,1.7));
#1679 = DIRECTION('',(0.,-1.,0.));
#1680 = DIRECTION('',(0.,0.,-1.));
#1681 = ADVANCED_FACE('',(#1682),#1716,.F.);
#1682 = FACE_BOUND('',#1683,.T.);
#1683 = EDGE_LOOP('',(#1684,#1685,#1686,#1694,#1700,#1701,#1709,#1715));
#1684 = ORIENTED_EDGE('',*,*,#1530,.T.);
#1685 = ORIENTED_EDGE('',*,*,#1593,.F.);
#1686 = ORIENTED_EDGE('',*,*,#1687,.F.);
#1687 = EDGE_CURVE('',#1688,#1586,#1690,.T.);
#1688 = VERTEX_POINT('',#1689);
#1689 = CARTESIAN_POINT('',(-8.7,9.25,4.));
#1690 = LINE('',#1691,#1692);
#1691 = CARTESIAN_POINT('',(-8.7,9.25,4.));
#1692 = VECTOR('',#1693,1.);
#1693 = DIRECTION('',(-3.469446951954E-16,-1.,0.));
#1694 = ORIENTED_EDGE('',*,*,#1695,.T.);
#1695 = EDGE_CURVE('',#1688,#1328,#1696,.T.);
#1696 = LINE('',#1697,#1698);
#1697 = CARTESIAN_POINT('',(-8.7,9.25,4.));
#1698 = VECTOR('',#1699,1.);
#1699 = DIRECTION('',(-0.,-0.,-1.));
#1700 = ORIENTED_EDGE('',*,*,#1351,.F.);
#1701 = ORIENTED_EDGE('',*,*,#1702,.F.);
#1702 = EDGE_CURVE('',#1703,#1344,#1705,.T.);
#1703 = VERTEX_POINT('',#1704);
#1704 = CARTESIAN_POINT('',(-8.7,20.05,4.));
#1705 = LINE('',#1706,#1707);
#1706 = CARTESIAN_POINT('',(-8.7,20.05,4.));
#1707 = VECTOR('',#1708,1.);
#1708 = DIRECTION('',(-0.,-0.,-1.));
#1709 = ORIENTED_EDGE('',*,*,#1710,.F.);
#1710 = EDGE_CURVE('',#1663,#1703,#1711,.T.);
#1711 = LINE('',#1712,#1713);
#1712 = CARTESIAN_POINT('',(-8.7,23.55,4.));
#1713 = VECTOR('',#1714,1.);
#1714 = DIRECTION('',(0.,-1.,0.));
#1715 = ORIENTED_EDGE('',*,*,#1662,.T.);
#1716 = PLANE('',#1717);
#1717 = AXIS2_PLACEMENT_3D('',#1718,#1719,#1720);
#1718 = CARTESIAN_POINT('',(-8.7,23.55,1.7));
#1719 = DIRECTION('',(1.,0.,0.));
#1720 = DIRECTION('',(0.,0.,-1.));
#1721 = ADVANCED_FACE('',(#1722),#1740,.F.);
#1722 = FACE_BOUND('',#1723,.T.);
#1723 = EDGE_LOOP('',(#1724,#1732,#1733,#1734));
#1724 = ORIENTED_EDGE('',*,*,#1725,.T.);
#1725 = EDGE_CURVE('',#1726,#1555,#1728,.T.);
#1726 = VERTEX_POINT('',#1727);
#1727 = CARTESIAN_POINT('',(27.7,-0.75,4.));
#1728 = LINE('',#1729,#1730);
#1729 = CARTESIAN_POINT('',(27.7,-0.75,4.));
#1730 = VECTOR('',#1731,1.);
#1731 = DIRECTION('',(-0.,-0.,-1.));
#1732 = ORIENTED_EDGE('',*,*,#1554,.T.);
#1733 = ORIENTED_EDGE('',*,*,#1647,.F.);
#1734 = ORIENTED_EDGE('',*,*,#1735,.F.);
#1735 = EDGE_CURVE('',#1726,#1640,#1736,.T.);
#1736 = LINE('',#1737,#1738);
#1737 = CARTESIAN_POINT('',(27.7,-0.75,4.));
#1738 = VECTOR('',#1739,1.);
#1739 = DIRECTION('',(1.,3.469446951954E-16,0.));
#1740 = PLANE('',#1741);
#1741 = AXIS2_PLACEMENT_3D('',#1742,#1743,#1744);
#1742 = CARTESIAN_POINT('',(-8.7,-0.75,1.7));
#1743 = DIRECTION('',(0.,1.,0.));
#1744 = DIRECTION('',(0.,0.,1.));
#1745 = ADVANCED_FACE('',(#1746),#1763,.F.);
#1746 = FACE_BOUND('',#1747,.T.);
#1747 = EDGE_LOOP('',(#1748,#1749,#1755,#1756,#1762));
#1748 = ORIENTED_EDGE('',*,*,#1383,.T.);
#1749 = ORIENTED_EDGE('',*,*,#1750,.F.);
#1750 = EDGE_CURVE('',#1132,#1376,#1751,.T.);
#1751 = LINE('',#1752,#1753);
#1752 = CARTESIAN_POINT('',(31.8,9.25,4.));
#1753 = VECTOR('',#1754,1.);
#1754 = DIRECTION('',(0.,0.,-1.));
#1755 = ORIENTED_EDGE('',*,*,#1162,.F.);
#1756 = ORIENTED_EDGE('',*,*,#1757,.F.);
#1757 = EDGE_CURVE('',#1632,#1155,#1758,.T.);
#1758 = LINE('',#1759,#1760);
#1759 = CARTESIAN_POINT('',(31.8,9.25,4.));
#1760 = VECTOR('',#1761,1.);
#1761 = DIRECTION('',(-1.,-0.,-0.));
#1762 = ORIENTED_EDGE('',*,*,#1631,.T.);
#1763 = PLANE('',#1764);
#1764 = AXIS2_PLACEMENT_3D('',#1765,#1766,#1767);
#1765 = CARTESIAN_POINT('',(31.8,9.25,4.));
#1766 = DIRECTION('',(0.,-1.,0.));
#1767 = DIRECTION('',(0.,0.,-1.));
#1768 = ADVANCED_FACE('',(#1769),#1787,.F.);
#1769 = FACE_BOUND('',#1770,.T.);
#1770 = EDGE_LOOP('',(#1771,#1772,#1773,#1781));
#1771 = ORIENTED_EDGE('',*,*,#1146,.T.);
#1772 = ORIENTED_EDGE('',*,*,#1075,.F.);
#1773 = ORIENTED_EDGE('',*,*,#1774,.F.);
#1774 = EDGE_CURVE('',#1775,#1068,#1777,.T.);
#1775 = VERTEX_POINT('',#1776);
#1776 = CARTESIAN_POINT('',(27.7,0.15,4.));
#1777 = LINE('',#1778,#1779);
#1778 = CARTESIAN_POINT('',(27.7,0.15,4.));
#1779 = VECTOR('',#1780,1.);
#1780 = DIRECTION('',(-0.,-0.,-1.));
#1781 = ORIENTED_EDGE('',*,*,#1782,.F.);
#1782 = EDGE_CURVE('',#1147,#1775,#1783,.T.);
#1783 = LINE('',#1784,#1785);
#1784 = CARTESIAN_POINT('',(27.7,0.15,4.));
#1785 = VECTOR('',#1786,1.);
#1786 = DIRECTION('',(-1.,-0.,-0.));
#1787 = PLANE('',#1788);
#1788 = AXIS2_PLACEMENT_3D('',#1789,#1790,#1791);
#1789 = CARTESIAN_POINT('',(27.7,0.15,4.));
#1790 = DIRECTION('',(0.,-1.,0.));
#1791 = DIRECTION('',(0.,0.,-1.));
#1792 = ADVANCED_FACE('',(#1793),#1819,.F.);
#1793 = FACE_BOUND('',#1794,.T.);
#1794 = EDGE_LOOP('',(#1795,#1796,#1804,#1810,#1811,#1812,#1813));
#1795 = ORIENTED_EDGE('',*,*,#1774,.T.);
#1796 = ORIENTED_EDGE('',*,*,#1797,.F.);
#1797 = EDGE_CURVE('',#1798,#1068,#1800,.T.);
#1798 = VERTEX_POINT('',#1799);
#1799 = CARTESIAN_POINT('',(27.7,0.15,1.7));
#1800 = LINE('',#1801,#1802);
#1801 = CARTESIAN_POINT('',(27.7,0.15,1.7));
#1802 = VECTOR('',#1803,1.);
#1803 = DIRECTION('',(0.,0.,1.));
#1804 = ORIENTED_EDGE('',*,*,#1805,.T.);
#1805 = EDGE_CURVE('',#1798,#492,#1806,.T.);
#1806 = LINE('',#1807,#1808);
#1807 = CARTESIAN_POINT('',(27.7,1.55,1.7));
#1808 = VECTOR('',#1809,1.);
#1809 = DIRECTION('',(0.,1.,0.));
#1810 = ORIENTED_EDGE('',*,*,#489,.F.);
#1811 = ORIENTED_EDGE('',*,*,#1562,.F.);
#1812 = ORIENTED_EDGE('',*,*,#1725,.F.);
#1813 = ORIENTED_EDGE('',*,*,#1814,.F.);
#1814 = EDGE_CURVE('',#1775,#1726,#1815,.T.);
#1815 = LINE('',#1816,#1817);
#1816 = CARTESIAN_POINT('',(27.7,-0.75,4.));
#1817 = VECTOR('',#1818,1.);
#1818 = DIRECTION('',(-0.,-1.,-0.));
#1819 = PLANE('',#1820);
#1820 = AXIS2_PLACEMENT_3D('',#1821,#1822,#1823);
#1821 = CARTESIAN_POINT('',(27.7,-0.75,4.));
#1822 = DIRECTION('',(1.,0.,0.));
#1823 = DIRECTION('',(0.,0.,-1.));
#1824 = ADVANCED_FACE('',(#1825),#1833,.T.);
#1825 = FACE_BOUND('',#1826,.T.);
#1826 = EDGE_LOOP('',(#1827,#1828,#1829,#1830,#1831,#1832));
#1827 = ORIENTED_EDGE('',*,*,#1735,.T.);
#1828 = ORIENTED_EDGE('',*,*,#1639,.T.);
#1829 = ORIENTED_EDGE('',*,*,#1757,.T.);
#1830 = ORIENTED_EDGE('',*,*,#1154,.T.);
#1831 = ORIENTED_EDGE('',*,*,#1782,.T.);
#1832 = ORIENTED_EDGE('',*,*,#1814,.T.);
#1833 = PLANE('',#1834);
#1834 = AXIS2_PLACEMENT_3D('',#1835,#1836,#1837);
#1835 = CARTESIAN_POINT('',(12.,11.4,4.));
#1836 = DIRECTION('',(0.,0.,1.));
#1837 = DIRECTION('',(1.,0.,0.));
#1838 = ADVANCED_FACE('',(#1839),#1856,.F.);
#1839 = FACE_BOUND('',#1840,.T.);
#1840 = EDGE_LOOP('',(#1841,#1842,#1848,#1849,#1855));
#1841 = ORIENTED_EDGE('',*,*,#1343,.T.);
#1842 = ORIENTED_EDGE('',*,*,#1843,.F.);
#1843 = EDGE_CURVE('',#1179,#1336,#1844,.T.);
#1844 = LINE('',#1845,#1846);
#1845 = CARTESIAN_POINT('',(-7.8,20.05,4.));
#1846 = VECTOR('',#1847,1.);
#1847 = DIRECTION('',(0.,0.,-1.));
#1848 = ORIENTED_EDGE('',*,*,#1202,.F.);
#1849 = ORIENTED_EDGE('',*,*,#1850,.F.);
#1850 = EDGE_CURVE('',#1703,#1195,#1851,.T.);
#1851 = LINE('',#1852,#1853);
#1852 = CARTESIAN_POINT('',(-8.7,20.05,4.));
#1853 = VECTOR('',#1854,1.);
#1854 = DIRECTION('',(1.,0.,0.));
#1855 = ORIENTED_EDGE('',*,*,#1702,.T.);
#1856 = PLANE('',#1857);
#1857 = AXIS2_PLACEMENT_3D('',#1858,#1859,#1860);
#1858 = CARTESIAN_POINT('',(-8.7,20.05,4.));
#1859 = DIRECTION('',(0.,1.,0.));
#1860 = DIRECTION('',(0.,0.,1.));
#1861 = ADVANCED_FACE('',(#1862),#1879,.F.);
#1862 = FACE_BOUND('',#1863,.T.);
#1863 = EDGE_LOOP('',(#1864,#1865,#1866,#1872,#1873));
#1864 = ORIENTED_EDGE('',*,*,#1365,.T.);
#1865 = ORIENTED_EDGE('',*,*,#1624,.F.);
#1866 = ORIENTED_EDGE('',*,*,#1867,.F.);
#1867 = EDGE_CURVE('',#1256,#1617,#1868,.T.);
#1868 = LINE('',#1869,#1870);
#1869 = CARTESIAN_POINT('',(31.8,20.05,4.));
#1870 = VECTOR('',#1871,1.);
#1871 = DIRECTION('',(1.,0.,0.));
#1872 = ORIENTED_EDGE('',*,*,#1255,.T.);
#1873 = ORIENTED_EDGE('',*,*,#1874,.T.);
#1874 = EDGE_CURVE('',#1248,#1366,#1875,.T.);
#1875 = LINE('',#1876,#1877);
#1876 = CARTESIAN_POINT('',(31.8,20.05,4.));
#1877 = VECTOR('',#1878,1.);
#1878 = DIRECTION('',(-0.,-0.,-1.));
#1879 = PLANE('',#1880);
#1880 = AXIS2_PLACEMENT_3D('',#1881,#1882,#1883);
#1881 = CARTESIAN_POINT('',(31.8,20.05,4.));
#1882 = DIRECTION('',(0.,1.,0.));
#1883 = DIRECTION('',(0.,0.,1.));
#1884 = ADVANCED_FACE('',(#1885),#1895,.T.);
#1885 = FACE_BOUND('',#1886,.T.);
#1886 = EDGE_LOOP('',(#1887,#1888,#1889,#1890,#1891,#1892,#1893,#1894));
#1887 = ORIENTED_EDGE('',*,*,#1616,.T.);
#1888 = ORIENTED_EDGE('',*,*,#1670,.T.);
#1889 = ORIENTED_EDGE('',*,*,#1710,.T.);
#1890 = ORIENTED_EDGE('',*,*,#1850,.T.);
#1891 = ORIENTED_EDGE('',*,*,#1194,.T.);
#1892 = ORIENTED_EDGE('',*,*,#1232,.T.);
#1893 = ORIENTED_EDGE('',*,*,#1263,.T.);
#1894 = ORIENTED_EDGE('',*,*,#1867,.T.);
#1895 = PLANE('',#1896);
#1896 = AXIS2_PLACEMENT_3D('',#1897,#1898,#1899);
#1897 = CARTESIAN_POINT('',(12.,11.4,4.));
#1898 = DIRECTION('',(0.,0.,1.));
#1899 = DIRECTION('',(1.,0.,0.));
#1900 = ADVANCED_FACE('',(#1901),#1934,.F.);
#1901 = FACE_BOUND('',#1902,.T.);
#1902 = EDGE_LOOP('',(#1903,#1911,#1917,#1925,#1931,#1932,#1933));
#1903 = ORIENTED_EDGE('',*,*,#1904,.T.);
#1904 = EDGE_CURVE('',#500,#1905,#1907,.T.);
#1905 = VERTEX_POINT('',#1906);
#1906 = CARTESIAN_POINT('',(-3.7,0.15,1.7));
#1907 = LINE('',#1908,#1909);
#1908 = CARTESIAN_POINT('',(-3.7,1.55,1.7));
#1909 = VECTOR('',#1910,1.);
#1910 = DIRECTION('',(0.,-1.,0.));
#1911 = ORIENTED_EDGE('',*,*,#1912,.T.);
#1912 = EDGE_CURVE('',#1905,#1108,#1913,.T.);
#1913 = LINE('',#1914,#1915);
#1914 = CARTESIAN_POINT('',(-3.7,0.15,1.7));
#1915 = VECTOR('',#1916,1.);
#1916 = DIRECTION('',(0.,0.,1.));
#1917 = ORIENTED_EDGE('',*,*,#1918,.F.);
#1918 = EDGE_CURVE('',#1919,#1108,#1921,.T.);
#1919 = VERTEX_POINT('',#1920);
#1920 = CARTESIAN_POINT('',(-3.7,0.15,4.));
#1921 = LINE('',#1922,#1923);
#1922 = CARTESIAN_POINT('',(-3.7,0.15,4.));
#1923 = VECTOR('',#1924,1.);
#1924 = DIRECTION('',(-0.,-0.,-1.));
#1925 = ORIENTED_EDGE('',*,*,#1926,.F.);
#1926 = EDGE_CURVE('',#1578,#1919,#1927,.T.);
#1927 = LINE('',#1928,#1929);
#1928 = CARTESIAN_POINT('',(-3.7,-0.75,4.));
#1929 = VECTOR('',#1930,1.);
#1930 = DIRECTION('',(0.,1.,0.));
#1931 = ORIENTED_EDGE('',*,*,#1577,.T.);
#1932 = ORIENTED_EDGE('',*,*,#1514,.F.);
#1933 = ORIENTED_EDGE('',*,*,#507,.T.);
#1934 = PLANE('',#1935);
#1935 = AXIS2_PLACEMENT_3D('',#1936,#1937,#1938);
#1936 = CARTESIAN_POINT('',(-3.7,-0.75,4.));
#1937 = DIRECTION('',(-1.,0.,0.));
#1938 = DIRECTION('',(0.,0.,1.));
#1939 = ADVANCED_FACE('',(#1940),#1951,.F.);
#1940 = FACE_BOUND('',#1941,.T.);
#1941 = EDGE_LOOP('',(#1942,#1943,#1944,#1945));
#1942 = ORIENTED_EDGE('',*,*,#1918,.T.);
#1943 = ORIENTED_EDGE('',*,*,#1107,.F.);
#1944 = ORIENTED_EDGE('',*,*,#1304,.F.);
#1945 = ORIENTED_EDGE('',*,*,#1946,.F.);
#1946 = EDGE_CURVE('',#1919,#1297,#1947,.T.);
#1947 = LINE('',#1948,#1949);
#1948 = CARTESIAN_POINT('',(-3.7,0.15,4.));
#1949 = VECTOR('',#1950,1.);
#1950 = DIRECTION('',(-1.,0.,0.));
#1951 = PLANE('',#1952);
#1952 = AXIS2_PLACEMENT_3D('',#1953,#1954,#1955);
#1953 = CARTESIAN_POINT('',(-3.7,0.15,4.));
#1954 = DIRECTION('',(0.,-1.,0.));
#1955 = DIRECTION('',(0.,0.,-1.));
#1956 = ADVANCED_FACE('',(#1957),#1974,.F.);
#1957 = FACE_BOUND('',#1958,.T.);
#1958 = EDGE_LOOP('',(#1959,#1960,#1961,#1967,#1968));
#1959 = ORIENTED_EDGE('',*,*,#1325,.T.);
#1960 = ORIENTED_EDGE('',*,*,#1695,.F.);
#1961 = ORIENTED_EDGE('',*,*,#1962,.F.);
#1962 = EDGE_CURVE('',#1289,#1688,#1963,.T.);
#1963 = LINE('',#1964,#1965);
#1964 = CARTESIAN_POINT('',(-8.7,9.25,4.));
#1965 = VECTOR('',#1966,1.);
#1966 = DIRECTION('',(-1.,-0.,-0.));
#1967 = ORIENTED_EDGE('',*,*,#1288,.T.);
#1968 = ORIENTED_EDGE('',*,*,#1969,.T.);
#1969 = EDGE_CURVE('',#1279,#1326,#1970,.T.);
#1970 = LINE('',#1971,#1972);
#1971 = CARTESIAN_POINT('',(-7.8,9.25,4.));
#1972 = VECTOR('',#1973,1.);
#1973 = DIRECTION('',(-0.,-0.,-1.));
#1974 = PLANE('',#1975);
#1975 = AXIS2_PLACEMENT_3D('',#1976,#1977,#1978);
#1976 = CARTESIAN_POINT('',(-8.7,9.25,4.));
#1977 = DIRECTION('',(0.,-1.,0.));
#1978 = DIRECTION('',(0.,0.,-1.));
#1979 = ADVANCED_FACE('',(#1980),#1988,.T.);
#1980 = FACE_BOUND('',#1981,.T.);
#1981 = EDGE_LOOP('',(#1982,#1983,#1984,#1985,#1986,#1987));
#1982 = ORIENTED_EDGE('',*,*,#1687,.T.);
#1983 = ORIENTED_EDGE('',*,*,#1585,.T.);
#1984 = ORIENTED_EDGE('',*,*,#1926,.T.);
#1985 = ORIENTED_EDGE('',*,*,#1946,.T.);
#1986 = ORIENTED_EDGE('',*,*,#1296,.T.);
#1987 = ORIENTED_EDGE('',*,*,#1962,.T.);
#1988 = PLANE('',#1989);
#1989 = AXIS2_PLACEMENT_3D('',#1990,#1991,#1992);
#1990 = CARTESIAN_POINT('',(12.,11.4,4.));
#1991 = DIRECTION('',(0.,0.,1.));
#1992 = DIRECTION('',(1.,0.,0.));
#1993 = ADVANCED_FACE('',(#1994),#2006,.T.);
#1994 = FACE_BOUND('',#1995,.T.);
#1995 = EDGE_LOOP('',(#1996,#1997,#2004,#2005));
#1996 = ORIENTED_EDGE('',*,*,#458,.F.);
#1997 = ORIENTED_EDGE('',*,*,#1998,.F.);
#1998 = EDGE_CURVE('',#450,#448,#1999,.T.);
#1999 = CIRCLE('',#2000,0.4);
#2000 = AXIS2_PLACEMENT_3D('',#2001,#2002,#2003);
#2001 = CARTESIAN_POINT('',(32.1,22.95,-0.9));
#2002 = DIRECTION('',(0.,0.,-1.));
#2003 = DIRECTION('',(-1.,0.,0.));
#2004 = ORIENTED_EDGE('',*,*,#475,.T.);
#2005 = ORIENTED_EDGE('',*,*,#1503,.T.);
#2006 = CYLINDRICAL_SURFACE('',#2007,0.4);
#2007 = AXIS2_PLACEMENT_3D('',#2008,#2009,#2010);
#2008 = CARTESIAN_POINT('',(32.1,22.95,-0.9));
#2009 = DIRECTION('',(0.,0.,1.));
#2010 = DIRECTION('',(1.,0.,0.));
#2011 = ADVANCED_FACE('',(#2012),#2016,.T.);
#2012 = FACE_BOUND('',#2013,.T.);
#2013 = EDGE_LOOP('',(#2014,#2015));
#2014 = ORIENTED_EDGE('',*,*,#1998,.T.);
#2015 = ORIENTED_EDGE('',*,*,#447,.T.);
#2016 = PLANE('',#2017);
#2017 = AXIS2_PLACEMENT_3D('',#2018,#2019,#2020);
#2018 = CARTESIAN_POINT('',(32.1,22.95,-0.9));
#2019 = DIRECTION('',(0.,0.,-1.));
#2020 = DIRECTION('',(-1.,0.,0.));
#2021 = ADVANCED_FACE('',(#2022),#2034,.T.);
#2022 = FACE_BOUND('',#2023,.T.);
#2023 = EDGE_LOOP('',(#2024,#2025,#2032,#2033));
#2024 = ORIENTED_EDGE('',*,*,#416,.F.);
#2025 = ORIENTED_EDGE('',*,*,#2026,.F.);
#2026 = EDGE_CURVE('',#408,#406,#2027,.T.);
#2027 = CIRCLE('',#2028,0.4);
#2028 = AXIS2_PLACEMENT_3D('',#2029,#2030,#2031);
#2029 = CARTESIAN_POINT('',(-8.1,22.95,-0.9));
#2030 = DIRECTION('',(0.,0.,-1.));
#2031 = DIRECTION('',(1.,0.,0.));
#2032 = ORIENTED_EDGE('',*,*,#433,.T.);
#2033 = ORIENTED_EDGE('',*,*,#1493,.T.);
#2034 = CYLINDRICAL_SURFACE('',#2035,0.4);
#2035 = AXIS2_PLACEMENT_3D('',#2036,#2037,#2038);
#2036 = CARTESIAN_POINT('',(-8.1,22.95,-0.9));
#2037 = DIRECTION('',(0.,0.,1.));
#2038 = DIRECTION('',(1.,0.,0.));
#2039 = ADVANCED_FACE('',(#2040),#2044,.F.);
#2040 = FACE_BOUND('',#2041,.T.);
#2041 = EDGE_LOOP('',(#2042,#2043));
#2042 = ORIENTED_EDGE('',*,*,#2026,.T.);
#2043 = ORIENTED_EDGE('',*,*,#405,.T.);
#2044 = PLANE('',#2045);
#2045 = AXIS2_PLACEMENT_3D('',#2046,#2047,#2048);
#2046 = CARTESIAN_POINT('',(-8.1,22.95,-0.9));
#2047 = DIRECTION('',(0.,0.,1.));
#2048 = DIRECTION('',(1.,0.,0.));
#2049 = ADVANCED_FACE('',(#2050),#2062,.T.);
#2050 = FACE_BOUND('',#2051,.T.);
#2051 = EDGE_LOOP('',(#2052,#2053,#2060,#2061));
#2052 = ORIENTED_EDGE('',*,*,#374,.F.);
#2053 = ORIENTED_EDGE('',*,*,#2054,.F.);
#2054 = EDGE_CURVE('',#366,#364,#2055,.T.);
#2055 = CIRCLE('',#2056,0.4);
#2056 = AXIS2_PLACEMENT_3D('',#2057,#2058,#2059);
#2057 = CARTESIAN_POINT('',(-8.1,-0.15,-0.9));
#2058 = DIRECTION('',(0.,0.,-1.));
#2059 = DIRECTION('',(-1.,0.,0.));
#2060 = ORIENTED_EDGE('',*,*,#391,.T.);
#2061 = ORIENTED_EDGE('',*,*,#1483,.T.);
#2062 = CYLINDRICAL_SURFACE('',#2063,0.4);
#2063 = AXIS2_PLACEMENT_3D('',#2064,#2065,#2066);
#2064 = CARTESIAN_POINT('',(-8.1,-0.15,-0.9));
#2065 = DIRECTION('',(0.,0.,1.));
#2066 = DIRECTION('',(1.,0.,0.));
#2067 = ADVANCED_FACE('',(#2068),#2072,.T.);
#2068 = FACE_BOUND('',#2069,.T.);
#2069 = EDGE_LOOP('',(#2070,#2071));
#2070 = ORIENTED_EDGE('',*,*,#2054,.T.);
#2071 = ORIENTED_EDGE('',*,*,#363,.T.);
#2072 = PLANE('',#2073);
#2073 = AXIS2_PLACEMENT_3D('',#2074,#2075,#2076);
#2074 = CARTESIAN_POINT('',(-8.1,-0.15,-0.9));
#2075 = DIRECTION('',(0.,0.,-1.));
#2076 = DIRECTION('',(-1.,0.,0.));
#2077 = ADVANCED_FACE('',(#2078),#2090,.T.);
#2078 = FACE_BOUND('',#2079,.T.);
#2079 = EDGE_LOOP('',(#2080,#2081,#2088,#2089));
#2080 = ORIENTED_EDGE('',*,*,#332,.F.);
#2081 = ORIENTED_EDGE('',*,*,#2082,.F.);
#2082 = EDGE_CURVE('',#324,#322,#2083,.T.);
#2083 = CIRCLE('',#2084,0.4);
#2084 = AXIS2_PLACEMENT_3D('',#2085,#2086,#2087);
#2085 = CARTESIAN_POINT('',(32.1,-0.15,-0.9));
#2086 = DIRECTION('',(0.,0.,-1.));
#2087 = DIRECTION('',(1.,0.,0.));
#2088 = ORIENTED_EDGE('',*,*,#349,.T.);
#2089 = ORIENTED_EDGE('',*,*,#1473,.T.);
#2090 = CYLINDRICAL_SURFACE('',#2091,0.4);
#2091 = AXIS2_PLACEMENT_3D('',#2092,#2093,#2094);
#2092 = CARTESIAN_POINT('',(32.1,-0.15,-0.9));
#2093 = DIRECTION('',(0.,0.,1.));
#2094 = DIRECTION('',(1.,0.,0.));
#2095 = ADVANCED_FACE('',(#2096),#2100,.F.);
#2096 = FACE_BOUND('',#2097,.T.);
#2097 = EDGE_LOOP('',(#2098,#2099));
#2098 = ORIENTED_EDGE('',*,*,#2082,.T.);
#2099 = ORIENTED_EDGE('',*,*,#321,.T.);
#2100 = PLANE('',#2101);
#2101 = AXIS2_PLACEMENT_3D('',#2102,#2103,#2104);
#2102 = CARTESIAN_POINT('',(32.1,-0.15,-0.9));
#2103 = DIRECTION('',(0.,0.,1.));
#2104 = DIRECTION('',(1.,0.,0.));
#2105 = ADVANCED_FACE('',(#2106),#2131,.F.);
#2106 = FACE_BOUND('',#2107,.T.);
#2107 = EDGE_LOOP('',(#2108,#2109,#2117,#2125));
#2108 = ORIENTED_EDGE('',*,*,#1449,.T.);
#2109 = ORIENTED_EDGE('',*,*,#2110,.F.);
#2110 = EDGE_CURVE('',#2111,#1440,#2113,.T.);
#2111 = VERTEX_POINT('',#2112);
#2112 = CARTESIAN_POINT('',(-6.05,2.3,0.25));
#2113 = LINE('',#2114,#2115);
#2114 = CARTESIAN_POINT('',(-6.05,2.3,0.25));
#2115 = VECTOR('',#2116,1.);
#2116 = DIRECTION('',(-0.,-0.,-1.));
#2117 = ORIENTED_EDGE('',*,*,#2118,.F.);
#2118 = EDGE_CURVE('',#2119,#2111,#2121,.T.);
#2119 = VERTEX_POINT('',#2120);
#2120 = CARTESIAN_POINT('',(-6.05,1.4,0.25));
#2121 = LINE('',#2122,#2123);
#2122 = CARTESIAN_POINT('',(-6.05,2.3,0.25));
#2123 = VECTOR('',#2124,1.);
#2124 = DIRECTION('',(0.,1.,0.));
#2125 = ORIENTED_EDGE('',*,*,#2126,.T.);
#2126 = EDGE_CURVE('',#2119,#1450,#2127,.T.);
#2127 = LINE('',#2128,#2129);
#2128 = CARTESIAN_POINT('',(-6.05,1.4,0.25));
#2129 = VECTOR('',#2130,1.);
#2130 = DIRECTION('',(-0.,-0.,-1.));
#2131 = PLANE('',#2132);
#2132 = AXIS2_PLACEMENT_3D('',#2133,#2134,#2135);
#2133 = CARTESIAN_POINT('',(-6.05,2.3,0.25));
#2134 = DIRECTION('',(-1.,0.,0.));
#2135 = DIRECTION('',(0.,0.,1.));
#2136 = ADVANCED_FACE('',(#2137),#2155,.F.);
#2137 = FACE_BOUND('',#2138,.T.);
#2138 = EDGE_LOOP('',(#2139,#2140,#2141,#2149));
#2139 = ORIENTED_EDGE('',*,*,#1457,.T.);
#2140 = ORIENTED_EDGE('',*,*,#2126,.F.);
#2141 = ORIENTED_EDGE('',*,*,#2142,.F.);
#2142 = EDGE_CURVE('',#2143,#2119,#2145,.T.);
#2143 = VERTEX_POINT('',#2144);
#2144 = CARTESIAN_POINT('',(-4.55,1.4,0.25));
#2145 = LINE('',#2146,#2147);
#2146 = CARTESIAN_POINT('',(-6.05,1.4,0.25));
#2147 = VECTOR('',#2148,1.);
#2148 = DIRECTION('',(-1.,-0.,-0.));
#2149 = ORIENTED_EDGE('',*,*,#2150,.T.);
#2150 = EDGE_CURVE('',#2143,#1458,#2151,.T.);
#2151 = LINE('',#2152,#2153);
#2152 = CARTESIAN_POINT('',(-4.55,1.4,0.25));
#2153 = VECTOR('',#2154,1.);
#2154 = DIRECTION('',(-0.,-0.,-1.));
#2155 = PLANE('',#2156);
#2156 = AXIS2_PLACEMENT_3D('',#2157,#2158,#2159);
#2157 = CARTESIAN_POINT('',(-6.05,1.4,0.25));
#2158 = DIRECTION('',(0.,-1.,0.));
#2159 = DIRECTION('',(0.,0.,-1.));
#2160 = ADVANCED_FACE('',(#2161),#2179,.F.);
#2161 = FACE_BOUND('',#2162,.T.);
#2162 = EDGE_LOOP('',(#2163,#2164,#2165,#2173));
#2163 = ORIENTED_EDGE('',*,*,#1465,.T.);
#2164 = ORIENTED_EDGE('',*,*,#2150,.F.);
#2165 = ORIENTED_EDGE('',*,*,#2166,.F.);
#2166 = EDGE_CURVE('',#2167,#2143,#2169,.T.);
#2167 = VERTEX_POINT('',#2168);
#2168 = CARTESIAN_POINT('',(-4.55,2.3,0.25));
#2169 = LINE('',#2170,#2171);
#2170 = CARTESIAN_POINT('',(-4.55,1.4,0.25));
#2171 = VECTOR('',#2172,1.);
#2172 = DIRECTION('',(-0.,-1.,-0.));
#2173 = ORIENTED_EDGE('',*,*,#2174,.T.);
#2174 = EDGE_CURVE('',#2167,#1442,#2175,.T.);
#2175 = LINE('',#2176,#2177);
#2176 = CARTESIAN_POINT('',(-4.55,2.3,0.25));
#2177 = VECTOR('',#2178,1.);
#2178 = DIRECTION('',(-0.,-0.,-1.));
#2179 = PLANE('',#2180);
#2180 = AXIS2_PLACEMENT_3D('',#2181,#2182,#2183);
#2181 = CARTESIAN_POINT('',(-4.55,1.4,0.25));
#2182 = DIRECTION('',(1.,0.,0.));
#2183 = DIRECTION('',(0.,0.,-1.));
#2184 = ADVANCED_FACE('',(#2185),#2196,.F.);
#2185 = FACE_BOUND('',#2186,.T.);
#2186 = EDGE_LOOP('',(#2187,#2188,#2189,#2195));
#2187 = ORIENTED_EDGE('',*,*,#1439,.T.);
#2188 = ORIENTED_EDGE('',*,*,#2174,.F.);
#2189 = ORIENTED_EDGE('',*,*,#2190,.F.);
#2190 = EDGE_CURVE('',#2111,#2167,#2191,.T.);
#2191 = LINE('',#2192,#2193);
#2192 = CARTESIAN_POINT('',(-4.55,2.3,0.25));
#2193 = VECTOR('',#2194,1.);
#2194 = DIRECTION('',(1.,0.,0.));
#2195 = ORIENTED_EDGE('',*,*,#2110,.T.);
#2196 = PLANE('',#2197);
#2197 = AXIS2_PLACEMENT_3D('',#2198,#2199,#2200);
#2198 = CARTESIAN_POINT('',(-4.55,2.3,0.25));
#2199 = DIRECTION('',(0.,1.,0.));
#2200 = DIRECTION('',(0.,0.,1.));
#2201 = ADVANCED_FACE('',(#2202),#2208,.F.);
#2202 = FACE_BOUND('',#2203,.T.);
#2203 = EDGE_LOOP('',(#2204,#2205,#2206,#2207));
#2204 = ORIENTED_EDGE('',*,*,#2118,.T.);
#2205 = ORIENTED_EDGE('',*,*,#2190,.T.);
#2206 = ORIENTED_EDGE('',*,*,#2166,.T.);
#2207 = ORIENTED_EDGE('',*,*,#2142,.T.);
#2208 = PLANE('',#2209);
#2209 = AXIS2_PLACEMENT_3D('',#2210,#2211,#2212);
#2210 = CARTESIAN_POINT('',(12.,11.4,0.25));
#2211 = DIRECTION('',(0.,0.,1.));
#2212 = DIRECTION('',(1.,0.,0.));
#2213 = ADVANCED_FACE('',(#2214),#2239,.F.);
#2214 = FACE_BOUND('',#2215,.T.);
#2215 = EDGE_LOOP('',(#2216,#2217,#2225,#2233));
#2216 = ORIENTED_EDGE('',*,*,#1415,.T.);
#2217 = ORIENTED_EDGE('',*,*,#2218,.F.);
#2218 = EDGE_CURVE('',#2219,#1406,#2221,.T.);
#2219 = VERTEX_POINT('',#2220);
#2220 = CARTESIAN_POINT('',(28.55,1.4,0.25));
#2221 = LINE('',#2222,#2223);
#2222 = CARTESIAN_POINT('',(28.55,1.4,0.25));
#2223 = VECTOR('',#2224,1.);
#2224 = DIRECTION('',(-0.,-0.,-1.));
#2225 = ORIENTED_EDGE('',*,*,#2226,.F.);
#2226 = EDGE_CURVE('',#2227,#2219,#2229,.T.);
#2227 = VERTEX_POINT('',#2228);
#2228 = CARTESIAN_POINT('',(30.05,1.4,0.25));
#2229 = LINE('',#2230,#2231);
#2230 = CARTESIAN_POINT('',(30.05,1.4,0.25));
#2231 = VECTOR('',#2232,1.);
#2232 = DIRECTION('',(-1.,1.156482317318E-15,0.));
#2233 = ORIENTED_EDGE('',*,*,#2234,.T.);
#2234 = EDGE_CURVE('',#2227,#1416,#2235,.T.);
#2235 = LINE('',#2236,#2237);
#2236 = CARTESIAN_POINT('',(30.05,1.4,0.25));
#2237 = VECTOR('',#2238,1.);
#2238 = DIRECTION('',(-0.,-0.,-1.));
#2239 = PLANE('',#2240);
#2240 = AXIS2_PLACEMENT_3D('',#2241,#2242,#2243);
#2241 = CARTESIAN_POINT('',(30.05,1.4,0.25));
#2242 = DIRECTION('',(-1.156482317318E-15,-1.,0.));
#2243 = DIRECTION('',(1.,-1.156482317318E-15,0.));
#2244 = ADVANCED_FACE('',(#2245),#2263,.F.);
#2245 = FACE_BOUND('',#2246,.T.);
#2246 = EDGE_LOOP('',(#2247,#2248,#2249,#2257));
#2247 = ORIENTED_EDGE('',*,*,#1423,.T.);
#2248 = ORIENTED_EDGE('',*,*,#2234,.F.);
#2249 = ORIENTED_EDGE('',*,*,#2250,.F.);
#2250 = EDGE_CURVE('',#2251,#2227,#2253,.T.);
#2251 = VERTEX_POINT('',#2252);
#2252 = CARTESIAN_POINT('',(30.05,2.3,0.25));
#2253 = LINE('',#2254,#2255);
#2254 = CARTESIAN_POINT('',(30.05,2.3,0.25));
#2255 = VECTOR('',#2256,1.);
#2256 = DIRECTION('',(0.,-1.,0.));
#2257 = ORIENTED_EDGE('',*,*,#2258,.T.);
#2258 = EDGE_CURVE('',#2251,#1424,#2259,.T.);
#2259 = LINE('',#2260,#2261);
#2260 = CARTESIAN_POINT('',(30.05,2.3,0.25));
#2261 = VECTOR('',#2262,1.);
#2262 = DIRECTION('',(-0.,-0.,-1.));
#2263 = PLANE('',#2264);
#2264 = AXIS2_PLACEMENT_3D('',#2265,#2266,#2267);
#2265 = CARTESIAN_POINT('',(30.05,2.3,0.25));
#2266 = DIRECTION('',(1.,0.,0.));
#2267 = DIRECTION('',(0.,0.,-1.));
#2268 = ADVANCED_FACE('',(#2269),#2287,.F.);
#2269 = FACE_BOUND('',#2270,.T.);
#2270 = EDGE_LOOP('',(#2271,#2272,#2273,#2281));
#2271 = ORIENTED_EDGE('',*,*,#1431,.T.);
#2272 = ORIENTED_EDGE('',*,*,#2258,.F.);
#2273 = ORIENTED_EDGE('',*,*,#2274,.F.);
#2274 = EDGE_CURVE('',#2275,#2251,#2277,.T.);
#2275 = VERTEX_POINT('',#2276);
#2276 = CARTESIAN_POINT('',(28.55,2.3,0.25));
#2277 = LINE('',#2278,#2279);
#2278 = CARTESIAN_POINT('',(28.55,2.3,0.25));
#2279 = VECTOR('',#2280,1.);
#2280 = DIRECTION('',(1.,0.,0.));
#2281 = ORIENTED_EDGE('',*,*,#2282,.T.);
#2282 = EDGE_CURVE('',#2275,#1408,#2283,.T.);
#2283 = LINE('',#2284,#2285);
#2284 = CARTESIAN_POINT('',(28.55,2.3,0.25));
#2285 = VECTOR('',#2286,1.);
#2286 = DIRECTION('',(-0.,-0.,-1.));
#2287 = PLANE('',#2288);
#2288 = AXIS2_PLACEMENT_3D('',#2289,#2290,#2291);
#2289 = CARTESIAN_POINT('',(28.55,2.3,0.25));
#2290 = DIRECTION('',(0.,1.,0.));
#2291 = DIRECTION('',(0.,0.,1.));
#2292 = ADVANCED_FACE('',(#2293),#2304,.F.);
#2293 = FACE_BOUND('',#2294,.T.);
#2294 = EDGE_LOOP('',(#2295,#2296,#2297,#2303));
#2295 = ORIENTED_EDGE('',*,*,#1405,.T.);
#2296 = ORIENTED_EDGE('',*,*,#2282,.F.);
#2297 = ORIENTED_EDGE('',*,*,#2298,.F.);
#2298 = EDGE_CURVE('',#2219,#2275,#2299,.T.);
#2299 = LINE('',#2300,#2301);
#2300 = CARTESIAN_POINT('',(28.55,1.4,0.25));
#2301 = VECTOR('',#2302,1.);
#2302 = DIRECTION('',(0.,1.,0.));
#2303 = ORIENTED_EDGE('',*,*,#2218,.T.);
#2304 = PLANE('',#2305);
#2305 = AXIS2_PLACEMENT_3D('',#2306,#2307,#2308);
#2306 = CARTESIAN_POINT('',(28.55,1.4,0.25));
#2307 = DIRECTION('',(-1.,0.,0.));
#2308 = DIRECTION('',(0.,0.,1.));
#2309 = ADVANCED_FACE('',(#2310),#2316,.T.);
#2310 = FACE_BOUND('',#2311,.T.);
#2311 = EDGE_LOOP('',(#2312,#2313,#2314,#2315));
#2312 = ORIENTED_EDGE('',*,*,#2226,.T.);
#2313 = ORIENTED_EDGE('',*,*,#2298,.T.);
#2314 = ORIENTED_EDGE('',*,*,#2274,.T.);
#2315 = ORIENTED_EDGE('',*,*,#2250,.T.);
#2316 = PLANE('',#2317);
#2317 = AXIS2_PLACEMENT_3D('',#2318,#2319,#2320);
#2318 = CARTESIAN_POINT('',(12.,11.4,0.25));
#2319 = DIRECTION('',(0.,0.,-1.));
#2320 = DIRECTION('',(-1.,0.,0.));
#2321 = ADVANCED_FACE('',(#2322),#2333,.F.);
#2322 = FACE_BOUND('',#2323,.T.);
#2323 = EDGE_LOOP('',(#2324,#2325,#2331,#2332));
#2324 = ORIENTED_EDGE('',*,*,#1874,.F.);
#2325 = ORIENTED_EDGE('',*,*,#2326,.F.);
#2326 = EDGE_CURVE('',#1132,#1248,#2327,.T.);
#2327 = LINE('',#2328,#2329);
#2328 = CARTESIAN_POINT('',(31.8,22.65,3.701));
#2329 = VECTOR('',#2330,1.);
#2330 = DIRECTION('',(4.391705002473E-16,1.,0.));
#2331 = ORIENTED_EDGE('',*,*,#1750,.T.);
#2332 = ORIENTED_EDGE('',*,*,#1375,.T.);
#2333 = PLANE('',#2334);
#2334 = AXIS2_PLACEMENT_3D('',#2335,#2336,#2337);
#2335 = CARTESIAN_POINT('',(31.8,0.15,3.7));
#2336 = DIRECTION('',(-1.,0.,0.));
#2337 = DIRECTION('',(0.,0.,1.));
#2338 = ADVANCED_FACE('',(#2339),#2350,.F.);
#2339 = FACE_BOUND('',#2340,.T.);
#2340 = EDGE_LOOP('',(#2341,#2342,#2348,#2349));
#2341 = ORIENTED_EDGE('',*,*,#1969,.F.);
#2342 = ORIENTED_EDGE('',*,*,#2343,.F.);
#2343 = EDGE_CURVE('',#1179,#1279,#2344,.T.);
#2344 = LINE('',#2345,#2346);
#2345 = CARTESIAN_POINT('',(-7.8,6.85,3.701));
#2346 = VECTOR('',#2347,1.);
#2347 = DIRECTION('',(-0.,-1.,-0.));
#2348 = ORIENTED_EDGE('',*,*,#1843,.T.);
#2349 = ORIENTED_EDGE('',*,*,#1335,.T.);
#2350 = PLANE('',#2351);
#2351 = AXIS2_PLACEMENT_3D('',#2352,#2353,#2354);
#2352 = CARTESIAN_POINT('',(-7.8,0.15,3.7));
#2353 = DIRECTION('',(1.,0.,0.));
#2354 = DIRECTION('',(0.,0.,-1.));
#2355 = ADVANCED_FACE('',(#2356,#2371),#2405,.F.);
#2356 = FACE_BOUND('',#2357,.T.);
#2357 = EDGE_LOOP('',(#2358,#2359,#2360,#2361,#2362,#2363,#2364,#2365));
#2358 = ORIENTED_EDGE('',*,*,#1129,.T.);
#2359 = ORIENTED_EDGE('',*,*,#2326,.T.);
#2360 = ORIENTED_EDGE('',*,*,#1247,.T.);
#2361 = ORIENTED_EDGE('',*,*,#1216,.T.);
#2362 = ORIENTED_EDGE('',*,*,#1176,.T.);
#2363 = ORIENTED_EDGE('',*,*,#2343,.T.);
#2364 = ORIENTED_EDGE('',*,*,#1278,.T.);
#2365 = ORIENTED_EDGE('',*,*,#2366,.T.);
#2366 = EDGE_CURVE('',#1281,#1130,#2367,.T.);
#2367 = LINE('',#2368,#2369);
#2368 = CARTESIAN_POINT('',(31.8,6.85,3.701));
#2369 = VECTOR('',#2370,1.);
#2370 = DIRECTION('',(1.,0.,0.));
#2371 = FACE_BOUND('',#2372,.T.);
#2372 = EDGE_LOOP('',(#2373,#2383,#2391,#2399));
#2373 = ORIENTED_EDGE('',*,*,#2374,.F.);
#2374 = EDGE_CURVE('',#2375,#2377,#2379,.T.);
#2375 = VERTEX_POINT('',#2376);
#2376 = CARTESIAN_POINT('',(31.3,7.35,3.701));
#2377 = VERTEX_POINT('',#2378);
#2378 = CARTESIAN_POINT('',(31.3,22.15,3.701));
#2379 = LINE('',#2380,#2381);
#2380 = CARTESIAN_POINT('',(31.3,7.35,3.701));
#2381 = VECTOR('',#2382,1.);
#2382 = DIRECTION('',(2.344220913482E-16,1.,0.));
#2383 = ORIENTED_EDGE('',*,*,#2384,.F.);
#2384 = EDGE_CURVE('',#2385,#2375,#2387,.T.);
#2385 = VERTEX_POINT('',#2386);
#2386 = CARTESIAN_POINT('',(-7.3,7.35,3.701));
#2387 = LINE('',#2388,#2389);
#2388 = CARTESIAN_POINT('',(-7.3,7.35,3.701));
#2389 = VECTOR('',#2390,1.);
#2390 = DIRECTION('',(1.,-8.98820453874E-17,0.));
#2391 = ORIENTED_EDGE('',*,*,#2392,.F.);
#2392 = EDGE_CURVE('',#2393,#2385,#2395,.T.);
#2393 = VERTEX_POINT('',#2394);
#2394 = CARTESIAN_POINT('',(-7.3,22.15,3.701));
#2395 = LINE('',#2396,#2397);
#2396 = CARTESIAN_POINT('',(-7.3,22.15,3.701));
#2397 = VECTOR('',#2398,1.);
#2398 = DIRECTION('',(0.,-1.,0.));
#2399 = ORIENTED_EDGE('',*,*,#2400,.F.);
#2400 = EDGE_CURVE('',#2377,#2393,#2401,.T.);
#2401 = LINE('',#2402,#2403);
#2402 = CARTESIAN_POINT('',(31.3,22.15,3.701));
#2403 = VECTOR('',#2404,1.);
#2404 = DIRECTION('',(-1.,0.,0.));
#2405 = PLANE('',#2406);
#2406 = AXIS2_PLACEMENT_3D('',#2407,#2408,#2409);
#2407 = CARTESIAN_POINT('',(12.,11.4,3.701));
#2408 = DIRECTION('',(0.,0.,-1.));
#2409 = DIRECTION('',(-1.,0.,0.));
#2410 = ADVANCED_FACE('',(#2411),#2417,.F.);
#2411 = FACE_BOUND('',#2412,.T.);
#2412 = EDGE_LOOP('',(#2413,#2414,#2415,#2416));
#2413 = ORIENTED_EDGE('',*,*,#1091,.T.);
#2414 = ORIENTED_EDGE('',*,*,#1139,.F.);
#2415 = ORIENTED_EDGE('',*,*,#2366,.F.);
#2416 = ORIENTED_EDGE('',*,*,#1311,.T.);
#2417 = PLANE('',#2418);
#2418 = AXIS2_PLACEMENT_3D('',#2419,#2420,#2421);
#2419 = CARTESIAN_POINT('',(31.8,6.85,3.701));
#2420 = DIRECTION('',(0.,1.,0.));
#2421 = DIRECTION('',(0.,0.,1.));
#2422 = ADVANCED_FACE('',(#2423),#2448,.T.);
#2423 = FACE_BOUND('',#2424,.T.);
#2424 = EDGE_LOOP('',(#2425,#2435,#2441,#2442));
#2425 = ORIENTED_EDGE('',*,*,#2426,.F.);
#2426 = EDGE_CURVE('',#2427,#2429,#2431,.T.);
#2427 = VERTEX_POINT('',#2428);
#2428 = CARTESIAN_POINT('',(31.3,7.35,3.7));
#2429 = VERTEX_POINT('',#2430);
#2430 = CARTESIAN_POINT('',(31.3,22.15,3.7));
#2431 = LINE('',#2432,#2433);
#2432 = CARTESIAN_POINT('',(31.3,7.35,3.7));
#2433 = VECTOR('',#2434,1.);
#2434 = DIRECTION('',(2.344220913482E-16,1.,0.));
#2435 = ORIENTED_EDGE('',*,*,#2436,.F.);
#2436 = EDGE_CURVE('',#2375,#2427,#2437,.T.);
#2437 = LINE('',#2438,#2439);
#2438 = CARTESIAN_POINT('',(31.3,7.35,3.701));
#2439 = VECTOR('',#2440,1.);
#2440 = DIRECTION('',(-0.,-0.,-1.));
#2441 = ORIENTED_EDGE('',*,*,#2374,.T.);
#2442 = ORIENTED_EDGE('',*,*,#2443,.T.);
#2443 = EDGE_CURVE('',#2377,#2429,#2444,.T.);
#2444 = LINE('',#2445,#2446);
#2445 = CARTESIAN_POINT('',(31.3,22.15,3.701));
#2446 = VECTOR('',#2447,1.);
#2447 = DIRECTION('',(-0.,-0.,-1.));
#2448 = PLANE('',#2449);
#2449 = AXIS2_PLACEMENT_3D('',#2450,#2451,#2452);
#2450 = CARTESIAN_POINT('',(31.3,7.35,3.701));
#2451 = DIRECTION('',(-1.,2.344220913482E-16,0.));
#2452 = DIRECTION('',(-2.344220913482E-16,-1.,0.));
#2453 = ADVANCED_FACE('',(#2454),#2472,.T.);
#2454 = FACE_BOUND('',#2455,.T.);
#2455 = EDGE_LOOP('',(#2456,#2464,#2465,#2466));
#2456 = ORIENTED_EDGE('',*,*,#2457,.F.);
#2457 = EDGE_CURVE('',#2429,#2458,#2460,.T.);
#2458 = VERTEX_POINT('',#2459);
#2459 = CARTESIAN_POINT('',(-7.3,22.15,3.7));
#2460 = LINE('',#2461,#2462);
#2461 = CARTESIAN_POINT('',(31.3,22.15,3.7));
#2462 = VECTOR('',#2463,1.);
#2463 = DIRECTION('',(-1.,0.,0.));
#2464 = ORIENTED_EDGE('',*,*,#2443,.F.);
#2465 = ORIENTED_EDGE('',*,*,#2400,.T.);
#2466 = ORIENTED_EDGE('',*,*,#2467,.T.);
#2467 = EDGE_CURVE('',#2393,#2458,#2468,.T.);
#2468 = LINE('',#2469,#2470);
#2469 = CARTESIAN_POINT('',(-7.3,22.15,3.701));
#2470 = VECTOR('',#2471,1.);
#2471 = DIRECTION('',(-0.,-0.,-1.));
#2472 = PLANE('',#2473);
#2473 = AXIS2_PLACEMENT_3D('',#2474,#2475,#2476);
#2474 = CARTESIAN_POINT('',(31.3,22.15,3.701));
#2475 = DIRECTION('',(0.,-1.,0.));
#2476 = DIRECTION('',(0.,0.,-1.));
#2477 = ADVANCED_FACE('',(#2478),#2496,.T.);
#2478 = FACE_BOUND('',#2479,.T.);
#2479 = EDGE_LOOP('',(#2480,#2488,#2489,#2490));
#2480 = ORIENTED_EDGE('',*,*,#2481,.F.);
#2481 = EDGE_CURVE('',#2458,#2482,#2484,.T.);
#2482 = VERTEX_POINT('',#2483);
#2483 = CARTESIAN_POINT('',(-7.3,7.35,3.7));
#2484 = LINE('',#2485,#2486);
#2485 = CARTESIAN_POINT('',(-7.3,22.15,3.7));
#2486 = VECTOR('',#2487,1.);
#2487 = DIRECTION('',(0.,-1.,0.));
#2488 = ORIENTED_EDGE('',*,*,#2467,.F.);
#2489 = ORIENTED_EDGE('',*,*,#2392,.T.);
#2490 = ORIENTED_EDGE('',*,*,#2491,.T.);
#2491 = EDGE_CURVE('',#2385,#2482,#2492,.T.);
#2492 = LINE('',#2493,#2494);
#2493 = CARTESIAN_POINT('',(-7.3,7.35,3.701));
#2494 = VECTOR('',#2495,1.);
#2495 = DIRECTION('',(-0.,-0.,-1.));
#2496 = PLANE('',#2497);
#2497 = AXIS2_PLACEMENT_3D('',#2498,#2499,#2500);
#2498 = CARTESIAN_POINT('',(-7.3,22.15,3.701));
#2499 = DIRECTION('',(1.,0.,0.));
#2500 = DIRECTION('',(0.,0.,-1.));
#2501 = ADVANCED_FACE('',(#2502),#2513,.T.);
#2502 = FACE_BOUND('',#2503,.T.);
#2503 = EDGE_LOOP('',(#2504,#2510,#2511,#2512));
#2504 = ORIENTED_EDGE('',*,*,#2505,.F.);
#2505 = EDGE_CURVE('',#2482,#2427,#2506,.T.);
#2506 = LINE('',#2507,#2508);
#2507 = CARTESIAN_POINT('',(-7.3,7.35,3.7));
#2508 = VECTOR('',#2509,1.);
#2509 = DIRECTION('',(1.,-8.98820453874E-17,0.));
#2510 = ORIENTED_EDGE('',*,*,#2491,.F.);
#2511 = ORIENTED_EDGE('',*,*,#2384,.T.);
#2512 = ORIENTED_EDGE('',*,*,#2436,.T.);
#2513 = PLANE('',#2514);
#2514 = AXIS2_PLACEMENT_3D('',#2515,#2516,#2517);
#2515 = CARTESIAN_POINT('',(-7.3,7.35,3.701));
#2516 = DIRECTION('',(8.98820453874E-17,1.,0.));
#2517 = DIRECTION('',(-1.,8.98820453874E-17,0.));
#2518 = ADVANCED_FACE('',(#2519),#2525,.T.);
#2519 = FACE_BOUND('',#2520,.T.);
#2520 = EDGE_LOOP('',(#2521,#2522,#2523,#2524));
#2521 = ORIENTED_EDGE('',*,*,#2426,.T.);
#2522 = ORIENTED_EDGE('',*,*,#2457,.T.);
#2523 = ORIENTED_EDGE('',*,*,#2481,.T.);
#2524 = ORIENTED_EDGE('',*,*,#2505,.T.);
#2525 = PLANE('',#2526);
#2526 = AXIS2_PLACEMENT_3D('',#2527,#2528,#2529);
#2527 = CARTESIAN_POINT('',(12.,11.4,3.7));
#2528 = DIRECTION('',(0.,0.,1.));
#2529 = DIRECTION('',(1.,0.,0.));
#2530 = ADVANCED_FACE('',(#2531),#2572,.F.);
#2531 = FACE_BOUND('',#2532,.T.);
#2532 = EDGE_LOOP('',(#2533,#2534,#2542,#2550,#2558,#2566));
#2533 = ORIENTED_EDGE('',*,*,#563,.F.);
#2534 = ORIENTED_EDGE('',*,*,#2535,.F.);
#2535 = EDGE_CURVE('',#2536,#556,#2538,.T.);
#2536 = VERTEX_POINT('',#2537);
#2537 = CARTESIAN_POINT('',(1.,0.15,1.7));
#2538 = LINE('',#2539,#2540);
#2539 = CARTESIAN_POINT('',(1.,0.15,1.7));
#2540 = VECTOR('',#2541,1.);
#2541 = DIRECTION('',(0.,0.,1.));
#2542 = ORIENTED_EDGE('',*,*,#2543,.F.);
#2543 = EDGE_CURVE('',#2544,#2536,#2546,.T.);
#2544 = VERTEX_POINT('',#2545);
#2545 = CARTESIAN_POINT('',(1.,-0.15,1.7));
#2546 = LINE('',#2547,#2548);
#2547 = CARTESIAN_POINT('',(1.,-0.15,1.7));
#2548 = VECTOR('',#2549,1.);
#2549 = DIRECTION('',(0.,1.,0.));
#2550 = ORIENTED_EDGE('',*,*,#2551,.F.);
#2551 = EDGE_CURVE('',#2552,#2544,#2554,.T.);
#2552 = VERTEX_POINT('',#2553);
#2553 = CARTESIAN_POINT('',(1.,-0.15,3.701));
#2554 = LINE('',#2555,#2556);
#2555 = CARTESIAN_POINT('',(1.,-0.15,3.7));
#2556 = VECTOR('',#2557,1.);
#2557 = DIRECTION('',(0.,0.,-1.));
#2558 = ORIENTED_EDGE('',*,*,#2559,.F.);
#2559 = EDGE_CURVE('',#2560,#2552,#2562,.T.);
#2560 = VERTEX_POINT('',#2561);
#2561 = CARTESIAN_POINT('',(1.,1.55,3.701));
#2562 = LINE('',#2563,#2564);
#2563 = CARTESIAN_POINT('',(1.,-0.15,3.701));
#2564 = VECTOR('',#2565,1.);
#2565 = DIRECTION('',(4.081702296416E-15,-1.,0.));
#2566 = ORIENTED_EDGE('',*,*,#2567,.T.);
#2567 = EDGE_CURVE('',#2560,#564,#2568,.T.);
#2568 = LINE('',#2569,#2570);
#2569 = CARTESIAN_POINT('',(1.,1.55,3.701));
#2570 = VECTOR('',#2571,1.);
#2571 = DIRECTION('',(-0.,-0.,-1.));
#2572 = PLANE('',#2573);
#2573 = AXIS2_PLACEMENT_3D('',#2574,#2575,#2576);
#2574 = CARTESIAN_POINT('',(1.,-0.15,3.7));
#2575 = DIRECTION('',(1.,0.,0.));
#2576 = DIRECTION('',(0.,0.,-1.));
#2577 = ADVANCED_FACE('',(#2578),#3668,.F.);
#2578 = FACE_BOUND('',#2579,.T.);
#2579 = EDGE_LOOP('',(#2580,#2590,#2598,#2606,#2614,#2620,#2621,#2629,
    #2637,#2645,#2653,#2661,#2669,#2677,#2685,#2691,#2692,#2693,#2694,
    #2702,#2710,#2718,#2726,#2734,#2742,#2750,#2758,#2766,#2774,#2782,
    #2790,#2798,#2806,#2814,#2822,#2830,#2838,#2846,#2854,#2862,#2870,
    #2878,#2886,#2894,#2902,#2910,#2918,#2926,#2934,#2942,#2950,#2958,
    #2966,#2974,#2982,#2990,#2998,#3006,#3014,#3022,#3030,#3038,#3046,
    #3054,#3062,#3070,#3078,#3086,#3094,#3102,#3110,#3118,#3126,#3134,
    #3142,#3150,#3158,#3166,#3174,#3182,#3190,#3198,#3206,#3214,#3222,
    #3230,#3238,#3246,#3254,#3262,#3270,#3278,#3286,#3294,#3302,#3310,
    #3318,#3326,#3334,#3342,#3350,#3358,#3366,#3374,#3382,#3390,#3398,
    #3406,#3414,#3422,#3430,#3438,#3446,#3454,#3462,#3470,#3478,#3486,
    #3494,#3502,#3510,#3518,#3526,#3534,#3542,#3550,#3558,#3566,#3574,
    #3582,#3590,#3598,#3606,#3614,#3622,#3630,#3638,#3646,#3654,#3662));
#2580 = ORIENTED_EDGE('',*,*,#2581,.F.);
#2581 = EDGE_CURVE('',#2582,#2584,#2586,.T.);
#2582 = VERTEX_POINT('',#2583);
#2583 = CARTESIAN_POINT('',(1.7,-0.15,1.7));
#2584 = VERTEX_POINT('',#2585);
#2585 = CARTESIAN_POINT('',(2.,-0.15,1.7));
#2586 = LINE('',#2587,#2588);
#2587 = CARTESIAN_POINT('',(1.,-0.15,1.7));
#2588 = VECTOR('',#2589,1.);
#2589 = DIRECTION('',(1.,0.,-2.168404344971E-16));
#2590 = ORIENTED_EDGE('',*,*,#2591,.T.);
#2591 = EDGE_CURVE('',#2582,#2592,#2594,.T.);
#2592 = VERTEX_POINT('',#2593);
#2593 = CARTESIAN_POINT('',(1.7,0.15,1.7));
#2594 = LINE('',#2595,#2596);
#2595 = CARTESIAN_POINT('',(1.7,-0.15,1.7));
#2596 = VECTOR('',#2597,1.);
#2597 = DIRECTION('',(0.,1.,0.));
#2598 = ORIENTED_EDGE('',*,*,#2599,.F.);
#2599 = EDGE_CURVE('',#2600,#2592,#2602,.T.);
#2600 = VERTEX_POINT('',#2601);
#2601 = CARTESIAN_POINT('',(1.3,0.15,1.7));
#2602 = LINE('',#2603,#2604);
#2603 = CARTESIAN_POINT('',(1.,0.15,1.7));
#2604 = VECTOR('',#2605,1.);
#2605 = DIRECTION('',(1.,0.,-2.168404344971E-16));
#2606 = ORIENTED_EDGE('',*,*,#2607,.T.);
#2607 = EDGE_CURVE('',#2600,#2608,#2610,.T.);
#2608 = VERTEX_POINT('',#2609);
#2609 = CARTESIAN_POINT('',(1.3,-0.15,1.7));
#2610 = LINE('',#2611,#2612);
#2611 = CARTESIAN_POINT('',(1.3,-0.15,1.7));
#2612 = VECTOR('',#2613,1.);
#2613 = DIRECTION('',(0.,-1.,0.));
#2614 = ORIENTED_EDGE('',*,*,#2615,.F.);
#2615 = EDGE_CURVE('',#2544,#2608,#2616,.T.);
#2616 = LINE('',#2617,#2618);
#2617 = CARTESIAN_POINT('',(1.,-0.15,1.7));
#2618 = VECTOR('',#2619,1.);
#2619 = DIRECTION('',(1.,0.,-2.168404344971E-16));
#2620 = ORIENTED_EDGE('',*,*,#2543,.T.);
#2621 = ORIENTED_EDGE('',*,*,#2622,.F.);
#2622 = EDGE_CURVE('',#2623,#2536,#2625,.T.);
#2623 = VERTEX_POINT('',#2624);
#2624 = CARTESIAN_POINT('',(0.5,0.15,1.7));
#2625 = LINE('',#2626,#2627);
#2626 = CARTESIAN_POINT('',(1.,0.15,1.7));
#2627 = VECTOR('',#2628,1.);
#2628 = DIRECTION('',(1.,0.,0.));
#2629 = ORIENTED_EDGE('',*,*,#2630,.F.);
#2630 = EDGE_CURVE('',#2631,#2623,#2633,.T.);
#2631 = VERTEX_POINT('',#2632);
#2632 = CARTESIAN_POINT('',(0.5,-0.15,1.7));
#2633 = LINE('',#2634,#2635);
#2634 = CARTESIAN_POINT('',(0.5,-0.15,1.7));
#2635 = VECTOR('',#2636,1.);
#2636 = DIRECTION('',(0.,1.,0.));
#2637 = ORIENTED_EDGE('',*,*,#2638,.F.);
#2638 = EDGE_CURVE('',#2639,#2631,#2641,.T.);
#2639 = VERTEX_POINT('',#2640);
#2640 = CARTESIAN_POINT('',(0.2,-0.15,1.7));
#2641 = LINE('',#2642,#2643);
#2642 = CARTESIAN_POINT('',(-0.5,-0.15,1.7));
#2643 = VECTOR('',#2644,1.);
#2644 = DIRECTION('',(1.,0.,-2.168404344971E-16));
#2645 = ORIENTED_EDGE('',*,*,#2646,.T.);
#2646 = EDGE_CURVE('',#2639,#2647,#2649,.T.);
#2647 = VERTEX_POINT('',#2648);
#2648 = CARTESIAN_POINT('',(0.2,0.15,1.7));
#2649 = LINE('',#2650,#2651);
#2650 = CARTESIAN_POINT('',(0.2,-0.15,1.7));
#2651 = VECTOR('',#2652,1.);
#2652 = DIRECTION('',(0.,1.,0.));
#2653 = ORIENTED_EDGE('',*,*,#2654,.F.);
#2654 = EDGE_CURVE('',#2655,#2647,#2657,.T.);
#2655 = VERTEX_POINT('',#2656);
#2656 = CARTESIAN_POINT('',(-0.2,0.15,1.7));
#2657 = LINE('',#2658,#2659);
#2658 = CARTESIAN_POINT('',(-0.5,0.15,1.7));
#2659 = VECTOR('',#2660,1.);
#2660 = DIRECTION('',(1.,0.,-2.168404344971E-16));
#2661 = ORIENTED_EDGE('',*,*,#2662,.T.);
#2662 = EDGE_CURVE('',#2655,#2663,#2665,.T.);
#2663 = VERTEX_POINT('',#2664);
#2664 = CARTESIAN_POINT('',(-0.2,-0.15,1.7));
#2665 = LINE('',#2666,#2667);
#2666 = CARTESIAN_POINT('',(-0.2,-0.15,1.7));
#2667 = VECTOR('',#2668,1.);
#2668 = DIRECTION('',(0.,-1.,0.));
#2669 = ORIENTED_EDGE('',*,*,#2670,.F.);
#2670 = EDGE_CURVE('',#2671,#2663,#2673,.T.);
#2671 = VERTEX_POINT('',#2672);
#2672 = CARTESIAN_POINT('',(-0.5,-0.15,1.7));
#2673 = LINE('',#2674,#2675);
#2674 = CARTESIAN_POINT('',(-0.5,-0.15,1.7));
#2675 = VECTOR('',#2676,1.);
#2676 = DIRECTION('',(1.,0.,-2.168404344971E-16));
#2677 = ORIENTED_EDGE('',*,*,#2678,.T.);
#2678 = EDGE_CURVE('',#2671,#2679,#2681,.T.);
#2679 = VERTEX_POINT('',#2680);
#2680 = CARTESIAN_POINT('',(-0.5,0.15,1.7));
#2681 = LINE('',#2682,#2683);
#2682 = CARTESIAN_POINT('',(-0.5,-0.15,1.7));
#2683 = VECTOR('',#2684,1.);
#2684 = DIRECTION('',(0.,1.,0.));
#2685 = ORIENTED_EDGE('',*,*,#2686,.F.);
#2686 = EDGE_CURVE('',#1905,#2679,#2687,.T.);
#2687 = LINE('',#2688,#2689);
#2688 = CARTESIAN_POINT('',(-0.5,0.15,1.7));
#2689 = VECTOR('',#2690,1.);
#2690 = DIRECTION('',(1.,0.,0.));
#2691 = ORIENTED_EDGE('',*,*,#1904,.F.);
#2692 = ORIENTED_EDGE('',*,*,#499,.T.);
#2693 = ORIENTED_EDGE('',*,*,#1805,.F.);
#2694 = ORIENTED_EDGE('',*,*,#2695,.F.);
#2695 = EDGE_CURVE('',#2696,#1798,#2698,.T.);
#2696 = VERTEX_POINT('',#2697);
#2697 = CARTESIAN_POINT('',(24.5,0.15,1.7));
#2698 = LINE('',#2699,#2700);
#2699 = CARTESIAN_POINT('',(24.5,0.15,1.7));
#2700 = VECTOR('',#2701,1.);
#2701 = DIRECTION('',(1.,0.,0.));
#2702 = ORIENTED_EDGE('',*,*,#2703,.F.);
#2703 = EDGE_CURVE('',#2704,#2696,#2706,.T.);
#2704 = VERTEX_POINT('',#2705);
#2705 = CARTESIAN_POINT('',(24.5,-0.15,1.7));
#2706 = LINE('',#2707,#2708);
#2707 = CARTESIAN_POINT('',(24.5,-0.15,1.7));
#2708 = VECTOR('',#2709,1.);
#2709 = DIRECTION('',(0.,1.,0.));
#2710 = ORIENTED_EDGE('',*,*,#2711,.F.);
#2711 = EDGE_CURVE('',#2712,#2704,#2714,.T.);
#2712 = VERTEX_POINT('',#2713);
#2713 = CARTESIAN_POINT('',(24.2,-0.15,1.7));
#2714 = LINE('',#2715,#2716);
#2715 = CARTESIAN_POINT('',(23.5,-0.15,1.7));
#2716 = VECTOR('',#2717,1.);
#2717 = DIRECTION('',(1.,0.,-2.168404344971E-16));
#2718 = ORIENTED_EDGE('',*,*,#2719,.T.);
#2719 = EDGE_CURVE('',#2712,#2720,#2722,.T.);
#2720 = VERTEX_POINT('',#2721);
#2721 = CARTESIAN_POINT('',(24.2,0.15,1.7));
#2722 = LINE('',#2723,#2724);
#2723 = CARTESIAN_POINT('',(24.2,-0.15,1.7));
#2724 = VECTOR('',#2725,1.);
#2725 = DIRECTION('',(0.,1.,0.));
#2726 = ORIENTED_EDGE('',*,*,#2727,.F.);
#2727 = EDGE_CURVE('',#2728,#2720,#2730,.T.);
#2728 = VERTEX_POINT('',#2729);
#2729 = CARTESIAN_POINT('',(23.8,0.15,1.7));
#2730 = LINE('',#2731,#2732);
#2731 = CARTESIAN_POINT('',(23.5,0.15,1.7));
#2732 = VECTOR('',#2733,1.);
#2733 = DIRECTION('',(1.,0.,-2.168404344971E-16));
#2734 = ORIENTED_EDGE('',*,*,#2735,.T.);
#2735 = EDGE_CURVE('',#2728,#2736,#2738,.T.);
#2736 = VERTEX_POINT('',#2737);
#2737 = CARTESIAN_POINT('',(23.8,-0.15,1.7));
#2738 = LINE('',#2739,#2740);
#2739 = CARTESIAN_POINT('',(23.8,-0.15,1.7));
#2740 = VECTOR('',#2741,1.);
#2741 = DIRECTION('',(0.,-1.,0.));
#2742 = ORIENTED_EDGE('',*,*,#2743,.F.);
#2743 = EDGE_CURVE('',#2744,#2736,#2746,.T.);
#2744 = VERTEX_POINT('',#2745);
#2745 = CARTESIAN_POINT('',(23.5,-0.15,1.7));
#2746 = LINE('',#2747,#2748);
#2747 = CARTESIAN_POINT('',(23.5,-0.15,1.7));
#2748 = VECTOR('',#2749,1.);
#2749 = DIRECTION('',(1.,0.,-2.168404344971E-16));
#2750 = ORIENTED_EDGE('',*,*,#2751,.T.);
#2751 = EDGE_CURVE('',#2744,#2752,#2754,.T.);
#2752 = VERTEX_POINT('',#2753);
#2753 = CARTESIAN_POINT('',(23.5,0.15,1.7));
#2754 = LINE('',#2755,#2756);
#2755 = CARTESIAN_POINT('',(23.5,-0.15,1.7));
#2756 = VECTOR('',#2757,1.);
#2757 = DIRECTION('',(0.,1.,0.));
#2758 = ORIENTED_EDGE('',*,*,#2759,.F.);
#2759 = EDGE_CURVE('',#2760,#2752,#2762,.T.);
#2760 = VERTEX_POINT('',#2761);
#2761 = CARTESIAN_POINT('',(23.,0.15,1.7));
#2762 = LINE('',#2763,#2764);
#2763 = CARTESIAN_POINT('',(23.5,0.15,1.7));
#2764 = VECTOR('',#2765,1.);
#2765 = DIRECTION('',(1.,0.,0.));
#2766 = ORIENTED_EDGE('',*,*,#2767,.F.);
#2767 = EDGE_CURVE('',#2768,#2760,#2770,.T.);
#2768 = VERTEX_POINT('',#2769);
#2769 = CARTESIAN_POINT('',(23.,-0.15,1.7));
#2770 = LINE('',#2771,#2772);
#2771 = CARTESIAN_POINT('',(23.,-0.15,1.7));
#2772 = VECTOR('',#2773,1.);
#2773 = DIRECTION('',(0.,1.,0.));
#2774 = ORIENTED_EDGE('',*,*,#2775,.F.);
#2775 = EDGE_CURVE('',#2776,#2768,#2778,.T.);
#2776 = VERTEX_POINT('',#2777);
#2777 = CARTESIAN_POINT('',(22.7,-0.15,1.7));
#2778 = LINE('',#2779,#2780);
#2779 = CARTESIAN_POINT('',(22.,-0.15,1.7));
#2780 = VECTOR('',#2781,1.);
#2781 = DIRECTION('',(1.,0.,-2.168404344971E-16));
#2782 = ORIENTED_EDGE('',*,*,#2783,.T.);
#2783 = EDGE_CURVE('',#2776,#2784,#2786,.T.);
#2784 = VERTEX_POINT('',#2785);
#2785 = CARTESIAN_POINT('',(22.7,0.15,1.7));
#2786 = LINE('',#2787,#2788);
#2787 = CARTESIAN_POINT('',(22.7,-0.15,1.7));
#2788 = VECTOR('',#2789,1.);
#2789 = DIRECTION('',(0.,1.,0.));
#2790 = ORIENTED_EDGE('',*,*,#2791,.F.);
#2791 = EDGE_CURVE('',#2792,#2784,#2794,.T.);
#2792 = VERTEX_POINT('',#2793);
#2793 = CARTESIAN_POINT('',(22.3,0.15,1.7));
#2794 = LINE('',#2795,#2796);
#2795 = CARTESIAN_POINT('',(22.,0.15,1.7));
#2796 = VECTOR('',#2797,1.);
#2797 = DIRECTION('',(1.,0.,-2.168404344971E-16));
#2798 = ORIENTED_EDGE('',*,*,#2799,.T.);
#2799 = EDGE_CURVE('',#2792,#2800,#2802,.T.);
#2800 = VERTEX_POINT('',#2801);
#2801 = CARTESIAN_POINT('',(22.3,-0.15,1.7));
#2802 = LINE('',#2803,#2804);
#2803 = CARTESIAN_POINT('',(22.3,-0.15,1.7));
#2804 = VECTOR('',#2805,1.);
#2805 = DIRECTION('',(0.,-1.,0.));
#2806 = ORIENTED_EDGE('',*,*,#2807,.F.);
#2807 = EDGE_CURVE('',#2808,#2800,#2810,.T.);
#2808 = VERTEX_POINT('',#2809);
#2809 = CARTESIAN_POINT('',(22.,-0.15,1.7));
#2810 = LINE('',#2811,#2812);
#2811 = CARTESIAN_POINT('',(22.,-0.15,1.7));
#2812 = VECTOR('',#2813,1.);
#2813 = DIRECTION('',(1.,0.,-2.168404344971E-16));
#2814 = ORIENTED_EDGE('',*,*,#2815,.T.);
#2815 = EDGE_CURVE('',#2808,#2816,#2818,.T.);
#2816 = VERTEX_POINT('',#2817);
#2817 = CARTESIAN_POINT('',(22.,0.15,1.7));
#2818 = LINE('',#2819,#2820);
#2819 = CARTESIAN_POINT('',(22.,-0.15,1.7));
#2820 = VECTOR('',#2821,1.);
#2821 = DIRECTION('',(0.,1.,0.));
#2822 = ORIENTED_EDGE('',*,*,#2823,.F.);
#2823 = EDGE_CURVE('',#2824,#2816,#2826,.T.);
#2824 = VERTEX_POINT('',#2825);
#2825 = CARTESIAN_POINT('',(21.5,0.15,1.7));
#2826 = LINE('',#2827,#2828);
#2827 = CARTESIAN_POINT('',(22.,0.15,1.7));
#2828 = VECTOR('',#2829,1.);
#2829 = DIRECTION('',(1.,0.,0.));
#2830 = ORIENTED_EDGE('',*,*,#2831,.F.);
#2831 = EDGE_CURVE('',#2832,#2824,#2834,.T.);
#2832 = VERTEX_POINT('',#2833);
#2833 = CARTESIAN_POINT('',(21.5,-0.15,1.7));
#2834 = LINE('',#2835,#2836);
#2835 = CARTESIAN_POINT('',(21.5,-0.15,1.7));
#2836 = VECTOR('',#2837,1.);
#2837 = DIRECTION('',(0.,1.,0.));
#2838 = ORIENTED_EDGE('',*,*,#2839,.F.);
#2839 = EDGE_CURVE('',#2840,#2832,#2842,.T.);
#2840 = VERTEX_POINT('',#2841);
#2841 = CARTESIAN_POINT('',(21.2,-0.15,1.7));
#2842 = LINE('',#2843,#2844);
#2843 = CARTESIAN_POINT('',(20.5,-0.15,1.7));
#2844 = VECTOR('',#2845,1.);
#2845 = DIRECTION('',(1.,0.,-2.168404344971E-16));
#2846 = ORIENTED_EDGE('',*,*,#2847,.T.);
#2847 = EDGE_CURVE('',#2840,#2848,#2850,.T.);
#2848 = VERTEX_POINT('',#2849);
#2849 = CARTESIAN_POINT('',(21.2,0.15,1.7));
#2850 = LINE('',#2851,#2852);
#2851 = CARTESIAN_POINT('',(21.2,-0.15,1.7));
#2852 = VECTOR('',#2853,1.);
#2853 = DIRECTION('',(0.,1.,0.));
#2854 = ORIENTED_EDGE('',*,*,#2855,.F.);
#2855 = EDGE_CURVE('',#2856,#2848,#2858,.T.);
#2856 = VERTEX_POINT('',#2857);
#2857 = CARTESIAN_POINT('',(20.8,0.15,1.7));
#2858 = LINE('',#2859,#2860);
#2859 = CARTESIAN_POINT('',(20.5,0.15,1.7));
#2860 = VECTOR('',#2861,1.);
#2861 = DIRECTION('',(1.,0.,-2.168404344971E-16));
#2862 = ORIENTED_EDGE('',*,*,#2863,.T.);
#2863 = EDGE_CURVE('',#2856,#2864,#2866,.T.);
#2864 = VERTEX_POINT('',#2865);
#2865 = CARTESIAN_POINT('',(20.8,-0.15,1.7));
#2866 = LINE('',#2867,#2868);
#2867 = CARTESIAN_POINT('',(20.8,-0.15,1.7));
#2868 = VECTOR('',#2869,1.);
#2869 = DIRECTION('',(0.,-1.,0.));
#2870 = ORIENTED_EDGE('',*,*,#2871,.F.);
#2871 = EDGE_CURVE('',#2872,#2864,#2874,.T.);
#2872 = VERTEX_POINT('',#2873);
#2873 = CARTESIAN_POINT('',(20.5,-0.15,1.7));
#2874 = LINE('',#2875,#2876);
#2875 = CARTESIAN_POINT('',(20.5,-0.15,1.7));
#2876 = VECTOR('',#2877,1.);
#2877 = DIRECTION('',(1.,0.,-2.168404344971E-16));
#2878 = ORIENTED_EDGE('',*,*,#2879,.T.);
#2879 = EDGE_CURVE('',#2872,#2880,#2882,.T.);
#2880 = VERTEX_POINT('',#2881);
#2881 = CARTESIAN_POINT('',(20.5,0.15,1.7));
#2882 = LINE('',#2883,#2884);
#2883 = CARTESIAN_POINT('',(20.5,-0.15,1.7));
#2884 = VECTOR('',#2885,1.);
#2885 = DIRECTION('',(0.,1.,0.));
#2886 = ORIENTED_EDGE('',*,*,#2887,.F.);
#2887 = EDGE_CURVE('',#2888,#2880,#2890,.T.);
#2888 = VERTEX_POINT('',#2889);
#2889 = CARTESIAN_POINT('',(20.,0.15,1.7));
#2890 = LINE('',#2891,#2892);
#2891 = CARTESIAN_POINT('',(20.5,0.15,1.7));
#2892 = VECTOR('',#2893,1.);
#2893 = DIRECTION('',(1.,0.,0.));
#2894 = ORIENTED_EDGE('',*,*,#2895,.F.);
#2895 = EDGE_CURVE('',#2896,#2888,#2898,.T.);
#2896 = VERTEX_POINT('',#2897);
#2897 = CARTESIAN_POINT('',(20.,-0.15,1.7));
#2898 = LINE('',#2899,#2900);
#2899 = CARTESIAN_POINT('',(20.,-0.15,1.7));
#2900 = VECTOR('',#2901,1.);
#2901 = DIRECTION('',(0.,1.,0.));
#2902 = ORIENTED_EDGE('',*,*,#2903,.F.);
#2903 = EDGE_CURVE('',#2904,#2896,#2906,.T.);
#2904 = VERTEX_POINT('',#2905);
#2905 = CARTESIAN_POINT('',(19.7,-0.15,1.7));
#2906 = LINE('',#2907,#2908);
#2907 = CARTESIAN_POINT('',(19.,-0.15,1.7));
#2908 = VECTOR('',#2909,1.);
#2909 = DIRECTION('',(1.,0.,-2.168404344971E-16));
#2910 = ORIENTED_EDGE('',*,*,#2911,.T.);
#2911 = EDGE_CURVE('',#2904,#2912,#2914,.T.);
#2912 = VERTEX_POINT('',#2913);
#2913 = CARTESIAN_POINT('',(19.7,0.15,1.7));
#2914 = LINE('',#2915,#2916);
#2915 = CARTESIAN_POINT('',(19.7,-0.15,1.7));
#2916 = VECTOR('',#2917,1.);
#2917 = DIRECTION('',(0.,1.,0.));
#2918 = ORIENTED_EDGE('',*,*,#2919,.F.);
#2919 = EDGE_CURVE('',#2920,#2912,#2922,.T.);
#2920 = VERTEX_POINT('',#2921);
#2921 = CARTESIAN_POINT('',(19.3,0.15,1.7));
#2922 = LINE('',#2923,#2924);
#2923 = CARTESIAN_POINT('',(19.,0.15,1.7));
#2924 = VECTOR('',#2925,1.);
#2925 = DIRECTION('',(1.,0.,-2.168404344971E-16));
#2926 = ORIENTED_EDGE('',*,*,#2927,.T.);
#2927 = EDGE_CURVE('',#2920,#2928,#2930,.T.);
#2928 = VERTEX_POINT('',#2929);
#2929 = CARTESIAN_POINT('',(19.3,-0.15,1.7));
#2930 = LINE('',#2931,#2932);
#2931 = CARTESIAN_POINT('',(19.3,-0.15,1.7));
#2932 = VECTOR('',#2933,1.);
#2933 = DIRECTION('',(0.,-1.,0.));
#2934 = ORIENTED_EDGE('',*,*,#2935,.F.);
#2935 = EDGE_CURVE('',#2936,#2928,#2938,.T.);
#2936 = VERTEX_POINT('',#2937);
#2937 = CARTESIAN_POINT('',(19.,-0.15,1.7));
#2938 = LINE('',#2939,#2940);
#2939 = CARTESIAN_POINT('',(19.,-0.15,1.7));
#2940 = VECTOR('',#2941,1.);
#2941 = DIRECTION('',(1.,0.,-2.168404344971E-16));
#2942 = ORIENTED_EDGE('',*,*,#2943,.T.);
#2943 = EDGE_CURVE('',#2936,#2944,#2946,.T.);
#2944 = VERTEX_POINT('',#2945);
#2945 = CARTESIAN_POINT('',(19.,0.15,1.7));
#2946 = LINE('',#2947,#2948);
#2947 = CARTESIAN_POINT('',(19.,-0.15,1.7));
#2948 = VECTOR('',#2949,1.);
#2949 = DIRECTION('',(0.,1.,0.));
#2950 = ORIENTED_EDGE('',*,*,#2951,.F.);
#2951 = EDGE_CURVE('',#2952,#2944,#2954,.T.);
#2952 = VERTEX_POINT('',#2953);
#2953 = CARTESIAN_POINT('',(18.5,0.15,1.7));
#2954 = LINE('',#2955,#2956);
#2955 = CARTESIAN_POINT('',(19.,0.15,1.7));
#2956 = VECTOR('',#2957,1.);
#2957 = DIRECTION('',(1.,0.,0.));
#2958 = ORIENTED_EDGE('',*,*,#2959,.F.);
#2959 = EDGE_CURVE('',#2960,#2952,#2962,.T.);
#2960 = VERTEX_POINT('',#2961);
#2961 = CARTESIAN_POINT('',(18.5,-0.15,1.7));
#2962 = LINE('',#2963,#2964);
#2963 = CARTESIAN_POINT('',(18.5,-0.15,1.7));
#2964 = VECTOR('',#2965,1.);
#2965 = DIRECTION('',(0.,1.,0.));
#2966 = ORIENTED_EDGE('',*,*,#2967,.F.);
#2967 = EDGE_CURVE('',#2968,#2960,#2970,.T.);
#2968 = VERTEX_POINT('',#2969);
#2969 = CARTESIAN_POINT('',(18.2,-0.15,1.7));
#2970 = LINE('',#2971,#2972);
#2971 = CARTESIAN_POINT('',(17.5,-0.15,1.7));
#2972 = VECTOR('',#2973,1.);
#2973 = DIRECTION('',(1.,0.,-2.168404344971E-16));
#2974 = ORIENTED_EDGE('',*,*,#2975,.T.);
#2975 = EDGE_CURVE('',#2968,#2976,#2978,.T.);
#2976 = VERTEX_POINT('',#2977);
#2977 = CARTESIAN_POINT('',(18.2,0.15,1.7));
#2978 = LINE('',#2979,#2980);
#2979 = CARTESIAN_POINT('',(18.2,-0.15,1.7));
#2980 = VECTOR('',#2981,1.);
#2981 = DIRECTION('',(0.,1.,0.));
#2982 = ORIENTED_EDGE('',*,*,#2983,.F.);
#2983 = EDGE_CURVE('',#2984,#2976,#2986,.T.);
#2984 = VERTEX_POINT('',#2985);
#2985 = CARTESIAN_POINT('',(17.8,0.15,1.7));
#2986 = LINE('',#2987,#2988);
#2987 = CARTESIAN_POINT('',(17.5,0.15,1.7));
#2988 = VECTOR('',#2989,1.);
#2989 = DIRECTION('',(1.,0.,-2.168404344971E-16));
#2990 = ORIENTED_EDGE('',*,*,#2991,.T.);
#2991 = EDGE_CURVE('',#2984,#2992,#2994,.T.);
#2992 = VERTEX_POINT('',#2993);
#2993 = CARTESIAN_POINT('',(17.8,-0.15,1.7));
#2994 = LINE('',#2995,#2996);
#2995 = CARTESIAN_POINT('',(17.8,-0.15,1.7));
#2996 = VECTOR('',#2997,1.);
#2997 = DIRECTION('',(0.,-1.,0.));
#2998 = ORIENTED_EDGE('',*,*,#2999,.F.);
#2999 = EDGE_CURVE('',#3000,#2992,#3002,.T.);
#3000 = VERTEX_POINT('',#3001);
#3001 = CARTESIAN_POINT('',(17.5,-0.15,1.7));
#3002 = LINE('',#3003,#3004);
#3003 = CARTESIAN_POINT('',(17.5,-0.15,1.7));
#3004 = VECTOR('',#3005,1.);
#3005 = DIRECTION('',(1.,0.,-2.168404344971E-16));
#3006 = ORIENTED_EDGE('',*,*,#3007,.T.);
#3007 = EDGE_CURVE('',#3000,#3008,#3010,.T.);
#3008 = VERTEX_POINT('',#3009);
#3009 = CARTESIAN_POINT('',(17.5,0.15,1.7));
#3010 = LINE('',#3011,#3012);
#3011 = CARTESIAN_POINT('',(17.5,-0.15,1.7));
#3012 = VECTOR('',#3013,1.);
#3013 = DIRECTION('',(0.,1.,0.));
#3014 = ORIENTED_EDGE('',*,*,#3015,.F.);
#3015 = EDGE_CURVE('',#3016,#3008,#3018,.T.);
#3016 = VERTEX_POINT('',#3017);
#3017 = CARTESIAN_POINT('',(17.,0.15,1.7));
#3018 = LINE('',#3019,#3020);
#3019 = CARTESIAN_POINT('',(17.5,0.15,1.7));
#3020 = VECTOR('',#3021,1.);
#3021 = DIRECTION('',(1.,0.,0.));
#3022 = ORIENTED_EDGE('',*,*,#3023,.F.);
#3023 = EDGE_CURVE('',#3024,#3016,#3026,.T.);
#3024 = VERTEX_POINT('',#3025);
#3025 = CARTESIAN_POINT('',(17.,-0.15,1.7));
#3026 = LINE('',#3027,#3028);
#3027 = CARTESIAN_POINT('',(17.,-0.15,1.7));
#3028 = VECTOR('',#3029,1.);
#3029 = DIRECTION('',(0.,1.,0.));
#3030 = ORIENTED_EDGE('',*,*,#3031,.F.);
#3031 = EDGE_CURVE('',#3032,#3024,#3034,.T.);
#3032 = VERTEX_POINT('',#3033);
#3033 = CARTESIAN_POINT('',(16.7,-0.15,1.7));
#3034 = LINE('',#3035,#3036);
#3035 = CARTESIAN_POINT('',(16.,-0.15,1.7));
#3036 = VECTOR('',#3037,1.);
#3037 = DIRECTION('',(1.,0.,-2.168404344971E-16));
#3038 = ORIENTED_EDGE('',*,*,#3039,.T.);
#3039 = EDGE_CURVE('',#3032,#3040,#3042,.T.);
#3040 = VERTEX_POINT('',#3041);
#3041 = CARTESIAN_POINT('',(16.7,0.15,1.7));
#3042 = LINE('',#3043,#3044);
#3043 = CARTESIAN_POINT('',(16.7,-0.15,1.7));
#3044 = VECTOR('',#3045,1.);
#3045 = DIRECTION('',(0.,1.,0.));
#3046 = ORIENTED_EDGE('',*,*,#3047,.F.);
#3047 = EDGE_CURVE('',#3048,#3040,#3050,.T.);
#3048 = VERTEX_POINT('',#3049);
#3049 = CARTESIAN_POINT('',(16.3,0.15,1.7));
#3050 = LINE('',#3051,#3052);
#3051 = CARTESIAN_POINT('',(16.,0.15,1.7));
#3052 = VECTOR('',#3053,1.);
#3053 = DIRECTION('',(1.,0.,-2.168404344971E-16));
#3054 = ORIENTED_EDGE('',*,*,#3055,.T.);
#3055 = EDGE_CURVE('',#3048,#3056,#3058,.T.);
#3056 = VERTEX_POINT('',#3057);
#3057 = CARTESIAN_POINT('',(16.3,-0.15,1.7));
#3058 = LINE('',#3059,#3060);
#3059 = CARTESIAN_POINT('',(16.3,-0.15,1.7));
#3060 = VECTOR('',#3061,1.);
#3061 = DIRECTION('',(0.,-1.,0.));
#3062 = ORIENTED_EDGE('',*,*,#3063,.F.);
#3063 = EDGE_CURVE('',#3064,#3056,#3066,.T.);
#3064 = VERTEX_POINT('',#3065);
#3065 = CARTESIAN_POINT('',(16.,-0.15,1.7));
#3066 = LINE('',#3067,#3068);
#3067 = CARTESIAN_POINT('',(16.,-0.15,1.7));
#3068 = VECTOR('',#3069,1.);
#3069 = DIRECTION('',(1.,0.,-2.168404344971E-16));
#3070 = ORIENTED_EDGE('',*,*,#3071,.T.);
#3071 = EDGE_CURVE('',#3064,#3072,#3074,.T.);
#3072 = VERTEX_POINT('',#3073);
#3073 = CARTESIAN_POINT('',(16.,0.15,1.7));
#3074 = LINE('',#3075,#3076);
#3075 = CARTESIAN_POINT('',(16.,-0.15,1.7));
#3076 = VECTOR('',#3077,1.);
#3077 = DIRECTION('',(0.,1.,0.));
#3078 = ORIENTED_EDGE('',*,*,#3079,.F.);
#3079 = EDGE_CURVE('',#3080,#3072,#3082,.T.);
#3080 = VERTEX_POINT('',#3081);
#3081 = CARTESIAN_POINT('',(15.5,0.15,1.7));
#3082 = LINE('',#3083,#3084);
#3083 = CARTESIAN_POINT('',(16.,0.15,1.7));
#3084 = VECTOR('',#3085,1.);
#3085 = DIRECTION('',(1.,0.,0.));
#3086 = ORIENTED_EDGE('',*,*,#3087,.F.);
#3087 = EDGE_CURVE('',#3088,#3080,#3090,.T.);
#3088 = VERTEX_POINT('',#3089);
#3089 = CARTESIAN_POINT('',(15.5,-0.15,1.7));
#3090 = LINE('',#3091,#3092);
#3091 = CARTESIAN_POINT('',(15.5,-0.15,1.7));
#3092 = VECTOR('',#3093,1.);
#3093 = DIRECTION('',(0.,1.,0.));
#3094 = ORIENTED_EDGE('',*,*,#3095,.F.);
#3095 = EDGE_CURVE('',#3096,#3088,#3098,.T.);
#3096 = VERTEX_POINT('',#3097);
#3097 = CARTESIAN_POINT('',(15.2,-0.15,1.7));
#3098 = LINE('',#3099,#3100);
#3099 = CARTESIAN_POINT('',(14.5,-0.15,1.7));
#3100 = VECTOR('',#3101,1.);
#3101 = DIRECTION('',(1.,0.,-2.168404344971E-16));
#3102 = ORIENTED_EDGE('',*,*,#3103,.T.);
#3103 = EDGE_CURVE('',#3096,#3104,#3106,.T.);
#3104 = VERTEX_POINT('',#3105);
#3105 = CARTESIAN_POINT('',(15.2,0.15,1.7));
#3106 = LINE('',#3107,#3108);
#3107 = CARTESIAN_POINT('',(15.2,-0.15,1.7));
#3108 = VECTOR('',#3109,1.);
#3109 = DIRECTION('',(0.,1.,0.));
#3110 = ORIENTED_EDGE('',*,*,#3111,.F.);
#3111 = EDGE_CURVE('',#3112,#3104,#3114,.T.);
#3112 = VERTEX_POINT('',#3113);
#3113 = CARTESIAN_POINT('',(14.8,0.15,1.7));
#3114 = LINE('',#3115,#3116);
#3115 = CARTESIAN_POINT('',(14.5,0.15,1.7));
#3116 = VECTOR('',#3117,1.);
#3117 = DIRECTION('',(1.,0.,-2.168404344971E-16));
#3118 = ORIENTED_EDGE('',*,*,#3119,.T.);
#3119 = EDGE_CURVE('',#3112,#3120,#3122,.T.);
#3120 = VERTEX_POINT('',#3121);
#3121 = CARTESIAN_POINT('',(14.8,-0.15,1.7));
#3122 = LINE('',#3123,#3124);
#3123 = CARTESIAN_POINT('',(14.8,-0.15,1.7));
#3124 = VECTOR('',#3125,1.);
#3125 = DIRECTION('',(0.,-1.,0.));
#3126 = ORIENTED_EDGE('',*,*,#3127,.F.);
#3127 = EDGE_CURVE('',#3128,#3120,#3130,.T.);
#3128 = VERTEX_POINT('',#3129);
#3129 = CARTESIAN_POINT('',(14.5,-0.15,1.7));
#3130 = LINE('',#3131,#3132);
#3131 = CARTESIAN_POINT('',(14.5,-0.15,1.7));
#3132 = VECTOR('',#3133,1.);
#3133 = DIRECTION('',(1.,0.,-2.168404344971E-16));
#3134 = ORIENTED_EDGE('',*,*,#3135,.T.);
#3135 = EDGE_CURVE('',#3128,#3136,#3138,.T.);
#3136 = VERTEX_POINT('',#3137);
#3137 = CARTESIAN_POINT('',(14.5,0.15,1.7));
#3138 = LINE('',#3139,#3140);
#3139 = CARTESIAN_POINT('',(14.5,-0.15,1.7));
#3140 = VECTOR('',#3141,1.);
#3141 = DIRECTION('',(0.,1.,0.));
#3142 = ORIENTED_EDGE('',*,*,#3143,.F.);
#3143 = EDGE_CURVE('',#3144,#3136,#3146,.T.);
#3144 = VERTEX_POINT('',#3145);
#3145 = CARTESIAN_POINT('',(14.,0.15,1.7));
#3146 = LINE('',#3147,#3148);
#3147 = CARTESIAN_POINT('',(14.5,0.15,1.7));
#3148 = VECTOR('',#3149,1.);
#3149 = DIRECTION('',(1.,0.,0.));
#3150 = ORIENTED_EDGE('',*,*,#3151,.F.);
#3151 = EDGE_CURVE('',#3152,#3144,#3154,.T.);
#3152 = VERTEX_POINT('',#3153);
#3153 = CARTESIAN_POINT('',(14.,-0.15,1.7));
#3154 = LINE('',#3155,#3156);
#3155 = CARTESIAN_POINT('',(14.,-0.15,1.7));
#3156 = VECTOR('',#3157,1.);
#3157 = DIRECTION('',(0.,1.,0.));
#3158 = ORIENTED_EDGE('',*,*,#3159,.F.);
#3159 = EDGE_CURVE('',#3160,#3152,#3162,.T.);
#3160 = VERTEX_POINT('',#3161);
#3161 = CARTESIAN_POINT('',(13.7,-0.15,1.7));
#3162 = LINE('',#3163,#3164);
#3163 = CARTESIAN_POINT('',(13.,-0.15,1.7));
#3164 = VECTOR('',#3165,1.);
#3165 = DIRECTION('',(1.,0.,-2.168404344971E-16));
#3166 = ORIENTED_EDGE('',*,*,#3167,.T.);
#3167 = EDGE_CURVE('',#3160,#3168,#3170,.T.);
#3168 = VERTEX_POINT('',#3169);
#3169 = CARTESIAN_POINT('',(13.7,0.15,1.7));
#3170 = LINE('',#3171,#3172);
#3171 = CARTESIAN_POINT('',(13.7,-0.15,1.7));
#3172 = VECTOR('',#3173,1.);
#3173 = DIRECTION('',(0.,1.,0.));
#3174 = ORIENTED_EDGE('',*,*,#3175,.F.);
#3175 = EDGE_CURVE('',#3176,#3168,#3178,.T.);
#3176 = VERTEX_POINT('',#3177);
#3177 = CARTESIAN_POINT('',(13.3,0.15,1.7));
#3178 = LINE('',#3179,#3180);
#3179 = CARTESIAN_POINT('',(13.,0.15,1.7));
#3180 = VECTOR('',#3181,1.);
#3181 = DIRECTION('',(1.,0.,-2.168404344971E-16));
#3182 = ORIENTED_EDGE('',*,*,#3183,.T.);
#3183 = EDGE_CURVE('',#3176,#3184,#3186,.T.);
#3184 = VERTEX_POINT('',#3185);
#3185 = CARTESIAN_POINT('',(13.3,-0.15,1.7));
#3186 = LINE('',#3187,#3188);
#3187 = CARTESIAN_POINT('',(13.3,-0.15,1.7));
#3188 = VECTOR('',#3189,1.);
#3189 = DIRECTION('',(0.,-1.,0.));
#3190 = ORIENTED_EDGE('',*,*,#3191,.F.);
#3191 = EDGE_CURVE('',#3192,#3184,#3194,.T.);
#3192 = VERTEX_POINT('',#3193);
#3193 = CARTESIAN_POINT('',(13.,-0.15,1.7));
#3194 = LINE('',#3195,#3196);
#3195 = CARTESIAN_POINT('',(13.,-0.15,1.7));
#3196 = VECTOR('',#3197,1.);
#3197 = DIRECTION('',(1.,0.,-2.168404344971E-16));
#3198 = ORIENTED_EDGE('',*,*,#3199,.T.);
#3199 = EDGE_CURVE('',#3192,#3200,#3202,.T.);
#3200 = VERTEX_POINT('',#3201);
#3201 = CARTESIAN_POINT('',(13.,0.15,1.7));
#3202 = LINE('',#3203,#3204);
#3203 = CARTESIAN_POINT('',(13.,-0.15,1.7));
#3204 = VECTOR('',#3205,1.);
#3205 = DIRECTION('',(0.,1.,0.));
#3206 = ORIENTED_EDGE('',*,*,#3207,.F.);
#3207 = EDGE_CURVE('',#3208,#3200,#3210,.T.);
#3208 = VERTEX_POINT('',#3209);
#3209 = CARTESIAN_POINT('',(12.5,0.15,1.7));
#3210 = LINE('',#3211,#3212);
#3211 = CARTESIAN_POINT('',(13.,0.15,1.7));
#3212 = VECTOR('',#3213,1.);
#3213 = DIRECTION('',(1.,0.,0.));
#3214 = ORIENTED_EDGE('',*,*,#3215,.F.);
#3215 = EDGE_CURVE('',#3216,#3208,#3218,.T.);
#3216 = VERTEX_POINT('',#3217);
#3217 = CARTESIAN_POINT('',(12.5,-0.15,1.7));
#3218 = LINE('',#3219,#3220);
#3219 = CARTESIAN_POINT('',(12.5,-0.15,1.7));
#3220 = VECTOR('',#3221,1.);
#3221 = DIRECTION('',(0.,1.,0.));
#3222 = ORIENTED_EDGE('',*,*,#3223,.F.);
#3223 = EDGE_CURVE('',#3224,#3216,#3226,.T.);
#3224 = VERTEX_POINT('',#3225);
#3225 = CARTESIAN_POINT('',(12.2,-0.15,1.7));
#3226 = LINE('',#3227,#3228);
#3227 = CARTESIAN_POINT('',(11.5,-0.15,1.7));
#3228 = VECTOR('',#3229,1.);
#3229 = DIRECTION('',(1.,0.,-2.168404344971E-16));
#3230 = ORIENTED_EDGE('',*,*,#3231,.T.);
#3231 = EDGE_CURVE('',#3224,#3232,#3234,.T.);
#3232 = VERTEX_POINT('',#3233);
#3233 = CARTESIAN_POINT('',(12.2,0.15,1.7));
#3234 = LINE('',#3235,#3236);
#3235 = CARTESIAN_POINT('',(12.2,-0.15,1.7));
#3236 = VECTOR('',#3237,1.);
#3237 = DIRECTION('',(0.,1.,0.));
#3238 = ORIENTED_EDGE('',*,*,#3239,.F.);
#3239 = EDGE_CURVE('',#3240,#3232,#3242,.T.);
#3240 = VERTEX_POINT('',#3241);
#3241 = CARTESIAN_POINT('',(11.8,0.15,1.7));
#3242 = LINE('',#3243,#3244);
#3243 = CARTESIAN_POINT('',(11.5,0.15,1.7));
#3244 = VECTOR('',#3245,1.);
#3245 = DIRECTION('',(1.,0.,-2.168404344971E-16));
#3246 = ORIENTED_EDGE('',*,*,#3247,.T.);
#3247 = EDGE_CURVE('',#3240,#3248,#3250,.T.);
#3248 = VERTEX_POINT('',#3249);
#3249 = CARTESIAN_POINT('',(11.8,-0.15,1.7));
#3250 = LINE('',#3251,#3252);
#3251 = CARTESIAN_POINT('',(11.8,-0.15,1.7));
#3252 = VECTOR('',#3253,1.);
#3253 = DIRECTION('',(0.,-1.,0.));
#3254 = ORIENTED_EDGE('',*,*,#3255,.F.);
#3255 = EDGE_CURVE('',#3256,#3248,#3258,.T.);
#3256 = VERTEX_POINT('',#3257);
#3257 = CARTESIAN_POINT('',(11.5,-0.15,1.7));
#3258 = LINE('',#3259,#3260);
#3259 = CARTESIAN_POINT('',(11.5,-0.15,1.7));
#3260 = VECTOR('',#3261,1.);
#3261 = DIRECTION('',(1.,0.,-2.168404344971E-16));
#3262 = ORIENTED_EDGE('',*,*,#3263,.T.);
#3263 = EDGE_CURVE('',#3256,#3264,#3266,.T.);
#3264 = VERTEX_POINT('',#3265);
#3265 = CARTESIAN_POINT('',(11.5,0.15,1.7));
#3266 = LINE('',#3267,#3268);
#3267 = CARTESIAN_POINT('',(11.5,-0.15,1.7));
#3268 = VECTOR('',#3269,1.);
#3269 = DIRECTION('',(0.,1.,0.));
#3270 = ORIENTED_EDGE('',*,*,#3271,.F.);
#3271 = EDGE_CURVE('',#3272,#3264,#3274,.T.);
#3272 = VERTEX_POINT('',#3273);
#3273 = CARTESIAN_POINT('',(11.,0.15,1.7));
#3274 = LINE('',#3275,#3276);
#3275 = CARTESIAN_POINT('',(11.5,0.15,1.7));
#3276 = VECTOR('',#3277,1.);
#3277 = DIRECTION('',(1.,0.,0.));
#3278 = ORIENTED_EDGE('',*,*,#3279,.F.);
#3279 = EDGE_CURVE('',#3280,#3272,#3282,.T.);
#3280 = VERTEX_POINT('',#3281);
#3281 = CARTESIAN_POINT('',(11.,-0.15,1.7));
#3282 = LINE('',#3283,#3284);
#3283 = CARTESIAN_POINT('',(11.,-0.15,1.7));
#3284 = VECTOR('',#3285,1.);
#3285 = DIRECTION('',(0.,1.,0.));
#3286 = ORIENTED_EDGE('',*,*,#3287,.F.);
#3287 = EDGE_CURVE('',#3288,#3280,#3290,.T.);
#3288 = VERTEX_POINT('',#3289);
#3289 = CARTESIAN_POINT('',(10.7,-0.15,1.7));
#3290 = LINE('',#3291,#3292);
#3291 = CARTESIAN_POINT('',(10.,-0.15,1.7));
#3292 = VECTOR('',#3293,1.);
#3293 = DIRECTION('',(1.,0.,-2.168404344971E-16));
#3294 = ORIENTED_EDGE('',*,*,#3295,.T.);
#3295 = EDGE_CURVE('',#3288,#3296,#3298,.T.);
#3296 = VERTEX_POINT('',#3297);
#3297 = CARTESIAN_POINT('',(10.7,0.15,1.7));
#3298 = LINE('',#3299,#3300);
#3299 = CARTESIAN_POINT('',(10.7,-0.15,1.7));
#3300 = VECTOR('',#3301,1.);
#3301 = DIRECTION('',(0.,1.,0.));
#3302 = ORIENTED_EDGE('',*,*,#3303,.F.);
#3303 = EDGE_CURVE('',#3304,#3296,#3306,.T.);
#3304 = VERTEX_POINT('',#3305);
#3305 = CARTESIAN_POINT('',(10.3,0.15,1.7));
#3306 = LINE('',#3307,#3308);
#3307 = CARTESIAN_POINT('',(10.,0.15,1.7));
#3308 = VECTOR('',#3309,1.);
#3309 = DIRECTION('',(1.,0.,-2.168404344971E-16));
#3310 = ORIENTED_EDGE('',*,*,#3311,.T.);
#3311 = EDGE_CURVE('',#3304,#3312,#3314,.T.);
#3312 = VERTEX_POINT('',#3313);
#3313 = CARTESIAN_POINT('',(10.3,-0.15,1.7));
#3314 = LINE('',#3315,#3316);
#3315 = CARTESIAN_POINT('',(10.3,-0.15,1.7));
#3316 = VECTOR('',#3317,1.);
#3317 = DIRECTION('',(0.,-1.,0.));
#3318 = ORIENTED_EDGE('',*,*,#3319,.F.);
#3319 = EDGE_CURVE('',#3320,#3312,#3322,.T.);
#3320 = VERTEX_POINT('',#3321);
#3321 = CARTESIAN_POINT('',(10.,-0.15,1.7));
#3322 = LINE('',#3323,#3324);
#3323 = CARTESIAN_POINT('',(10.,-0.15,1.7));
#3324 = VECTOR('',#3325,1.);
#3325 = DIRECTION('',(1.,0.,-2.168404344971E-16));
#3326 = ORIENTED_EDGE('',*,*,#3327,.T.);
#3327 = EDGE_CURVE('',#3320,#3328,#3330,.T.);
#3328 = VERTEX_POINT('',#3329);
#3329 = CARTESIAN_POINT('',(10.,0.15,1.7));
#3330 = LINE('',#3331,#3332);
#3331 = CARTESIAN_POINT('',(10.,-0.15,1.7));
#3332 = VECTOR('',#3333,1.);
#3333 = DIRECTION('',(0.,1.,0.));
#3334 = ORIENTED_EDGE('',*,*,#3335,.F.);
#3335 = EDGE_CURVE('',#3336,#3328,#3338,.T.);
#3336 = VERTEX_POINT('',#3337);
#3337 = CARTESIAN_POINT('',(9.5,0.15,1.7));
#3338 = LINE('',#3339,#3340);
#3339 = CARTESIAN_POINT('',(10.,0.15,1.7));
#3340 = VECTOR('',#3341,1.);
#3341 = DIRECTION('',(1.,0.,0.));
#3342 = ORIENTED_EDGE('',*,*,#3343,.F.);
#3343 = EDGE_CURVE('',#3344,#3336,#3346,.T.);
#3344 = VERTEX_POINT('',#3345);
#3345 = CARTESIAN_POINT('',(9.5,-0.15,1.7));
#3346 = LINE('',#3347,#3348);
#3347 = CARTESIAN_POINT('',(9.5,-0.15,1.7));
#3348 = VECTOR('',#3349,1.);
#3349 = DIRECTION('',(0.,1.,0.));
#3350 = ORIENTED_EDGE('',*,*,#3351,.F.);
#3351 = EDGE_CURVE('',#3352,#3344,#3354,.T.);
#3352 = VERTEX_POINT('',#3353);
#3353 = CARTESIAN_POINT('',(9.2,-0.15,1.7));
#3354 = LINE('',#3355,#3356);
#3355 = CARTESIAN_POINT('',(8.5,-0.15,1.7));
#3356 = VECTOR('',#3357,1.);
#3357 = DIRECTION('',(1.,0.,-2.168404344971E-16));
#3358 = ORIENTED_EDGE('',*,*,#3359,.T.);
#3359 = EDGE_CURVE('',#3352,#3360,#3362,.T.);
#3360 = VERTEX_POINT('',#3361);
#3361 = CARTESIAN_POINT('',(9.2,0.15,1.7));
#3362 = LINE('',#3363,#3364);
#3363 = CARTESIAN_POINT('',(9.2,-0.15,1.7));
#3364 = VECTOR('',#3365,1.);
#3365 = DIRECTION('',(0.,1.,0.));
#3366 = ORIENTED_EDGE('',*,*,#3367,.F.);
#3367 = EDGE_CURVE('',#3368,#3360,#3370,.T.);
#3368 = VERTEX_POINT('',#3369);
#3369 = CARTESIAN_POINT('',(8.8,0.15,1.7));
#3370 = LINE('',#3371,#3372);
#3371 = CARTESIAN_POINT('',(8.5,0.15,1.7));
#3372 = VECTOR('',#3373,1.);
#3373 = DIRECTION('',(1.,0.,-2.168404344971E-16));
#3374 = ORIENTED_EDGE('',*,*,#3375,.T.);
#3375 = EDGE_CURVE('',#3368,#3376,#3378,.T.);
#3376 = VERTEX_POINT('',#3377);
#3377 = CARTESIAN_POINT('',(8.8,-0.15,1.7));
#3378 = LINE('',#3379,#3380);
#3379 = CARTESIAN_POINT('',(8.8,-0.15,1.7));
#3380 = VECTOR('',#3381,1.);
#3381 = DIRECTION('',(0.,-1.,0.));
#3382 = ORIENTED_EDGE('',*,*,#3383,.F.);
#3383 = EDGE_CURVE('',#3384,#3376,#3386,.T.);
#3384 = VERTEX_POINT('',#3385);
#3385 = CARTESIAN_POINT('',(8.5,-0.15,1.7));
#3386 = LINE('',#3387,#3388);
#3387 = CARTESIAN_POINT('',(8.5,-0.15,1.7));
#3388 = VECTOR('',#3389,1.);
#3389 = DIRECTION('',(1.,0.,-2.168404344971E-16));
#3390 = ORIENTED_EDGE('',*,*,#3391,.T.);
#3391 = EDGE_CURVE('',#3384,#3392,#3394,.T.);
#3392 = VERTEX_POINT('',#3393);
#3393 = CARTESIAN_POINT('',(8.5,0.15,1.7));
#3394 = LINE('',#3395,#3396);
#3395 = CARTESIAN_POINT('',(8.5,-0.15,1.7));
#3396 = VECTOR('',#3397,1.);
#3397 = DIRECTION('',(0.,1.,0.));
#3398 = ORIENTED_EDGE('',*,*,#3399,.F.);
#3399 = EDGE_CURVE('',#3400,#3392,#3402,.T.);
#3400 = VERTEX_POINT('',#3401);
#3401 = CARTESIAN_POINT('',(8.,0.15,1.7));
#3402 = LINE('',#3403,#3404);
#3403 = CARTESIAN_POINT('',(8.5,0.15,1.7));
#3404 = VECTOR('',#3405,1.);
#3405 = DIRECTION('',(1.,0.,0.));
#3406 = ORIENTED_EDGE('',*,*,#3407,.F.);
#3407 = EDGE_CURVE('',#3408,#3400,#3410,.T.);
#3408 = VERTEX_POINT('',#3409);
#3409 = CARTESIAN_POINT('',(8.,-0.15,1.7));
#3410 = LINE('',#3411,#3412);
#3411 = CARTESIAN_POINT('',(8.,-0.15,1.7));
#3412 = VECTOR('',#3413,1.);
#3413 = DIRECTION('',(0.,1.,0.));
#3414 = ORIENTED_EDGE('',*,*,#3415,.F.);
#3415 = EDGE_CURVE('',#3416,#3408,#3418,.T.);
#3416 = VERTEX_POINT('',#3417);
#3417 = CARTESIAN_POINT('',(7.7,-0.15,1.7));
#3418 = LINE('',#3419,#3420);
#3419 = CARTESIAN_POINT('',(7.,-0.15,1.7));
#3420 = VECTOR('',#3421,1.);
#3421 = DIRECTION('',(1.,0.,-2.168404344971E-16));
#3422 = ORIENTED_EDGE('',*,*,#3423,.T.);
#3423 = EDGE_CURVE('',#3416,#3424,#3426,.T.);
#3424 = VERTEX_POINT('',#3425);
#3425 = CARTESIAN_POINT('',(7.7,0.15,1.7));
#3426 = LINE('',#3427,#3428);
#3427 = CARTESIAN_POINT('',(7.7,-0.15,1.7));
#3428 = VECTOR('',#3429,1.);
#3429 = DIRECTION('',(0.,1.,0.));
#3430 = ORIENTED_EDGE('',*,*,#3431,.F.);
#3431 = EDGE_CURVE('',#3432,#3424,#3434,.T.);
#3432 = VERTEX_POINT('',#3433);
#3433 = CARTESIAN_POINT('',(7.3,0.15,1.7));
#3434 = LINE('',#3435,#3436);
#3435 = CARTESIAN_POINT('',(7.,0.15,1.7));
#3436 = VECTOR('',#3437,1.);
#3437 = DIRECTION('',(1.,0.,-2.168404344971E-16));
#3438 = ORIENTED_EDGE('',*,*,#3439,.T.);
#3439 = EDGE_CURVE('',#3432,#3440,#3442,.T.);
#3440 = VERTEX_POINT('',#3441);
#3441 = CARTESIAN_POINT('',(7.3,-0.15,1.7));
#3442 = LINE('',#3443,#3444);
#3443 = CARTESIAN_POINT('',(7.3,-0.15,1.7));
#3444 = VECTOR('',#3445,1.);
#3445 = DIRECTION('',(0.,-1.,0.));
#3446 = ORIENTED_EDGE('',*,*,#3447,.F.);
#3447 = EDGE_CURVE('',#3448,#3440,#3450,.T.);
#3448 = VERTEX_POINT('',#3449);
#3449 = CARTESIAN_POINT('',(7.,-0.15,1.7));
#3450 = LINE('',#3451,#3452);
#3451 = CARTESIAN_POINT('',(7.,-0.15,1.7));
#3452 = VECTOR('',#3453,1.);
#3453 = DIRECTION('',(1.,0.,-2.168404344971E-16));
#3454 = ORIENTED_EDGE('',*,*,#3455,.T.);
#3455 = EDGE_CURVE('',#3448,#3456,#3458,.T.);
#3456 = VERTEX_POINT('',#3457);
#3457 = CARTESIAN_POINT('',(7.,0.15,1.7));
#3458 = LINE('',#3459,#3460);
#3459 = CARTESIAN_POINT('',(7.,-0.15,1.7));
#3460 = VECTOR('',#3461,1.);
#3461 = DIRECTION('',(0.,1.,0.));
#3462 = ORIENTED_EDGE('',*,*,#3463,.F.);
#3463 = EDGE_CURVE('',#3464,#3456,#3466,.T.);
#3464 = VERTEX_POINT('',#3465);
#3465 = CARTESIAN_POINT('',(6.5,0.15,1.7));
#3466 = LINE('',#3467,#3468);
#3467 = CARTESIAN_POINT('',(7.,0.15,1.7));
#3468 = VECTOR('',#3469,1.);
#3469 = DIRECTION('',(1.,0.,0.));
#3470 = ORIENTED_EDGE('',*,*,#3471,.F.);
#3471 = EDGE_CURVE('',#3472,#3464,#3474,.T.);
#3472 = VERTEX_POINT('',#3473);
#3473 = CARTESIAN_POINT('',(6.5,-0.15,1.7));
#3474 = LINE('',#3475,#3476);
#3475 = CARTESIAN_POINT('',(6.5,-0.15,1.7));
#3476 = VECTOR('',#3477,1.);
#3477 = DIRECTION('',(0.,1.,0.));
#3478 = ORIENTED_EDGE('',*,*,#3479,.F.);
#3479 = EDGE_CURVE('',#3480,#3472,#3482,.T.);
#3480 = VERTEX_POINT('',#3481);
#3481 = CARTESIAN_POINT('',(6.2,-0.15,1.7));
#3482 = LINE('',#3483,#3484);
#3483 = CARTESIAN_POINT('',(5.5,-0.15,1.7));
#3484 = VECTOR('',#3485,1.);
#3485 = DIRECTION('',(1.,0.,-2.168404344971E-16));
#3486 = ORIENTED_EDGE('',*,*,#3487,.T.);
#3487 = EDGE_CURVE('',#3480,#3488,#3490,.T.);
#3488 = VERTEX_POINT('',#3489);
#3489 = CARTESIAN_POINT('',(6.2,0.15,1.7));
#3490 = LINE('',#3491,#3492);
#3491 = CARTESIAN_POINT('',(6.2,-0.15,1.7));
#3492 = VECTOR('',#3493,1.);
#3493 = DIRECTION('',(0.,1.,0.));
#3494 = ORIENTED_EDGE('',*,*,#3495,.F.);
#3495 = EDGE_CURVE('',#3496,#3488,#3498,.T.);
#3496 = VERTEX_POINT('',#3497);
#3497 = CARTESIAN_POINT('',(5.8,0.15,1.7));
#3498 = LINE('',#3499,#3500);
#3499 = CARTESIAN_POINT('',(5.5,0.15,1.7));
#3500 = VECTOR('',#3501,1.);
#3501 = DIRECTION('',(1.,0.,-2.168404344971E-16));
#3502 = ORIENTED_EDGE('',*,*,#3503,.T.);
#3503 = EDGE_CURVE('',#3496,#3504,#3506,.T.);
#3504 = VERTEX_POINT('',#3505);
#3505 = CARTESIAN_POINT('',(5.8,-0.15,1.7));
#3506 = LINE('',#3507,#3508);
#3507 = CARTESIAN_POINT('',(5.8,-0.15,1.7));
#3508 = VECTOR('',#3509,1.);
#3509 = DIRECTION('',(0.,-1.,0.));
#3510 = ORIENTED_EDGE('',*,*,#3511,.F.);
#3511 = EDGE_CURVE('',#3512,#3504,#3514,.T.);
#3512 = VERTEX_POINT('',#3513);
#3513 = CARTESIAN_POINT('',(5.5,-0.15,1.7));
#3514 = LINE('',#3515,#3516);
#3515 = CARTESIAN_POINT('',(5.5,-0.15,1.7));
#3516 = VECTOR('',#3517,1.);
#3517 = DIRECTION('',(1.,0.,-2.168404344971E-16));
#3518 = ORIENTED_EDGE('',*,*,#3519,.T.);
#3519 = EDGE_CURVE('',#3512,#3520,#3522,.T.);
#3520 = VERTEX_POINT('',#3521);
#3521 = CARTESIAN_POINT('',(5.5,0.15,1.7));
#3522 = LINE('',#3523,#3524);
#3523 = CARTESIAN_POINT('',(5.5,-0.15,1.7));
#3524 = VECTOR('',#3525,1.);
#3525 = DIRECTION('',(0.,1.,0.));
#3526 = ORIENTED_EDGE('',*,*,#3527,.F.);
#3527 = EDGE_CURVE('',#3528,#3520,#3530,.T.);
#3528 = VERTEX_POINT('',#3529);
#3529 = CARTESIAN_POINT('',(5.,0.15,1.7));
#3530 = LINE('',#3531,#3532);
#3531 = CARTESIAN_POINT('',(5.5,0.15,1.7));
#3532 = VECTOR('',#3533,1.);
#3533 = DIRECTION('',(1.,0.,0.));
#3534 = ORIENTED_EDGE('',*,*,#3535,.F.);
#3535 = EDGE_CURVE('',#3536,#3528,#3538,.T.);
#3536 = VERTEX_POINT('',#3537);
#3537 = CARTESIAN_POINT('',(5.,-0.15,1.7));
#3538 = LINE('',#3539,#3540);
#3539 = CARTESIAN_POINT('',(5.,-0.15,1.7));
#3540 = VECTOR('',#3541,1.);
#3541 = DIRECTION('',(0.,1.,0.));
#3542 = ORIENTED_EDGE('',*,*,#3543,.F.);
#3543 = EDGE_CURVE('',#3544,#3536,#3546,.T.);
#3544 = VERTEX_POINT('',#3545);
#3545 = CARTESIAN_POINT('',(4.7,-0.15,1.7));
#3546 = LINE('',#3547,#3548);
#3547 = CARTESIAN_POINT('',(4.,-0.15,1.7));
#3548 = VECTOR('',#3549,1.);
#3549 = DIRECTION('',(1.,0.,-2.168404344971E-16));
#3550 = ORIENTED_EDGE('',*,*,#3551,.T.);
#3551 = EDGE_CURVE('',#3544,#3552,#3554,.T.);
#3552 = VERTEX_POINT('',#3553);
#3553 = CARTESIAN_POINT('',(4.7,0.15,1.7));
#3554 = LINE('',#3555,#3556);
#3555 = CARTESIAN_POINT('',(4.7,-0.15,1.7));
#3556 = VECTOR('',#3557,1.);
#3557 = DIRECTION('',(0.,1.,0.));
#3558 = ORIENTED_EDGE('',*,*,#3559,.F.);
#3559 = EDGE_CURVE('',#3560,#3552,#3562,.T.);
#3560 = VERTEX_POINT('',#3561);
#3561 = CARTESIAN_POINT('',(4.3,0.15,1.7));
#3562 = LINE('',#3563,#3564);
#3563 = CARTESIAN_POINT('',(4.,0.15,1.7));
#3564 = VECTOR('',#3565,1.);
#3565 = DIRECTION('',(1.,0.,-2.168404344971E-16));
#3566 = ORIENTED_EDGE('',*,*,#3567,.T.);
#3567 = EDGE_CURVE('',#3560,#3568,#3570,.T.);
#3568 = VERTEX_POINT('',#3569);
#3569 = CARTESIAN_POINT('',(4.3,-0.15,1.7));
#3570 = LINE('',#3571,#3572);
#3571 = CARTESIAN_POINT('',(4.3,-0.15,1.7));
#3572 = VECTOR('',#3573,1.);
#3573 = DIRECTION('',(0.,-1.,0.));
#3574 = ORIENTED_EDGE('',*,*,#3575,.F.);
#3575 = EDGE_CURVE('',#3576,#3568,#3578,.T.);
#3576 = VERTEX_POINT('',#3577);
#3577 = CARTESIAN_POINT('',(4.,-0.15,1.7));
#3578 = LINE('',#3579,#3580);
#3579 = CARTESIAN_POINT('',(4.,-0.15,1.7));
#3580 = VECTOR('',#3581,1.);
#3581 = DIRECTION('',(1.,0.,-2.168404344971E-16));
#3582 = ORIENTED_EDGE('',*,*,#3583,.T.);
#3583 = EDGE_CURVE('',#3576,#3584,#3586,.T.);
#3584 = VERTEX_POINT('',#3585);
#3585 = CARTESIAN_POINT('',(4.,0.15,1.7));
#3586 = LINE('',#3587,#3588);
#3587 = CARTESIAN_POINT('',(4.,-0.15,1.7));
#3588 = VECTOR('',#3589,1.);
#3589 = DIRECTION('',(0.,1.,0.));
#3590 = ORIENTED_EDGE('',*,*,#3591,.F.);
#3591 = EDGE_CURVE('',#3592,#3584,#3594,.T.);
#3592 = VERTEX_POINT('',#3593);
#3593 = CARTESIAN_POINT('',(3.5,0.15,1.7));
#3594 = LINE('',#3595,#3596);
#3595 = CARTESIAN_POINT('',(4.,0.15,1.7));
#3596 = VECTOR('',#3597,1.);
#3597 = DIRECTION('',(1.,0.,0.));
#3598 = ORIENTED_EDGE('',*,*,#3599,.F.);
#3599 = EDGE_CURVE('',#3600,#3592,#3602,.T.);
#3600 = VERTEX_POINT('',#3601);
#3601 = CARTESIAN_POINT('',(3.5,-0.15,1.7));
#3602 = LINE('',#3603,#3604);
#3603 = CARTESIAN_POINT('',(3.5,-0.15,1.7));
#3604 = VECTOR('',#3605,1.);
#3605 = DIRECTION('',(0.,1.,0.));
#3606 = ORIENTED_EDGE('',*,*,#3607,.F.);
#3607 = EDGE_CURVE('',#3608,#3600,#3610,.T.);
#3608 = VERTEX_POINT('',#3609);
#3609 = CARTESIAN_POINT('',(3.2,-0.15,1.7));
#3610 = LINE('',#3611,#3612);
#3611 = CARTESIAN_POINT('',(2.5,-0.15,1.7));
#3612 = VECTOR('',#3613,1.);
#3613 = DIRECTION('',(1.,0.,-2.168404344971E-16));
#3614 = ORIENTED_EDGE('',*,*,#3615,.T.);
#3615 = EDGE_CURVE('',#3608,#3616,#3618,.T.);
#3616 = VERTEX_POINT('',#3617);
#3617 = CARTESIAN_POINT('',(3.2,0.15,1.7));
#3618 = LINE('',#3619,#3620);
#3619 = CARTESIAN_POINT('',(3.2,-0.15,1.7));
#3620 = VECTOR('',#3621,1.);
#3621 = DIRECTION('',(0.,1.,0.));
#3622 = ORIENTED_EDGE('',*,*,#3623,.F.);
#3623 = EDGE_CURVE('',#3624,#3616,#3626,.T.);
#3624 = VERTEX_POINT('',#3625);
#3625 = CARTESIAN_POINT('',(2.8,0.15,1.7));
#3626 = LINE('',#3627,#3628);
#3627 = CARTESIAN_POINT('',(2.5,0.15,1.7));
#3628 = VECTOR('',#3629,1.);
#3629 = DIRECTION('',(1.,0.,-2.168404344971E-16));
#3630 = ORIENTED_EDGE('',*,*,#3631,.T.);
#3631 = EDGE_CURVE('',#3624,#3632,#3634,.T.);
#3632 = VERTEX_POINT('',#3633);
#3633 = CARTESIAN_POINT('',(2.8,-0.15,1.7));
#3634 = LINE('',#3635,#3636);
#3635 = CARTESIAN_POINT('',(2.8,-0.15,1.7));
#3636 = VECTOR('',#3637,1.);
#3637 = DIRECTION('',(0.,-1.,0.));
#3638 = ORIENTED_EDGE('',*,*,#3639,.F.);
#3639 = EDGE_CURVE('',#3640,#3632,#3642,.T.);
#3640 = VERTEX_POINT('',#3641);
#3641 = CARTESIAN_POINT('',(2.5,-0.15,1.7));
#3642 = LINE('',#3643,#3644);
#3643 = CARTESIAN_POINT('',(2.5,-0.15,1.7));
#3644 = VECTOR('',#3645,1.);
#3645 = DIRECTION('',(1.,0.,-2.168404344971E-16));
#3646 = ORIENTED_EDGE('',*,*,#3647,.T.);
#3647 = EDGE_CURVE('',#3640,#3648,#3650,.T.);
#3648 = VERTEX_POINT('',#3649);
#3649 = CARTESIAN_POINT('',(2.5,0.15,1.7));
#3650 = LINE('',#3651,#3652);
#3651 = CARTESIAN_POINT('',(2.5,-0.15,1.7));
#3652 = VECTOR('',#3653,1.);
#3653 = DIRECTION('',(0.,1.,0.));
#3654 = ORIENTED_EDGE('',*,*,#3655,.F.);
#3655 = EDGE_CURVE('',#3656,#3648,#3658,.T.);
#3656 = VERTEX_POINT('',#3657);
#3657 = CARTESIAN_POINT('',(2.,0.15,1.7));
#3658 = LINE('',#3659,#3660);
#3659 = CARTESIAN_POINT('',(2.5,0.15,1.7));
#3660 = VECTOR('',#3661,1.);
#3661 = DIRECTION('',(1.,0.,0.));
#3662 = ORIENTED_EDGE('',*,*,#3663,.F.);
#3663 = EDGE_CURVE('',#2584,#3656,#3664,.T.);
#3664 = LINE('',#3665,#3666);
#3665 = CARTESIAN_POINT('',(2.,-0.15,1.7));
#3666 = VECTOR('',#3667,1.);
#3667 = DIRECTION('',(0.,1.,0.));
#3668 = PLANE('',#3669);
#3669 = AXIS2_PLACEMENT_3D('',#3670,#3671,#3672);
#3670 = CARTESIAN_POINT('',(1.,-0.15,1.7));
#3671 = DIRECTION('',(2.168404344971E-16,0.,1.));
#3672 = DIRECTION('',(1.,0.,-2.168404344971E-16));
#3673 = ADVANCED_FACE('',(#3674),#3706,.F.);
#3674 = FACE_BOUND('',#3675,.T.);
#3675 = EDGE_LOOP('',(#3676,#3677,#3683,#3684,#3692,#3700));
#3676 = ORIENTED_EDGE('',*,*,#3663,.T.);
#3677 = ORIENTED_EDGE('',*,*,#3678,.T.);
#3678 = EDGE_CURVE('',#3656,#580,#3679,.T.);
#3679 = LINE('',#3680,#3681);
#3680 = CARTESIAN_POINT('',(2.,0.15,1.7));
#3681 = VECTOR('',#3682,1.);
#3682 = DIRECTION('',(0.,0.,1.));
#3683 = ORIENTED_EDGE('',*,*,#579,.F.);
#3684 = ORIENTED_EDGE('',*,*,#3685,.F.);
#3685 = EDGE_CURVE('',#3686,#572,#3688,.T.);
#3686 = VERTEX_POINT('',#3687);
#3687 = CARTESIAN_POINT('',(2.,1.55,3.701));
#3688 = LINE('',#3689,#3690);
#3689 = CARTESIAN_POINT('',(2.,1.55,3.701));
#3690 = VECTOR('',#3691,1.);
#3691 = DIRECTION('',(-0.,-0.,-1.));
#3692 = ORIENTED_EDGE('',*,*,#3693,.F.);
#3693 = EDGE_CURVE('',#3694,#3686,#3696,.T.);
#3694 = VERTEX_POINT('',#3695);
#3695 = CARTESIAN_POINT('',(2.,-0.15,3.701));
#3696 = LINE('',#3697,#3698);
#3697 = CARTESIAN_POINT('',(2.,1.55,3.701));
#3698 = VECTOR('',#3699,1.);
#3699 = DIRECTION('',(-4.081702296416E-15,1.,0.));
#3700 = ORIENTED_EDGE('',*,*,#3701,.F.);
#3701 = EDGE_CURVE('',#2584,#3694,#3702,.T.);
#3702 = LINE('',#3703,#3704);
#3703 = CARTESIAN_POINT('',(2.,-0.15,3.7));
#3704 = VECTOR('',#3705,1.);
#3705 = DIRECTION('',(0.,0.,1.));
#3706 = PLANE('',#3707);
#3707 = AXIS2_PLACEMENT_3D('',#3708,#3709,#3710);
#3708 = CARTESIAN_POINT('',(2.,-0.15,3.7));
#3709 = DIRECTION('',(-1.,0.,0.));
#3710 = DIRECTION('',(0.,0.,1.));
#3711 = ADVANCED_FACE('',(#3712),#3746,.T.);
#3712 = FACE_BOUND('',#3713,.T.);
#3713 = EDGE_LOOP('',(#3714,#3715,#3723,#3731,#3737,#3738,#3739,#3745));
#3714 = ORIENTED_EDGE('',*,*,#2615,.T.);
#3715 = ORIENTED_EDGE('',*,*,#3716,.T.);
#3716 = EDGE_CURVE('',#2608,#3717,#3719,.T.);
#3717 = VERTEX_POINT('',#3718);
#3718 = CARTESIAN_POINT('',(1.3,-0.15,-3.));
#3719 = LINE('',#3720,#3721);
#3720 = CARTESIAN_POINT('',(1.3,-0.15,1.7));
#3721 = VECTOR('',#3722,1.);
#3722 = DIRECTION('',(0.,0.,-1.));
#3723 = ORIENTED_EDGE('',*,*,#3724,.T.);
#3724 = EDGE_CURVE('',#3717,#3725,#3727,.T.);
#3725 = VERTEX_POINT('',#3726);
#3726 = CARTESIAN_POINT('',(1.7,-0.15,-3.));
#3727 = LINE('',#3728,#3729);
#3728 = CARTESIAN_POINT('',(1.3,-0.15,-3.));
#3729 = VECTOR('',#3730,1.);
#3730 = DIRECTION('',(1.,0.,0.));
#3731 = ORIENTED_EDGE('',*,*,#3732,.T.);
#3732 = EDGE_CURVE('',#3725,#2582,#3733,.T.);
#3733 = LINE('',#3734,#3735);
#3734 = CARTESIAN_POINT('',(1.7,-0.15,1.7));
#3735 = VECTOR('',#3736,1.);
#3736 = DIRECTION('',(0.,0.,1.));
#3737 = ORIENTED_EDGE('',*,*,#2581,.T.);
#3738 = ORIENTED_EDGE('',*,*,#3701,.T.);
#3739 = ORIENTED_EDGE('',*,*,#3740,.F.);
#3740 = EDGE_CURVE('',#2552,#3694,#3741,.T.);
#3741 = LINE('',#3742,#3743);
#3742 = CARTESIAN_POINT('',(2.,-0.15,3.701));
#3743 = VECTOR('',#3744,1.);
#3744 = DIRECTION('',(1.,0.,0.));
#3745 = ORIENTED_EDGE('',*,*,#2551,.T.);
#3746 = PLANE('',#3747);
#3747 = AXIS2_PLACEMENT_3D('',#3748,#3749,#3750);
#3748 = CARTESIAN_POINT('',(12.,-0.15,0.));
#3749 = DIRECTION('',(0.,-1.,0.));
#3750 = DIRECTION('',(0.,0.,-1.));
#3751 = ADVANCED_FACE('',(#3752),#3784,.F.);
#3752 = FACE_BOUND('',#3753,.T.);
#3753 = EDGE_LOOP('',(#3754,#3755,#3761,#3762,#3770,#3778));
#3754 = ORIENTED_EDGE('',*,*,#529,.F.);
#3755 = ORIENTED_EDGE('',*,*,#3756,.F.);
#3756 = EDGE_CURVE('',#2679,#530,#3757,.T.);
#3757 = LINE('',#3758,#3759);
#3758 = CARTESIAN_POINT('',(-0.5,0.15,1.7));
#3759 = VECTOR('',#3760,1.);
#3760 = DIRECTION('',(0.,0.,1.));
#3761 = ORIENTED_EDGE('',*,*,#2678,.F.);
#3762 = ORIENTED_EDGE('',*,*,#3763,.F.);
#3763 = EDGE_CURVE('',#3764,#2671,#3766,.T.);
#3764 = VERTEX_POINT('',#3765);
#3765 = CARTESIAN_POINT('',(-0.5,-0.15,3.701));
#3766 = LINE('',#3767,#3768);
#3767 = CARTESIAN_POINT('',(-0.5,-0.15,3.7));
#3768 = VECTOR('',#3769,1.);
#3769 = DIRECTION('',(0.,0.,-1.));
#3770 = ORIENTED_EDGE('',*,*,#3771,.F.);
#3771 = EDGE_CURVE('',#3772,#3764,#3774,.T.);
#3772 = VERTEX_POINT('',#3773);
#3773 = CARTESIAN_POINT('',(-0.5,1.55,3.701));
#3774 = LINE('',#3775,#3776);
#3775 = CARTESIAN_POINT('',(-0.5,-0.15,3.701));
#3776 = VECTOR('',#3777,1.);
#3777 = DIRECTION('',(6.122553444624E-15,-1.,0.));
#3778 = ORIENTED_EDGE('',*,*,#3779,.T.);
#3779 = EDGE_CURVE('',#3772,#532,#3780,.T.);
#3780 = LINE('',#3781,#3782);
#3781 = CARTESIAN_POINT('',(-0.5,1.55,3.701));
#3782 = VECTOR('',#3783,1.);
#3783 = DIRECTION('',(-0.,-0.,-1.));
#3784 = PLANE('',#3785);
#3785 = AXIS2_PLACEMENT_3D('',#3786,#3787,#3788);
#3786 = CARTESIAN_POINT('',(-0.5,-0.15,3.7));
#3787 = DIRECTION('',(1.,0.,0.));
#3788 = DIRECTION('',(0.,0.,-1.));
#3789 = ADVANCED_FACE('',(#3790),#3822,.F.);
#3790 = FACE_BOUND('',#3791,.T.);
#3791 = EDGE_LOOP('',(#3792,#3793,#3799,#3800,#3808,#3816));
#3792 = ORIENTED_EDGE('',*,*,#2630,.T.);
#3793 = ORIENTED_EDGE('',*,*,#3794,.T.);
#3794 = EDGE_CURVE('',#2623,#548,#3795,.T.);
#3795 = LINE('',#3796,#3797);
#3796 = CARTESIAN_POINT('',(0.5,0.15,1.7));
#3797 = VECTOR('',#3798,1.);
#3798 = DIRECTION('',(0.,0.,1.));
#3799 = ORIENTED_EDGE('',*,*,#547,.F.);
#3800 = ORIENTED_EDGE('',*,*,#3801,.F.);
#3801 = EDGE_CURVE('',#3802,#540,#3804,.T.);
#3802 = VERTEX_POINT('',#3803);
#3803 = CARTESIAN_POINT('',(0.5,1.55,3.701));
#3804 = LINE('',#3805,#3806);
#3805 = CARTESIAN_POINT('',(0.5,1.55,3.701));
#3806 = VECTOR('',#3807,1.);
#3807 = DIRECTION('',(-0.,-0.,-1.));
#3808 = ORIENTED_EDGE('',*,*,#3809,.F.);
#3809 = EDGE_CURVE('',#3810,#3802,#3812,.T.);
#3810 = VERTEX_POINT('',#3811);
#3811 = CARTESIAN_POINT('',(0.5,-0.15,3.701));
#3812 = LINE('',#3813,#3814);
#3813 = CARTESIAN_POINT('',(0.5,1.55,3.701));
#3814 = VECTOR('',#3815,1.);
#3815 = DIRECTION('',(-6.122553444625E-15,1.,0.));
#3816 = ORIENTED_EDGE('',*,*,#3817,.F.);
#3817 = EDGE_CURVE('',#2631,#3810,#3818,.T.);
#3818 = LINE('',#3819,#3820);
#3819 = CARTESIAN_POINT('',(0.5,-0.15,3.7));
#3820 = VECTOR('',#3821,1.);
#3821 = DIRECTION('',(0.,0.,1.));
#3822 = PLANE('',#3823);
#3823 = AXIS2_PLACEMENT_3D('',#3824,#3825,#3826);
#3824 = CARTESIAN_POINT('',(0.5,-0.15,3.7));
#3825 = DIRECTION('',(-1.,0.,0.));
#3826 = DIRECTION('',(0.,0.,1.));
#3827 = ADVANCED_FACE('',(#3828),#3862,.T.);
#3828 = FACE_BOUND('',#3829,.T.);
#3829 = EDGE_LOOP('',(#3830,#3831,#3839,#3847,#3853,#3854,#3855,#3861));
#3830 = ORIENTED_EDGE('',*,*,#2670,.T.);
#3831 = ORIENTED_EDGE('',*,*,#3832,.T.);
#3832 = EDGE_CURVE('',#2663,#3833,#3835,.T.);
#3833 = VERTEX_POINT('',#3834);
#3834 = CARTESIAN_POINT('',(-0.2,-0.15,-3.));
#3835 = LINE('',#3836,#3837);
#3836 = CARTESIAN_POINT('',(-0.2,-0.15,1.7));
#3837 = VECTOR('',#3838,1.);
#3838 = DIRECTION('',(0.,0.,-1.));
#3839 = ORIENTED_EDGE('',*,*,#3840,.T.);
#3840 = EDGE_CURVE('',#3833,#3841,#3843,.T.);
#3841 = VERTEX_POINT('',#3842);
#3842 = CARTESIAN_POINT('',(0.2,-0.15,-3.));
#3843 = LINE('',#3844,#3845);
#3844 = CARTESIAN_POINT('',(-0.2,-0.15,-3.));
#3845 = VECTOR('',#3846,1.);
#3846 = DIRECTION('',(1.,0.,0.));
#3847 = ORIENTED_EDGE('',*,*,#3848,.T.);
#3848 = EDGE_CURVE('',#3841,#2639,#3849,.T.);
#3849 = LINE('',#3850,#3851);
#3850 = CARTESIAN_POINT('',(0.2,-0.15,1.7));
#3851 = VECTOR('',#3852,1.);
#3852 = DIRECTION('',(0.,0.,1.));
#3853 = ORIENTED_EDGE('',*,*,#2638,.T.);
#3854 = ORIENTED_EDGE('',*,*,#3817,.T.);
#3855 = ORIENTED_EDGE('',*,*,#3856,.F.);
#3856 = EDGE_CURVE('',#3764,#3810,#3857,.T.);
#3857 = LINE('',#3858,#3859);
#3858 = CARTESIAN_POINT('',(0.5,-0.15,3.701));
#3859 = VECTOR('',#3860,1.);
#3860 = DIRECTION('',(1.,0.,0.));
#3861 = ORIENTED_EDGE('',*,*,#3763,.T.);
#3862 = PLANE('',#3863);
#3863 = AXIS2_PLACEMENT_3D('',#3864,#3865,#3866);
#3864 = CARTESIAN_POINT('',(12.,-0.15,0.));
#3865 = DIRECTION('',(0.,-1.,0.));
#3866 = DIRECTION('',(0.,0.,-1.));
#3867 = ADVANCED_FACE('',(#3868),#3900,.F.);
#3868 = FACE_BOUND('',#3869,.T.);
#3869 = EDGE_LOOP('',(#3870,#3871,#3877,#3878,#3886,#3894));
#3870 = ORIENTED_EDGE('',*,*,#595,.F.);
#3871 = ORIENTED_EDGE('',*,*,#3872,.F.);
#3872 = EDGE_CURVE('',#3648,#588,#3873,.T.);
#3873 = LINE('',#3874,#3875);
#3874 = CARTESIAN_POINT('',(2.5,0.15,1.7));
#3875 = VECTOR('',#3876,1.);
#3876 = DIRECTION('',(0.,0.,1.));
#3877 = ORIENTED_EDGE('',*,*,#3647,.F.);
#3878 = ORIENTED_EDGE('',*,*,#3879,.F.);
#3879 = EDGE_CURVE('',#3880,#3640,#3882,.T.);
#3880 = VERTEX_POINT('',#3881);
#3881 = CARTESIAN_POINT('',(2.5,-0.15,3.701));
#3882 = LINE('',#3883,#3884);
#3883 = CARTESIAN_POINT('',(2.5,-0.15,3.7));
#3884 = VECTOR('',#3885,1.);
#3885 = DIRECTION('',(0.,0.,-1.));
#3886 = ORIENTED_EDGE('',*,*,#3887,.F.);
#3887 = EDGE_CURVE('',#3888,#3880,#3890,.T.);
#3888 = VERTEX_POINT('',#3889);
#3889 = CARTESIAN_POINT('',(2.5,1.55,3.701));
#3890 = LINE('',#3891,#3892);
#3891 = CARTESIAN_POINT('',(2.5,-0.15,3.701));
#3892 = VECTOR('',#3893,1.);
#3893 = DIRECTION('',(6.122553444625E-15,-1.,0.));
#3894 = ORIENTED_EDGE('',*,*,#3895,.T.);
#3895 = EDGE_CURVE('',#3888,#596,#3896,.T.);
#3896 = LINE('',#3897,#3898);
#3897 = CARTESIAN_POINT('',(2.5,1.55,3.701));
#3898 = VECTOR('',#3899,1.);
#3899 = DIRECTION('',(-0.,-0.,-1.));
#3900 = PLANE('',#3901);
#3901 = AXIS2_PLACEMENT_3D('',#3902,#3903,#3904);
#3902 = CARTESIAN_POINT('',(2.5,-0.15,3.7));
#3903 = DIRECTION('',(1.,0.,0.));
#3904 = DIRECTION('',(0.,0.,-1.));
#3905 = ADVANCED_FACE('',(#3906),#3938,.F.);
#3906 = FACE_BOUND('',#3907,.T.);
#3907 = EDGE_LOOP('',(#3908,#3909,#3915,#3916,#3924,#3932));
#3908 = ORIENTED_EDGE('',*,*,#3599,.T.);
#3909 = ORIENTED_EDGE('',*,*,#3910,.T.);
#3910 = EDGE_CURVE('',#3592,#612,#3911,.T.);
#3911 = LINE('',#3912,#3913);
#3912 = CARTESIAN_POINT('',(3.5,0.15,1.7));
#3913 = VECTOR('',#3914,1.);
#3914 = DIRECTION('',(0.,0.,1.));
#3915 = ORIENTED_EDGE('',*,*,#611,.F.);
#3916 = ORIENTED_EDGE('',*,*,#3917,.F.);
#3917 = EDGE_CURVE('',#3918,#604,#3920,.T.);
#3918 = VERTEX_POINT('',#3919);
#3919 = CARTESIAN_POINT('',(3.5,1.55,3.701));
#3920 = LINE('',#3921,#3922);
#3921 = CARTESIAN_POINT('',(3.5,1.55,3.701));
#3922 = VECTOR('',#3923,1.);
#3923 = DIRECTION('',(-0.,-0.,-1.));
#3924 = ORIENTED_EDGE('',*,*,#3925,.F.);
#3925 = EDGE_CURVE('',#3926,#3918,#3928,.T.);
#3926 = VERTEX_POINT('',#3927);
#3927 = CARTESIAN_POINT('',(3.5,-0.15,3.701));
#3928 = LINE('',#3929,#3930);
#3929 = CARTESIAN_POINT('',(3.5,1.55,3.701));
#3930 = VECTOR('',#3931,1.);
#3931 = DIRECTION('',(-6.122553444625E-15,1.,0.));
#3932 = ORIENTED_EDGE('',*,*,#3933,.F.);
#3933 = EDGE_CURVE('',#3600,#3926,#3934,.T.);
#3934 = LINE('',#3935,#3936);
#3935 = CARTESIAN_POINT('',(3.5,-0.15,3.7));
#3936 = VECTOR('',#3937,1.);
#3937 = DIRECTION('',(0.,0.,1.));
#3938 = PLANE('',#3939);
#3939 = AXIS2_PLACEMENT_3D('',#3940,#3941,#3942);
#3940 = CARTESIAN_POINT('',(3.5,-0.15,3.7));
#3941 = DIRECTION('',(-1.,0.,0.));
#3942 = DIRECTION('',(0.,0.,1.));
#3943 = ADVANCED_FACE('',(#3944),#3978,.T.);
#3944 = FACE_BOUND('',#3945,.T.);
#3945 = EDGE_LOOP('',(#3946,#3947,#3955,#3963,#3969,#3970,#3971,#3977));
#3946 = ORIENTED_EDGE('',*,*,#3639,.T.);
#3947 = ORIENTED_EDGE('',*,*,#3948,.T.);
#3948 = EDGE_CURVE('',#3632,#3949,#3951,.T.);
#3949 = VERTEX_POINT('',#3950);
#3950 = CARTESIAN_POINT('',(2.8,-0.15,-3.));
#3951 = LINE('',#3952,#3953);
#3952 = CARTESIAN_POINT('',(2.8,-0.15,1.7));
#3953 = VECTOR('',#3954,1.);
#3954 = DIRECTION('',(0.,0.,-1.));
#3955 = ORIENTED_EDGE('',*,*,#3956,.T.);
#3956 = EDGE_CURVE('',#3949,#3957,#3959,.T.);
#3957 = VERTEX_POINT('',#3958);
#3958 = CARTESIAN_POINT('',(3.2,-0.15,-3.));
#3959 = LINE('',#3960,#3961);
#3960 = CARTESIAN_POINT('',(2.8,-0.15,-3.));
#3961 = VECTOR('',#3962,1.);
#3962 = DIRECTION('',(1.,0.,0.));
#3963 = ORIENTED_EDGE('',*,*,#3964,.T.);
#3964 = EDGE_CURVE('',#3957,#3608,#3965,.T.);
#3965 = LINE('',#3966,#3967);
#3966 = CARTESIAN_POINT('',(3.2,-0.15,1.7));
#3967 = VECTOR('',#3968,1.);
#3968 = DIRECTION('',(0.,0.,1.));
#3969 = ORIENTED_EDGE('',*,*,#3607,.T.);
#3970 = ORIENTED_EDGE('',*,*,#3933,.T.);
#3971 = ORIENTED_EDGE('',*,*,#3972,.F.);
#3972 = EDGE_CURVE('',#3880,#3926,#3973,.T.);
#3973 = LINE('',#3974,#3975);
#3974 = CARTESIAN_POINT('',(3.5,-0.15,3.701));
#3975 = VECTOR('',#3976,1.);
#3976 = DIRECTION('',(1.,0.,0.));
#3977 = ORIENTED_EDGE('',*,*,#3879,.T.);
#3978 = PLANE('',#3979);
#3979 = AXIS2_PLACEMENT_3D('',#3980,#3981,#3982);
#3980 = CARTESIAN_POINT('',(12.,-0.15,0.));
#3981 = DIRECTION('',(0.,-1.,0.));
#3982 = DIRECTION('',(0.,0.,-1.));
#3983 = ADVANCED_FACE('',(#3984),#4016,.F.);
#3984 = FACE_BOUND('',#3985,.T.);
#3985 = EDGE_LOOP('',(#3986,#3987,#3993,#3994,#4002,#4010));
#3986 = ORIENTED_EDGE('',*,*,#627,.F.);
#3987 = ORIENTED_EDGE('',*,*,#3988,.F.);
#3988 = EDGE_CURVE('',#3584,#620,#3989,.T.);
#3989 = LINE('',#3990,#3991);
#3990 = CARTESIAN_POINT('',(4.,0.15,1.7));
#3991 = VECTOR('',#3992,1.);
#3992 = DIRECTION('',(0.,0.,1.));
#3993 = ORIENTED_EDGE('',*,*,#3583,.F.);
#3994 = ORIENTED_EDGE('',*,*,#3995,.F.);
#3995 = EDGE_CURVE('',#3996,#3576,#3998,.T.);
#3996 = VERTEX_POINT('',#3997);
#3997 = CARTESIAN_POINT('',(4.,-0.15,3.701));
#3998 = LINE('',#3999,#4000);
#3999 = CARTESIAN_POINT('',(4.,-0.15,3.7));
#4000 = VECTOR('',#4001,1.);
#4001 = DIRECTION('',(0.,0.,-1.));
#4002 = ORIENTED_EDGE('',*,*,#4003,.F.);
#4003 = EDGE_CURVE('',#4004,#3996,#4006,.T.);
#4004 = VERTEX_POINT('',#4005);
#4005 = CARTESIAN_POINT('',(4.,1.55,3.701));
#4006 = LINE('',#4007,#4008);
#4007 = CARTESIAN_POINT('',(4.,-0.15,3.701));
#4008 = VECTOR('',#4009,1.);
#4009 = DIRECTION('',(4.081702296416E-15,-1.,0.));
#4010 = ORIENTED_EDGE('',*,*,#4011,.T.);
#4011 = EDGE_CURVE('',#4004,#628,#4012,.T.);
#4012 = LINE('',#4013,#4014);
#4013 = CARTESIAN_POINT('',(4.,1.55,3.701));
#4014 = VECTOR('',#4015,1.);
#4015 = DIRECTION('',(-0.,-0.,-1.));
#4016 = PLANE('',#4017);
#4017 = AXIS2_PLACEMENT_3D('',#4018,#4019,#4020);
#4018 = CARTESIAN_POINT('',(4.,-0.15,3.7));
#4019 = DIRECTION('',(1.,0.,0.));
#4020 = DIRECTION('',(0.,0.,-1.));
#4021 = ADVANCED_FACE('',(#4022),#4054,.F.);
#4022 = FACE_BOUND('',#4023,.T.);
#4023 = EDGE_LOOP('',(#4024,#4025,#4031,#4032,#4040,#4048));
#4024 = ORIENTED_EDGE('',*,*,#3535,.T.);
#4025 = ORIENTED_EDGE('',*,*,#4026,.T.);
#4026 = EDGE_CURVE('',#3528,#644,#4027,.T.);
#4027 = LINE('',#4028,#4029);
#4028 = CARTESIAN_POINT('',(5.,0.15,1.7));
#4029 = VECTOR('',#4030,1.);
#4030 = DIRECTION('',(0.,0.,1.));
#4031 = ORIENTED_EDGE('',*,*,#643,.F.);
#4032 = ORIENTED_EDGE('',*,*,#4033,.F.);
#4033 = EDGE_CURVE('',#4034,#636,#4036,.T.);
#4034 = VERTEX_POINT('',#4035);
#4035 = CARTESIAN_POINT('',(5.,1.55,3.701));
#4036 = LINE('',#4037,#4038);
#4037 = CARTESIAN_POINT('',(5.,1.55,3.701));
#4038 = VECTOR('',#4039,1.);
#4039 = DIRECTION('',(-0.,-0.,-1.));
#4040 = ORIENTED_EDGE('',*,*,#4041,.F.);
#4041 = EDGE_CURVE('',#4042,#4034,#4044,.T.);
#4042 = VERTEX_POINT('',#4043);
#4043 = CARTESIAN_POINT('',(5.,-0.15,3.701));
#4044 = LINE('',#4045,#4046);
#4045 = CARTESIAN_POINT('',(5.,1.55,3.701));
#4046 = VECTOR('',#4047,1.);
#4047 = DIRECTION('',(-4.081702296416E-15,1.,0.));
#4048 = ORIENTED_EDGE('',*,*,#4049,.F.);
#4049 = EDGE_CURVE('',#3536,#4042,#4050,.T.);
#4050 = LINE('',#4051,#4052);
#4051 = CARTESIAN_POINT('',(5.,-0.15,3.7));
#4052 = VECTOR('',#4053,1.);
#4053 = DIRECTION('',(0.,0.,1.));
#4054 = PLANE('',#4055);
#4055 = AXIS2_PLACEMENT_3D('',#4056,#4057,#4058);
#4056 = CARTESIAN_POINT('',(5.,-0.15,3.7));
#4057 = DIRECTION('',(-1.,0.,0.));
#4058 = DIRECTION('',(0.,0.,1.));
#4059 = ADVANCED_FACE('',(#4060),#4094,.T.);
#4060 = FACE_BOUND('',#4061,.T.);
#4061 = EDGE_LOOP('',(#4062,#4063,#4071,#4079,#4085,#4086,#4087,#4093));
#4062 = ORIENTED_EDGE('',*,*,#3575,.T.);
#4063 = ORIENTED_EDGE('',*,*,#4064,.T.);
#4064 = EDGE_CURVE('',#3568,#4065,#4067,.T.);
#4065 = VERTEX_POINT('',#4066);
#4066 = CARTESIAN_POINT('',(4.3,-0.15,-3.));
#4067 = LINE('',#4068,#4069);
#4068 = CARTESIAN_POINT('',(4.3,-0.15,1.7));
#4069 = VECTOR('',#4070,1.);
#4070 = DIRECTION('',(0.,0.,-1.));
#4071 = ORIENTED_EDGE('',*,*,#4072,.T.);
#4072 = EDGE_CURVE('',#4065,#4073,#4075,.T.);
#4073 = VERTEX_POINT('',#4074);
#4074 = CARTESIAN_POINT('',(4.7,-0.15,-3.));
#4075 = LINE('',#4076,#4077);
#4076 = CARTESIAN_POINT('',(4.3,-0.15,-3.));
#4077 = VECTOR('',#4078,1.);
#4078 = DIRECTION('',(1.,0.,0.));
#4079 = ORIENTED_EDGE('',*,*,#4080,.T.);
#4080 = EDGE_CURVE('',#4073,#3544,#4081,.T.);
#4081 = LINE('',#4082,#4083);
#4082 = CARTESIAN_POINT('',(4.7,-0.15,1.7));
#4083 = VECTOR('',#4084,1.);
#4084 = DIRECTION('',(0.,0.,1.));
#4085 = ORIENTED_EDGE('',*,*,#3543,.T.);
#4086 = ORIENTED_EDGE('',*,*,#4049,.T.);
#4087 = ORIENTED_EDGE('',*,*,#4088,.F.);
#4088 = EDGE_CURVE('',#3996,#4042,#4089,.T.);
#4089 = LINE('',#4090,#4091);
#4090 = CARTESIAN_POINT('',(5.,-0.15,3.701));
#4091 = VECTOR('',#4092,1.);
#4092 = DIRECTION('',(1.,0.,0.));
#4093 = ORIENTED_EDGE('',*,*,#3995,.T.);
#4094 = PLANE('',#4095);
#4095 = AXIS2_PLACEMENT_3D('',#4096,#4097,#4098);
#4096 = CARTESIAN_POINT('',(12.,-0.15,0.));
#4097 = DIRECTION('',(0.,-1.,0.));
#4098 = DIRECTION('',(0.,0.,-1.));
#4099 = ADVANCED_FACE('',(#4100),#4132,.F.);
#4100 = FACE_BOUND('',#4101,.T.);
#4101 = EDGE_LOOP('',(#4102,#4103,#4109,#4110,#4118,#4126));
#4102 = ORIENTED_EDGE('',*,*,#659,.F.);
#4103 = ORIENTED_EDGE('',*,*,#4104,.F.);
#4104 = EDGE_CURVE('',#3520,#652,#4105,.T.);
#4105 = LINE('',#4106,#4107);
#4106 = CARTESIAN_POINT('',(5.5,0.15,1.7));
#4107 = VECTOR('',#4108,1.);
#4108 = DIRECTION('',(0.,0.,1.));
#4109 = ORIENTED_EDGE('',*,*,#3519,.F.);
#4110 = ORIENTED_EDGE('',*,*,#4111,.F.);
#4111 = EDGE_CURVE('',#4112,#3512,#4114,.T.);
#4112 = VERTEX_POINT('',#4113);
#4113 = CARTESIAN_POINT('',(5.5,-0.15,3.701));
#4114 = LINE('',#4115,#4116);
#4115 = CARTESIAN_POINT('',(5.5,-0.15,3.7));
#4116 = VECTOR('',#4117,1.);
#4117 = DIRECTION('',(0.,0.,-1.));
#4118 = ORIENTED_EDGE('',*,*,#4119,.F.);
#4119 = EDGE_CURVE('',#4120,#4112,#4122,.T.);
#4120 = VERTEX_POINT('',#4121);
#4121 = CARTESIAN_POINT('',(5.5,1.55,3.701));
#4122 = LINE('',#4123,#4124);
#4123 = CARTESIAN_POINT('',(5.5,-0.15,3.701));
#4124 = VECTOR('',#4125,1.);
#4125 = DIRECTION('',(6.122553444624E-15,-1.,0.));
#4126 = ORIENTED_EDGE('',*,*,#4127,.T.);
#4127 = EDGE_CURVE('',#4120,#660,#4128,.T.);
#4128 = LINE('',#4129,#4130);
#4129 = CARTESIAN_POINT('',(5.5,1.55,3.701));
#4130 = VECTOR('',#4131,1.);
#4131 = DIRECTION('',(-0.,-0.,-1.));
#4132 = PLANE('',#4133);
#4133 = AXIS2_PLACEMENT_3D('',#4134,#4135,#4136);
#4134 = CARTESIAN_POINT('',(5.5,-0.15,3.7));
#4135 = DIRECTION('',(1.,0.,0.));
#4136 = DIRECTION('',(0.,0.,-1.));
#4137 = ADVANCED_FACE('',(#4138),#4170,.F.);
#4138 = FACE_BOUND('',#4139,.T.);
#4139 = EDGE_LOOP('',(#4140,#4141,#4147,#4148,#4156,#4164));
#4140 = ORIENTED_EDGE('',*,*,#3471,.T.);
#4141 = ORIENTED_EDGE('',*,*,#4142,.T.);
#4142 = EDGE_CURVE('',#3464,#676,#4143,.T.);
#4143 = LINE('',#4144,#4145);
#4144 = CARTESIAN_POINT('',(6.5,0.15,1.7));
#4145 = VECTOR('',#4146,1.);
#4146 = DIRECTION('',(0.,0.,1.));
#4147 = ORIENTED_EDGE('',*,*,#675,.F.);
#4148 = ORIENTED_EDGE('',*,*,#4149,.F.);
#4149 = EDGE_CURVE('',#4150,#668,#4152,.T.);
#4150 = VERTEX_POINT('',#4151);
#4151 = CARTESIAN_POINT('',(6.5,1.55,3.701));
#4152 = LINE('',#4153,#4154);
#4153 = CARTESIAN_POINT('',(6.5,1.55,3.701));
#4154 = VECTOR('',#4155,1.);
#4155 = DIRECTION('',(-0.,-0.,-1.));
#4156 = ORIENTED_EDGE('',*,*,#4157,.F.);
#4157 = EDGE_CURVE('',#4158,#4150,#4160,.T.);
#4158 = VERTEX_POINT('',#4159);
#4159 = CARTESIAN_POINT('',(6.5,-0.15,3.701));
#4160 = LINE('',#4161,#4162);
#4161 = CARTESIAN_POINT('',(6.5,1.55,3.701));
#4162 = VECTOR('',#4163,1.);
#4163 = DIRECTION('',(-6.122553444624E-15,1.,0.));
#4164 = ORIENTED_EDGE('',*,*,#4165,.F.);
#4165 = EDGE_CURVE('',#3472,#4158,#4166,.T.);
#4166 = LINE('',#4167,#4168);
#4167 = CARTESIAN_POINT('',(6.5,-0.15,3.7));
#4168 = VECTOR('',#4169,1.);
#4169 = DIRECTION('',(0.,0.,1.));
#4170 = PLANE('',#4171);
#4171 = AXIS2_PLACEMENT_3D('',#4172,#4173,#4174);
#4172 = CARTESIAN_POINT('',(6.5,-0.15,3.7));
#4173 = DIRECTION('',(-1.,0.,0.));
#4174 = DIRECTION('',(0.,0.,1.));
#4175 = ADVANCED_FACE('',(#4176),#4210,.T.);
#4176 = FACE_BOUND('',#4177,.T.);
#4177 = EDGE_LOOP('',(#4178,#4179,#4187,#4195,#4201,#4202,#4203,#4209));
#4178 = ORIENTED_EDGE('',*,*,#3511,.T.);
#4179 = ORIENTED_EDGE('',*,*,#4180,.T.);
#4180 = EDGE_CURVE('',#3504,#4181,#4183,.T.);
#4181 = VERTEX_POINT('',#4182);
#4182 = CARTESIAN_POINT('',(5.8,-0.15,-3.));
#4183 = LINE('',#4184,#4185);
#4184 = CARTESIAN_POINT('',(5.8,-0.15,1.7));
#4185 = VECTOR('',#4186,1.);
#4186 = DIRECTION('',(0.,0.,-1.));
#4187 = ORIENTED_EDGE('',*,*,#4188,.T.);
#4188 = EDGE_CURVE('',#4181,#4189,#4191,.T.);
#4189 = VERTEX_POINT('',#4190);
#4190 = CARTESIAN_POINT('',(6.2,-0.15,-3.));
#4191 = LINE('',#4192,#4193);
#4192 = CARTESIAN_POINT('',(5.8,-0.15,-3.));
#4193 = VECTOR('',#4194,1.);
#4194 = DIRECTION('',(1.,0.,0.));
#4195 = ORIENTED_EDGE('',*,*,#4196,.T.);
#4196 = EDGE_CURVE('',#4189,#3480,#4197,.T.);
#4197 = LINE('',#4198,#4199);
#4198 = CARTESIAN_POINT('',(6.2,-0.15,1.7));
#4199 = VECTOR('',#4200,1.);
#4200 = DIRECTION('',(0.,0.,1.));
#4201 = ORIENTED_EDGE('',*,*,#3479,.T.);
#4202 = ORIENTED_EDGE('',*,*,#4165,.T.);
#4203 = ORIENTED_EDGE('',*,*,#4204,.F.);
#4204 = EDGE_CURVE('',#4112,#4158,#4205,.T.);
#4205 = LINE('',#4206,#4207);
#4206 = CARTESIAN_POINT('',(6.5,-0.15,3.701));
#4207 = VECTOR('',#4208,1.);
#4208 = DIRECTION('',(1.,0.,0.));
#4209 = ORIENTED_EDGE('',*,*,#4111,.T.);
#4210 = PLANE('',#4211);
#4211 = AXIS2_PLACEMENT_3D('',#4212,#4213,#4214);
#4212 = CARTESIAN_POINT('',(12.,-0.15,0.));
#4213 = DIRECTION('',(0.,-1.,0.));
#4214 = DIRECTION('',(0.,0.,-1.));
#4215 = ADVANCED_FACE('',(#4216),#4248,.F.);
#4216 = FACE_BOUND('',#4217,.T.);
#4217 = EDGE_LOOP('',(#4218,#4219,#4225,#4226,#4234,#4242));
#4218 = ORIENTED_EDGE('',*,*,#691,.F.);
#4219 = ORIENTED_EDGE('',*,*,#4220,.F.);
#4220 = EDGE_CURVE('',#3456,#684,#4221,.T.);
#4221 = LINE('',#4222,#4223);
#4222 = CARTESIAN_POINT('',(7.,0.15,1.7));
#4223 = VECTOR('',#4224,1.);
#4224 = DIRECTION('',(0.,0.,1.));
#4225 = ORIENTED_EDGE('',*,*,#3455,.F.);
#4226 = ORIENTED_EDGE('',*,*,#4227,.F.);
#4227 = EDGE_CURVE('',#4228,#3448,#4230,.T.);
#4228 = VERTEX_POINT('',#4229);
#4229 = CARTESIAN_POINT('',(7.,-0.15,3.701));
#4230 = LINE('',#4231,#4232);
#4231 = CARTESIAN_POINT('',(7.,-0.15,3.7));
#4232 = VECTOR('',#4233,1.);
#4233 = DIRECTION('',(0.,0.,-1.));
#4234 = ORIENTED_EDGE('',*,*,#4235,.F.);
#4235 = EDGE_CURVE('',#4236,#4228,#4238,.T.);
#4236 = VERTEX_POINT('',#4237);
#4237 = CARTESIAN_POINT('',(7.,1.55,3.701));
#4238 = LINE('',#4239,#4240);
#4239 = CARTESIAN_POINT('',(7.,-0.15,3.701));
#4240 = VECTOR('',#4241,1.);
#4241 = DIRECTION('',(4.081702296416E-15,-1.,0.));
#4242 = ORIENTED_EDGE('',*,*,#4243,.T.);
#4243 = EDGE_CURVE('',#4236,#692,#4244,.T.);
#4244 = LINE('',#4245,#4246);
#4245 = CARTESIAN_POINT('',(7.,1.55,3.701));
#4246 = VECTOR('',#4247,1.);
#4247 = DIRECTION('',(-0.,-0.,-1.));
#4248 = PLANE('',#4249);
#4249 = AXIS2_PLACEMENT_3D('',#4250,#4251,#4252);
#4250 = CARTESIAN_POINT('',(7.,-0.15,3.7));
#4251 = DIRECTION('',(1.,0.,0.));
#4252 = DIRECTION('',(0.,0.,-1.));
#4253 = ADVANCED_FACE('',(#4254),#4286,.F.);
#4254 = FACE_BOUND('',#4255,.T.);
#4255 = EDGE_LOOP('',(#4256,#4257,#4263,#4264,#4272,#4280));
#4256 = ORIENTED_EDGE('',*,*,#3407,.T.);
#4257 = ORIENTED_EDGE('',*,*,#4258,.T.);
#4258 = EDGE_CURVE('',#3400,#708,#4259,.T.);
#4259 = LINE('',#4260,#4261);
#4260 = CARTESIAN_POINT('',(8.,0.15,1.7));
#4261 = VECTOR('',#4262,1.);
#4262 = DIRECTION('',(0.,0.,1.));
#4263 = ORIENTED_EDGE('',*,*,#707,.F.);
#4264 = ORIENTED_EDGE('',*,*,#4265,.F.);
#4265 = EDGE_CURVE('',#4266,#700,#4268,.T.);
#4266 = VERTEX_POINT('',#4267);
#4267 = CARTESIAN_POINT('',(8.,1.55,3.701));
#4268 = LINE('',#4269,#4270);
#4269 = CARTESIAN_POINT('',(8.,1.55,3.701));
#4270 = VECTOR('',#4271,1.);
#4271 = DIRECTION('',(-0.,-0.,-1.));
#4272 = ORIENTED_EDGE('',*,*,#4273,.F.);
#4273 = EDGE_CURVE('',#4274,#4266,#4276,.T.);
#4274 = VERTEX_POINT('',#4275);
#4275 = CARTESIAN_POINT('',(8.,-0.15,3.701));
#4276 = LINE('',#4277,#4278);
#4277 = CARTESIAN_POINT('',(8.,1.55,3.701));
#4278 = VECTOR('',#4279,1.);
#4279 = DIRECTION('',(-4.081702296416E-15,1.,0.));
#4280 = ORIENTED_EDGE('',*,*,#4281,.F.);
#4281 = EDGE_CURVE('',#3408,#4274,#4282,.T.);
#4282 = LINE('',#4283,#4284);
#4283 = CARTESIAN_POINT('',(8.,-0.15,3.7));
#4284 = VECTOR('',#4285,1.);
#4285 = DIRECTION('',(0.,0.,1.));
#4286 = PLANE('',#4287);
#4287 = AXIS2_PLACEMENT_3D('',#4288,#4289,#4290);
#4288 = CARTESIAN_POINT('',(8.,-0.15,3.7));
#4289 = DIRECTION('',(-1.,0.,0.));
#4290 = DIRECTION('',(0.,0.,1.));
#4291 = ADVANCED_FACE('',(#4292),#4326,.T.);
#4292 = FACE_BOUND('',#4293,.T.);
#4293 = EDGE_LOOP('',(#4294,#4295,#4303,#4311,#4317,#4318,#4319,#4325));
#4294 = ORIENTED_EDGE('',*,*,#3447,.T.);
#4295 = ORIENTED_EDGE('',*,*,#4296,.T.);
#4296 = EDGE_CURVE('',#3440,#4297,#4299,.T.);
#4297 = VERTEX_POINT('',#4298);
#4298 = CARTESIAN_POINT('',(7.3,-0.15,-3.));
#4299 = LINE('',#4300,#4301);
#4300 = CARTESIAN_POINT('',(7.3,-0.15,1.7));
#4301 = VECTOR('',#4302,1.);
#4302 = DIRECTION('',(0.,0.,-1.));
#4303 = ORIENTED_EDGE('',*,*,#4304,.T.);
#4304 = EDGE_CURVE('',#4297,#4305,#4307,.T.);
#4305 = VERTEX_POINT('',#4306);
#4306 = CARTESIAN_POINT('',(7.7,-0.15,-3.));
#4307 = LINE('',#4308,#4309);
#4308 = CARTESIAN_POINT('',(7.3,-0.15,-3.));
#4309 = VECTOR('',#4310,1.);
#4310 = DIRECTION('',(1.,0.,0.));
#4311 = ORIENTED_EDGE('',*,*,#4312,.T.);
#4312 = EDGE_CURVE('',#4305,#3416,#4313,.T.);
#4313 = LINE('',#4314,#4315);
#4314 = CARTESIAN_POINT('',(7.7,-0.15,1.7));
#4315 = VECTOR('',#4316,1.);
#4316 = DIRECTION('',(0.,0.,1.));
#4317 = ORIENTED_EDGE('',*,*,#3415,.T.);
#4318 = ORIENTED_EDGE('',*,*,#4281,.T.);
#4319 = ORIENTED_EDGE('',*,*,#4320,.F.);
#4320 = EDGE_CURVE('',#4228,#4274,#4321,.T.);
#4321 = LINE('',#4322,#4323);
#4322 = CARTESIAN_POINT('',(8.,-0.15,3.701));
#4323 = VECTOR('',#4324,1.);
#4324 = DIRECTION('',(1.,0.,0.));
#4325 = ORIENTED_EDGE('',*,*,#4227,.T.);
#4326 = PLANE('',#4327);
#4327 = AXIS2_PLACEMENT_3D('',#4328,#4329,#4330);
#4328 = CARTESIAN_POINT('',(12.,-0.15,0.));
#4329 = DIRECTION('',(0.,-1.,0.));
#4330 = DIRECTION('',(0.,0.,-1.));
#4331 = ADVANCED_FACE('',(#4332),#4364,.F.);
#4332 = FACE_BOUND('',#4333,.T.);
#4333 = EDGE_LOOP('',(#4334,#4335,#4341,#4342,#4350,#4358));
#4334 = ORIENTED_EDGE('',*,*,#723,.F.);
#4335 = ORIENTED_EDGE('',*,*,#4336,.F.);
#4336 = EDGE_CURVE('',#3392,#716,#4337,.T.);
#4337 = LINE('',#4338,#4339);
#4338 = CARTESIAN_POINT('',(8.5,0.15,1.7));
#4339 = VECTOR('',#4340,1.);
#4340 = DIRECTION('',(0.,0.,1.));
#4341 = ORIENTED_EDGE('',*,*,#3391,.F.);
#4342 = ORIENTED_EDGE('',*,*,#4343,.F.);
#4343 = EDGE_CURVE('',#4344,#3384,#4346,.T.);
#4344 = VERTEX_POINT('',#4345);
#4345 = CARTESIAN_POINT('',(8.5,-0.15,3.701));
#4346 = LINE('',#4347,#4348);
#4347 = CARTESIAN_POINT('',(8.5,-0.15,3.7));
#4348 = VECTOR('',#4349,1.);
#4349 = DIRECTION('',(0.,0.,-1.));
#4350 = ORIENTED_EDGE('',*,*,#4351,.F.);
#4351 = EDGE_CURVE('',#4352,#4344,#4354,.T.);
#4352 = VERTEX_POINT('',#4353);
#4353 = CARTESIAN_POINT('',(8.5,1.55,3.701));
#4354 = LINE('',#4355,#4356);
#4355 = CARTESIAN_POINT('',(8.5,-0.15,3.701));
#4356 = VECTOR('',#4357,1.);
#4357 = DIRECTION('',(3.061276722312E-15,-1.,0.));
#4358 = ORIENTED_EDGE('',*,*,#4359,.T.);
#4359 = EDGE_CURVE('',#4352,#724,#4360,.T.);
#4360 = LINE('',#4361,#4362);
#4361 = CARTESIAN_POINT('',(8.5,1.55,3.701));
#4362 = VECTOR('',#4363,1.);
#4363 = DIRECTION('',(-0.,-0.,-1.));
#4364 = PLANE('',#4365);
#4365 = AXIS2_PLACEMENT_3D('',#4366,#4367,#4368);
#4366 = CARTESIAN_POINT('',(8.5,-0.15,3.7));
#4367 = DIRECTION('',(1.,0.,0.));
#4368 = DIRECTION('',(0.,0.,-1.));
#4369 = ADVANCED_FACE('',(#4370),#4402,.F.);
#4370 = FACE_BOUND('',#4371,.T.);
#4371 = EDGE_LOOP('',(#4372,#4373,#4379,#4380,#4388,#4396));
#4372 = ORIENTED_EDGE('',*,*,#3343,.T.);
#4373 = ORIENTED_EDGE('',*,*,#4374,.T.);
#4374 = EDGE_CURVE('',#3336,#740,#4375,.T.);
#4375 = LINE('',#4376,#4377);
#4376 = CARTESIAN_POINT('',(9.5,0.15,1.7));
#4377 = VECTOR('',#4378,1.);
#4378 = DIRECTION('',(0.,0.,1.));
#4379 = ORIENTED_EDGE('',*,*,#739,.F.);
#4380 = ORIENTED_EDGE('',*,*,#4381,.F.);
#4381 = EDGE_CURVE('',#4382,#732,#4384,.T.);
#4382 = VERTEX_POINT('',#4383);
#4383 = CARTESIAN_POINT('',(9.5,1.55,3.701));
#4384 = LINE('',#4385,#4386);
#4385 = CARTESIAN_POINT('',(9.5,1.55,3.701));
#4386 = VECTOR('',#4387,1.);
#4387 = DIRECTION('',(-0.,-0.,-1.));
#4388 = ORIENTED_EDGE('',*,*,#4389,.F.);
#4389 = EDGE_CURVE('',#4390,#4382,#4392,.T.);
#4390 = VERTEX_POINT('',#4391);
#4391 = CARTESIAN_POINT('',(9.5,-0.15,3.701));
#4392 = LINE('',#4393,#4394);
#4393 = CARTESIAN_POINT('',(9.5,1.55,3.701));
#4394 = VECTOR('',#4395,1.);
#4395 = DIRECTION('',(-3.061276722312E-15,1.,0.));
#4396 = ORIENTED_EDGE('',*,*,#4397,.F.);
#4397 = EDGE_CURVE('',#3344,#4390,#4398,.T.);
#4398 = LINE('',#4399,#4400);
#4399 = CARTESIAN_POINT('',(9.5,-0.15,3.7));
#4400 = VECTOR('',#4401,1.);
#4401 = DIRECTION('',(0.,0.,1.));
#4402 = PLANE('',#4403);
#4403 = AXIS2_PLACEMENT_3D('',#4404,#4405,#4406);
#4404 = CARTESIAN_POINT('',(9.5,-0.15,3.7));
#4405 = DIRECTION('',(-1.,0.,0.));
#4406 = DIRECTION('',(0.,0.,1.));
#4407 = ADVANCED_FACE('',(#4408),#4442,.T.);
#4408 = FACE_BOUND('',#4409,.T.);
#4409 = EDGE_LOOP('',(#4410,#4411,#4419,#4427,#4433,#4434,#4435,#4441));
#4410 = ORIENTED_EDGE('',*,*,#3383,.T.);
#4411 = ORIENTED_EDGE('',*,*,#4412,.T.);
#4412 = EDGE_CURVE('',#3376,#4413,#4415,.T.);
#4413 = VERTEX_POINT('',#4414);
#4414 = CARTESIAN_POINT('',(8.8,-0.15,-3.));
#4415 = LINE('',#4416,#4417);
#4416 = CARTESIAN_POINT('',(8.8,-0.15,1.7));
#4417 = VECTOR('',#4418,1.);
#4418 = DIRECTION('',(0.,0.,-1.));
#4419 = ORIENTED_EDGE('',*,*,#4420,.T.);
#4420 = EDGE_CURVE('',#4413,#4421,#4423,.T.);
#4421 = VERTEX_POINT('',#4422);
#4422 = CARTESIAN_POINT('',(9.2,-0.15,-3.));
#4423 = LINE('',#4424,#4425);
#4424 = CARTESIAN_POINT('',(8.8,-0.15,-3.));
#4425 = VECTOR('',#4426,1.);
#4426 = DIRECTION('',(1.,0.,0.));
#4427 = ORIENTED_EDGE('',*,*,#4428,.T.);
#4428 = EDGE_CURVE('',#4421,#3352,#4429,.T.);
#4429 = LINE('',#4430,#4431);
#4430 = CARTESIAN_POINT('',(9.2,-0.15,1.7));
#4431 = VECTOR('',#4432,1.);
#4432 = DIRECTION('',(0.,0.,1.));
#4433 = ORIENTED_EDGE('',*,*,#3351,.T.);
#4434 = ORIENTED_EDGE('',*,*,#4397,.T.);
#4435 = ORIENTED_EDGE('',*,*,#4436,.F.);
#4436 = EDGE_CURVE('',#4344,#4390,#4437,.T.);
#4437 = LINE('',#4438,#4439);
#4438 = CARTESIAN_POINT('',(9.5,-0.15,3.701));
#4439 = VECTOR('',#4440,1.);
#4440 = DIRECTION('',(1.,0.,0.));
#4441 = ORIENTED_EDGE('',*,*,#4343,.T.);
#4442 = PLANE('',#4443);
#4443 = AXIS2_PLACEMENT_3D('',#4444,#4445,#4446);
#4444 = CARTESIAN_POINT('',(12.,-0.15,0.));
#4445 = DIRECTION('',(0.,-1.,0.));
#4446 = DIRECTION('',(0.,0.,-1.));
#4447 = ADVANCED_FACE('',(#4448),#4480,.F.);
#4448 = FACE_BOUND('',#4449,.T.);
#4449 = EDGE_LOOP('',(#4450,#4451,#4457,#4458,#4466,#4474));
#4450 = ORIENTED_EDGE('',*,*,#755,.F.);
#4451 = ORIENTED_EDGE('',*,*,#4452,.F.);
#4452 = EDGE_CURVE('',#3328,#748,#4453,.T.);
#4453 = LINE('',#4454,#4455);
#4454 = CARTESIAN_POINT('',(10.,0.15,1.7));
#4455 = VECTOR('',#4456,1.);
#4456 = DIRECTION('',(0.,0.,1.));
#4457 = ORIENTED_EDGE('',*,*,#3327,.F.);
#4458 = ORIENTED_EDGE('',*,*,#4459,.F.);
#4459 = EDGE_CURVE('',#4460,#3320,#4462,.T.);
#4460 = VERTEX_POINT('',#4461);
#4461 = CARTESIAN_POINT('',(10.,-0.15,3.701));
#4462 = LINE('',#4463,#4464);
#4463 = CARTESIAN_POINT('',(10.,-0.15,3.7));
#4464 = VECTOR('',#4465,1.);
#4465 = DIRECTION('',(0.,0.,-1.));
#4466 = ORIENTED_EDGE('',*,*,#4467,.F.);
#4467 = EDGE_CURVE('',#4468,#4460,#4470,.T.);
#4468 = VERTEX_POINT('',#4469);
#4469 = CARTESIAN_POINT('',(10.,1.55,3.701));
#4470 = LINE('',#4471,#4472);
#4471 = CARTESIAN_POINT('',(10.,-0.15,3.701));
#4472 = VECTOR('',#4473,1.);
#4473 = DIRECTION('',(3.061276722312E-15,-1.,0.));
#4474 = ORIENTED_EDGE('',*,*,#4475,.T.);
#4475 = EDGE_CURVE('',#4468,#756,#4476,.T.);
#4476 = LINE('',#4477,#4478);
#4477 = CARTESIAN_POINT('',(10.,1.55,3.701));
#4478 = VECTOR('',#4479,1.);
#4479 = DIRECTION('',(-0.,-0.,-1.));
#4480 = PLANE('',#4481);
#4481 = AXIS2_PLACEMENT_3D('',#4482,#4483,#4484);
#4482 = CARTESIAN_POINT('',(10.,-0.15,3.7));
#4483 = DIRECTION('',(1.,0.,0.));
#4484 = DIRECTION('',(0.,0.,-1.));
#4485 = ADVANCED_FACE('',(#4486),#4518,.F.);
#4486 = FACE_BOUND('',#4487,.T.);
#4487 = EDGE_LOOP('',(#4488,#4489,#4495,#4496,#4504,#4512));
#4488 = ORIENTED_EDGE('',*,*,#3279,.T.);
#4489 = ORIENTED_EDGE('',*,*,#4490,.T.);
#4490 = EDGE_CURVE('',#3272,#772,#4491,.T.);
#4491 = LINE('',#4492,#4493);
#4492 = CARTESIAN_POINT('',(11.,0.15,1.7));
#4493 = VECTOR('',#4494,1.);
#4494 = DIRECTION('',(0.,0.,1.));
#4495 = ORIENTED_EDGE('',*,*,#771,.F.);
#4496 = ORIENTED_EDGE('',*,*,#4497,.F.);
#4497 = EDGE_CURVE('',#4498,#764,#4500,.T.);
#4498 = VERTEX_POINT('',#4499);
#4499 = CARTESIAN_POINT('',(11.,1.55,3.701));
#4500 = LINE('',#4501,#4502);
#4501 = CARTESIAN_POINT('',(11.,1.55,3.701));
#4502 = VECTOR('',#4503,1.);
#4503 = DIRECTION('',(-0.,-0.,-1.));
#4504 = ORIENTED_EDGE('',*,*,#4505,.F.);
#4505 = EDGE_CURVE('',#4506,#4498,#4508,.T.);
#4506 = VERTEX_POINT('',#4507);
#4507 = CARTESIAN_POINT('',(11.,-0.15,3.701));
#4508 = LINE('',#4509,#4510);
#4509 = CARTESIAN_POINT('',(11.,1.55,3.701));
#4510 = VECTOR('',#4511,1.);
#4511 = DIRECTION('',(-3.061276722312E-15,1.,0.));
#4512 = ORIENTED_EDGE('',*,*,#4513,.F.);
#4513 = EDGE_CURVE('',#3280,#4506,#4514,.T.);
#4514 = LINE('',#4515,#4516);
#4515 = CARTESIAN_POINT('',(11.,-0.15,3.7));
#4516 = VECTOR('',#4517,1.);
#4517 = DIRECTION('',(0.,0.,1.));
#4518 = PLANE('',#4519);
#4519 = AXIS2_PLACEMENT_3D('',#4520,#4521,#4522);
#4520 = CARTESIAN_POINT('',(11.,-0.15,3.7));
#4521 = DIRECTION('',(-1.,0.,0.));
#4522 = DIRECTION('',(0.,0.,1.));
#4523 = ADVANCED_FACE('',(#4524),#4558,.T.);
#4524 = FACE_BOUND('',#4525,.T.);
#4525 = EDGE_LOOP('',(#4526,#4527,#4535,#4543,#4549,#4550,#4551,#4557));
#4526 = ORIENTED_EDGE('',*,*,#3319,.T.);
#4527 = ORIENTED_EDGE('',*,*,#4528,.T.);
#4528 = EDGE_CURVE('',#3312,#4529,#4531,.T.);
#4529 = VERTEX_POINT('',#4530);
#4530 = CARTESIAN_POINT('',(10.3,-0.15,-3.));
#4531 = LINE('',#4532,#4533);
#4532 = CARTESIAN_POINT('',(10.3,-0.15,1.7));
#4533 = VECTOR('',#4534,1.);
#4534 = DIRECTION('',(0.,0.,-1.));
#4535 = ORIENTED_EDGE('',*,*,#4536,.T.);
#4536 = EDGE_CURVE('',#4529,#4537,#4539,.T.);
#4537 = VERTEX_POINT('',#4538);
#4538 = CARTESIAN_POINT('',(10.7,-0.15,-3.));
#4539 = LINE('',#4540,#4541);
#4540 = CARTESIAN_POINT('',(10.3,-0.15,-3.));
#4541 = VECTOR('',#4542,1.);
#4542 = DIRECTION('',(1.,0.,0.));
#4543 = ORIENTED_EDGE('',*,*,#4544,.T.);
#4544 = EDGE_CURVE('',#4537,#3288,#4545,.T.);
#4545 = LINE('',#4546,#4547);
#4546 = CARTESIAN_POINT('',(10.7,-0.15,1.7));
#4547 = VECTOR('',#4548,1.);
#4548 = DIRECTION('',(0.,0.,1.));
#4549 = ORIENTED_EDGE('',*,*,#3287,.T.);
#4550 = ORIENTED_EDGE('',*,*,#4513,.T.);
#4551 = ORIENTED_EDGE('',*,*,#4552,.F.);
#4552 = EDGE_CURVE('',#4460,#4506,#4553,.T.);
#4553 = LINE('',#4554,#4555);
#4554 = CARTESIAN_POINT('',(11.,-0.15,3.701));
#4555 = VECTOR('',#4556,1.);
#4556 = DIRECTION('',(1.,0.,0.));
#4557 = ORIENTED_EDGE('',*,*,#4459,.T.);
#4558 = PLANE('',#4559);
#4559 = AXIS2_PLACEMENT_3D('',#4560,#4561,#4562);
#4560 = CARTESIAN_POINT('',(12.,-0.15,0.));
#4561 = DIRECTION('',(0.,-1.,0.));
#4562 = DIRECTION('',(0.,0.,-1.));
#4563 = ADVANCED_FACE('',(#4564),#4596,.F.);
#4564 = FACE_BOUND('',#4565,.T.);
#4565 = EDGE_LOOP('',(#4566,#4567,#4573,#4574,#4582,#4590));
#4566 = ORIENTED_EDGE('',*,*,#787,.F.);
#4567 = ORIENTED_EDGE('',*,*,#4568,.F.);
#4568 = EDGE_CURVE('',#3264,#780,#4569,.T.);
#4569 = LINE('',#4570,#4571);
#4570 = CARTESIAN_POINT('',(11.5,0.15,1.7));
#4571 = VECTOR('',#4572,1.);
#4572 = DIRECTION('',(0.,0.,1.));
#4573 = ORIENTED_EDGE('',*,*,#3263,.F.);
#4574 = ORIENTED_EDGE('',*,*,#4575,.F.);
#4575 = EDGE_CURVE('',#4576,#3256,#4578,.T.);
#4576 = VERTEX_POINT('',#4577);
#4577 = CARTESIAN_POINT('',(11.5,-0.15,3.701));
#4578 = LINE('',#4579,#4580);
#4579 = CARTESIAN_POINT('',(11.5,-0.15,3.7));
#4580 = VECTOR('',#4581,1.);
#4581 = DIRECTION('',(0.,0.,-1.));
#4582 = ORIENTED_EDGE('',*,*,#4583,.F.);
#4583 = EDGE_CURVE('',#4584,#4576,#4586,.T.);
#4584 = VERTEX_POINT('',#4585);
#4585 = CARTESIAN_POINT('',(11.5,1.55,3.701));
#4586 = LINE('',#4587,#4588);
#4587 = CARTESIAN_POINT('',(11.5,-0.15,3.701));
#4588 = VECTOR('',#4589,1.);
#4589 = DIRECTION('',(3.061276722312E-15,-1.,0.));
#4590 = ORIENTED_EDGE('',*,*,#4591,.T.);
#4591 = EDGE_CURVE('',#4584,#788,#4592,.T.);
#4592 = LINE('',#4593,#4594);
#4593 = CARTESIAN_POINT('',(11.5,1.55,3.701));
#4594 = VECTOR('',#4595,1.);
#4595 = DIRECTION('',(-0.,-0.,-1.));
#4596 = PLANE('',#4597);
#4597 = AXIS2_PLACEMENT_3D('',#4598,#4599,#4600);
#4598 = CARTESIAN_POINT('',(11.5,-0.15,3.7));
#4599 = DIRECTION('',(1.,0.,0.));
#4600 = DIRECTION('',(0.,0.,-1.));
#4601 = ADVANCED_FACE('',(#4602),#4634,.F.);
#4602 = FACE_BOUND('',#4603,.T.);
#4603 = EDGE_LOOP('',(#4604,#4605,#4611,#4612,#4620,#4628));
#4604 = ORIENTED_EDGE('',*,*,#3215,.T.);
#4605 = ORIENTED_EDGE('',*,*,#4606,.T.);
#4606 = EDGE_CURVE('',#3208,#804,#4607,.T.);
#4607 = LINE('',#4608,#4609);
#4608 = CARTESIAN_POINT('',(12.5,0.15,1.7));
#4609 = VECTOR('',#4610,1.);
#4610 = DIRECTION('',(0.,0.,1.));
#4611 = ORIENTED_EDGE('',*,*,#803,.F.);
#4612 = ORIENTED_EDGE('',*,*,#4613,.F.);
#4613 = EDGE_CURVE('',#4614,#796,#4616,.T.);
#4614 = VERTEX_POINT('',#4615);
#4615 = CARTESIAN_POINT('',(12.5,1.55,3.701));
#4616 = LINE('',#4617,#4618);
#4617 = CARTESIAN_POINT('',(12.5,1.55,3.701));
#4618 = VECTOR('',#4619,1.);
#4619 = DIRECTION('',(-0.,-0.,-1.));
#4620 = ORIENTED_EDGE('',*,*,#4621,.F.);
#4621 = EDGE_CURVE('',#4622,#4614,#4624,.T.);
#4622 = VERTEX_POINT('',#4623);
#4623 = CARTESIAN_POINT('',(12.5,-0.15,3.701));
#4624 = LINE('',#4625,#4626);
#4625 = CARTESIAN_POINT('',(12.5,1.55,3.701));
#4626 = VECTOR('',#4627,1.);
#4627 = DIRECTION('',(-3.061276722312E-15,1.,0.));
#4628 = ORIENTED_EDGE('',*,*,#4629,.F.);
#4629 = EDGE_CURVE('',#3216,#4622,#4630,.T.);
#4630 = LINE('',#4631,#4632);
#4631 = CARTESIAN_POINT('',(12.5,-0.15,3.7));
#4632 = VECTOR('',#4633,1.);
#4633 = DIRECTION('',(0.,0.,1.));
#4634 = PLANE('',#4635);
#4635 = AXIS2_PLACEMENT_3D('',#4636,#4637,#4638);
#4636 = CARTESIAN_POINT('',(12.5,-0.15,3.7));
#4637 = DIRECTION('',(-1.,0.,0.));
#4638 = DIRECTION('',(0.,0.,1.));
#4639 = ADVANCED_FACE('',(#4640),#4674,.T.);
#4640 = FACE_BOUND('',#4641,.T.);
#4641 = EDGE_LOOP('',(#4642,#4643,#4651,#4659,#4665,#4666,#4667,#4673));
#4642 = ORIENTED_EDGE('',*,*,#3255,.T.);
#4643 = ORIENTED_EDGE('',*,*,#4644,.T.);
#4644 = EDGE_CURVE('',#3248,#4645,#4647,.T.);
#4645 = VERTEX_POINT('',#4646);
#4646 = CARTESIAN_POINT('',(11.8,-0.15,-3.));
#4647 = LINE('',#4648,#4649);
#4648 = CARTESIAN_POINT('',(11.8,-0.15,1.7));
#4649 = VECTOR('',#4650,1.);
#4650 = DIRECTION('',(0.,0.,-1.));
#4651 = ORIENTED_EDGE('',*,*,#4652,.T.);
#4652 = EDGE_CURVE('',#4645,#4653,#4655,.T.);
#4653 = VERTEX_POINT('',#4654);
#4654 = CARTESIAN_POINT('',(12.2,-0.15,-3.));
#4655 = LINE('',#4656,#4657);
#4656 = CARTESIAN_POINT('',(11.8,-0.15,-3.));
#4657 = VECTOR('',#4658,1.);
#4658 = DIRECTION('',(1.,0.,0.));
#4659 = ORIENTED_EDGE('',*,*,#4660,.T.);
#4660 = EDGE_CURVE('',#4653,#3224,#4661,.T.);
#4661 = LINE('',#4662,#4663);
#4662 = CARTESIAN_POINT('',(12.2,-0.15,1.7));
#4663 = VECTOR('',#4664,1.);
#4664 = DIRECTION('',(0.,0.,1.));
#4665 = ORIENTED_EDGE('',*,*,#3223,.T.);
#4666 = ORIENTED_EDGE('',*,*,#4629,.T.);
#4667 = ORIENTED_EDGE('',*,*,#4668,.F.);
#4668 = EDGE_CURVE('',#4576,#4622,#4669,.T.);
#4669 = LINE('',#4670,#4671);
#4670 = CARTESIAN_POINT('',(12.5,-0.15,3.701));
#4671 = VECTOR('',#4672,1.);
#4672 = DIRECTION('',(1.,0.,0.));
#4673 = ORIENTED_EDGE('',*,*,#4575,.T.);
#4674 = PLANE('',#4675);
#4675 = AXIS2_PLACEMENT_3D('',#4676,#4677,#4678);
#4676 = CARTESIAN_POINT('',(12.,-0.15,0.));
#4677 = DIRECTION('',(0.,-1.,0.));
#4678 = DIRECTION('',(0.,0.,-1.));
#4679 = ADVANCED_FACE('',(#4680),#4712,.F.);
#4680 = FACE_BOUND('',#4681,.T.);
#4681 = EDGE_LOOP('',(#4682,#4683,#4689,#4690,#4698,#4706));
#4682 = ORIENTED_EDGE('',*,*,#819,.F.);
#4683 = ORIENTED_EDGE('',*,*,#4684,.F.);
#4684 = EDGE_CURVE('',#3200,#812,#4685,.T.);
#4685 = LINE('',#4686,#4687);
#4686 = CARTESIAN_POINT('',(13.,0.15,1.7));
#4687 = VECTOR('',#4688,1.);
#4688 = DIRECTION('',(0.,0.,1.));
#4689 = ORIENTED_EDGE('',*,*,#3199,.F.);
#4690 = ORIENTED_EDGE('',*,*,#4691,.F.);
#4691 = EDGE_CURVE('',#4692,#3192,#4694,.T.);
#4692 = VERTEX_POINT('',#4693);
#4693 = CARTESIAN_POINT('',(13.,-0.15,3.701));
#4694 = LINE('',#4695,#4696);
#4695 = CARTESIAN_POINT('',(13.,-0.15,3.7));
#4696 = VECTOR('',#4697,1.);
#4697 = DIRECTION('',(0.,0.,-1.));
#4698 = ORIENTED_EDGE('',*,*,#4699,.F.);
#4699 = EDGE_CURVE('',#4700,#4692,#4702,.T.);
#4700 = VERTEX_POINT('',#4701);
#4701 = CARTESIAN_POINT('',(13.,1.55,3.701));
#4702 = LINE('',#4703,#4704);
#4703 = CARTESIAN_POINT('',(13.,-0.15,3.701));
#4704 = VECTOR('',#4705,1.);
#4705 = DIRECTION('',(3.061276722312E-15,-1.,0.));
#4706 = ORIENTED_EDGE('',*,*,#4707,.T.);
#4707 = EDGE_CURVE('',#4700,#820,#4708,.T.);
#4708 = LINE('',#4709,#4710);
#4709 = CARTESIAN_POINT('',(13.,1.55,3.701));
#4710 = VECTOR('',#4711,1.);
#4711 = DIRECTION('',(-0.,-0.,-1.));
#4712 = PLANE('',#4713);
#4713 = AXIS2_PLACEMENT_3D('',#4714,#4715,#4716);
#4714 = CARTESIAN_POINT('',(13.,-0.15,3.7));
#4715 = DIRECTION('',(1.,0.,0.));
#4716 = DIRECTION('',(0.,0.,-1.));
#4717 = ADVANCED_FACE('',(#4718),#4750,.F.);
#4718 = FACE_BOUND('',#4719,.T.);
#4719 = EDGE_LOOP('',(#4720,#4721,#4727,#4728,#4736,#4744));
#4720 = ORIENTED_EDGE('',*,*,#3151,.T.);
#4721 = ORIENTED_EDGE('',*,*,#4722,.T.);
#4722 = EDGE_CURVE('',#3144,#836,#4723,.T.);
#4723 = LINE('',#4724,#4725);
#4724 = CARTESIAN_POINT('',(14.,0.15,1.7));
#4725 = VECTOR('',#4726,1.);
#4726 = DIRECTION('',(0.,0.,1.));
#4727 = ORIENTED_EDGE('',*,*,#835,.F.);
#4728 = ORIENTED_EDGE('',*,*,#4729,.F.);
#4729 = EDGE_CURVE('',#4730,#828,#4732,.T.);
#4730 = VERTEX_POINT('',#4731);
#4731 = CARTESIAN_POINT('',(14.,1.55,3.701));
#4732 = LINE('',#4733,#4734);
#4733 = CARTESIAN_POINT('',(14.,1.55,3.701));
#4734 = VECTOR('',#4735,1.);
#4735 = DIRECTION('',(-0.,-0.,-1.));
#4736 = ORIENTED_EDGE('',*,*,#4737,.F.);
#4737 = EDGE_CURVE('',#4738,#4730,#4740,.T.);
#4738 = VERTEX_POINT('',#4739);
#4739 = CARTESIAN_POINT('',(14.,-0.15,3.701));
#4740 = LINE('',#4741,#4742);
#4741 = CARTESIAN_POINT('',(14.,1.55,3.701));
#4742 = VECTOR('',#4743,1.);
#4743 = DIRECTION('',(-3.061276722312E-15,1.,0.));
#4744 = ORIENTED_EDGE('',*,*,#4745,.F.);
#4745 = EDGE_CURVE('',#3152,#4738,#4746,.T.);
#4746 = LINE('',#4747,#4748);
#4747 = CARTESIAN_POINT('',(14.,-0.15,3.7));
#4748 = VECTOR('',#4749,1.);
#4749 = DIRECTION('',(0.,0.,1.));
#4750 = PLANE('',#4751);
#4751 = AXIS2_PLACEMENT_3D('',#4752,#4753,#4754);
#4752 = CARTESIAN_POINT('',(14.,-0.15,3.7));
#4753 = DIRECTION('',(-1.,0.,0.));
#4754 = DIRECTION('',(0.,0.,1.));
#4755 = ADVANCED_FACE('',(#4756),#4790,.T.);
#4756 = FACE_BOUND('',#4757,.T.);
#4757 = EDGE_LOOP('',(#4758,#4759,#4767,#4775,#4781,#4782,#4783,#4789));
#4758 = ORIENTED_EDGE('',*,*,#3191,.T.);
#4759 = ORIENTED_EDGE('',*,*,#4760,.T.);
#4760 = EDGE_CURVE('',#3184,#4761,#4763,.T.);
#4761 = VERTEX_POINT('',#4762);
#4762 = CARTESIAN_POINT('',(13.3,-0.15,-3.));
#4763 = LINE('',#4764,#4765);
#4764 = CARTESIAN_POINT('',(13.3,-0.15,1.7));
#4765 = VECTOR('',#4766,1.);
#4766 = DIRECTION('',(0.,0.,-1.));
#4767 = ORIENTED_EDGE('',*,*,#4768,.T.);
#4768 = EDGE_CURVE('',#4761,#4769,#4771,.T.);
#4769 = VERTEX_POINT('',#4770);
#4770 = CARTESIAN_POINT('',(13.7,-0.15,-3.));
#4771 = LINE('',#4772,#4773);
#4772 = CARTESIAN_POINT('',(13.3,-0.15,-3.));
#4773 = VECTOR('',#4774,1.);
#4774 = DIRECTION('',(1.,0.,0.));
#4775 = ORIENTED_EDGE('',*,*,#4776,.T.);
#4776 = EDGE_CURVE('',#4769,#3160,#4777,.T.);
#4777 = LINE('',#4778,#4779);
#4778 = CARTESIAN_POINT('',(13.7,-0.15,1.7));
#4779 = VECTOR('',#4780,1.);
#4780 = DIRECTION('',(0.,0.,1.));
#4781 = ORIENTED_EDGE('',*,*,#3159,.T.);
#4782 = ORIENTED_EDGE('',*,*,#4745,.T.);
#4783 = ORIENTED_EDGE('',*,*,#4784,.F.);
#4784 = EDGE_CURVE('',#4692,#4738,#4785,.T.);
#4785 = LINE('',#4786,#4787);
#4786 = CARTESIAN_POINT('',(14.,-0.15,3.701));
#4787 = VECTOR('',#4788,1.);
#4788 = DIRECTION('',(1.,0.,0.));
#4789 = ORIENTED_EDGE('',*,*,#4691,.T.);
#4790 = PLANE('',#4791);
#4791 = AXIS2_PLACEMENT_3D('',#4792,#4793,#4794);
#4792 = CARTESIAN_POINT('',(12.,-0.15,0.));
#4793 = DIRECTION('',(0.,-1.,0.));
#4794 = DIRECTION('',(0.,0.,-1.));
#4795 = ADVANCED_FACE('',(#4796),#4828,.F.);
#4796 = FACE_BOUND('',#4797,.T.);
#4797 = EDGE_LOOP('',(#4798,#4799,#4805,#4806,#4814,#4822));
#4798 = ORIENTED_EDGE('',*,*,#851,.F.);
#4799 = ORIENTED_EDGE('',*,*,#4800,.F.);
#4800 = EDGE_CURVE('',#3136,#844,#4801,.T.);
#4801 = LINE('',#4802,#4803);
#4802 = CARTESIAN_POINT('',(14.5,0.15,1.7));
#4803 = VECTOR('',#4804,1.);
#4804 = DIRECTION('',(0.,0.,1.));
#4805 = ORIENTED_EDGE('',*,*,#3135,.F.);
#4806 = ORIENTED_EDGE('',*,*,#4807,.F.);
#4807 = EDGE_CURVE('',#4808,#3128,#4810,.T.);
#4808 = VERTEX_POINT('',#4809);
#4809 = CARTESIAN_POINT('',(14.5,-0.15,3.701));
#4810 = LINE('',#4811,#4812);
#4811 = CARTESIAN_POINT('',(14.5,-0.15,3.7));
#4812 = VECTOR('',#4813,1.);
#4813 = DIRECTION('',(0.,0.,-1.));
#4814 = ORIENTED_EDGE('',*,*,#4815,.F.);
#4815 = EDGE_CURVE('',#4816,#4808,#4818,.T.);
#4816 = VERTEX_POINT('',#4817);
#4817 = CARTESIAN_POINT('',(14.5,1.55,3.701));
#4818 = LINE('',#4819,#4820);
#4819 = CARTESIAN_POINT('',(14.5,-0.15,3.701));
#4820 = VECTOR('',#4821,1.);
#4821 = DIRECTION('',(3.061276722312E-15,-1.,0.));
#4822 = ORIENTED_EDGE('',*,*,#4823,.T.);
#4823 = EDGE_CURVE('',#4816,#852,#4824,.T.);
#4824 = LINE('',#4825,#4826);
#4825 = CARTESIAN_POINT('',(14.5,1.55,3.701));
#4826 = VECTOR('',#4827,1.);
#4827 = DIRECTION('',(-0.,-0.,-1.));
#4828 = PLANE('',#4829);
#4829 = AXIS2_PLACEMENT_3D('',#4830,#4831,#4832);
#4830 = CARTESIAN_POINT('',(14.5,-0.15,3.7));
#4831 = DIRECTION('',(1.,0.,0.));
#4832 = DIRECTION('',(0.,0.,-1.));
#4833 = ADVANCED_FACE('',(#4834),#4866,.F.);
#4834 = FACE_BOUND('',#4835,.T.);
#4835 = EDGE_LOOP('',(#4836,#4837,#4843,#4844,#4852,#4860));
#4836 = ORIENTED_EDGE('',*,*,#3087,.T.);
#4837 = ORIENTED_EDGE('',*,*,#4838,.T.);
#4838 = EDGE_CURVE('',#3080,#868,#4839,.T.);
#4839 = LINE('',#4840,#4841);
#4840 = CARTESIAN_POINT('',(15.5,0.15,1.7));
#4841 = VECTOR('',#4842,1.);
#4842 = DIRECTION('',(0.,0.,1.));
#4843 = ORIENTED_EDGE('',*,*,#867,.F.);
#4844 = ORIENTED_EDGE('',*,*,#4845,.F.);
#4845 = EDGE_CURVE('',#4846,#860,#4848,.T.);
#4846 = VERTEX_POINT('',#4847);
#4847 = CARTESIAN_POINT('',(15.5,1.55,3.701));
#4848 = LINE('',#4849,#4850);
#4849 = CARTESIAN_POINT('',(15.5,1.55,3.701));
#4850 = VECTOR('',#4851,1.);
#4851 = DIRECTION('',(-0.,-0.,-1.));
#4852 = ORIENTED_EDGE('',*,*,#4853,.F.);
#4853 = EDGE_CURVE('',#4854,#4846,#4856,.T.);
#4854 = VERTEX_POINT('',#4855);
#4855 = CARTESIAN_POINT('',(15.5,-0.15,3.701));
#4856 = LINE('',#4857,#4858);
#4857 = CARTESIAN_POINT('',(15.5,1.55,3.701));
#4858 = VECTOR('',#4859,1.);
#4859 = DIRECTION('',(-3.061276722312E-15,1.,0.));
#4860 = ORIENTED_EDGE('',*,*,#4861,.F.);
#4861 = EDGE_CURVE('',#3088,#4854,#4862,.T.);
#4862 = LINE('',#4863,#4864);
#4863 = CARTESIAN_POINT('',(15.5,-0.15,3.7));
#4864 = VECTOR('',#4865,1.);
#4865 = DIRECTION('',(0.,0.,1.));
#4866 = PLANE('',#4867);
#4867 = AXIS2_PLACEMENT_3D('',#4868,#4869,#4870);
#4868 = CARTESIAN_POINT('',(15.5,-0.15,3.7));
#4869 = DIRECTION('',(-1.,0.,0.));
#4870 = DIRECTION('',(0.,0.,1.));
#4871 = ADVANCED_FACE('',(#4872),#4906,.T.);
#4872 = FACE_BOUND('',#4873,.T.);
#4873 = EDGE_LOOP('',(#4874,#4875,#4883,#4891,#4897,#4898,#4899,#4905));
#4874 = ORIENTED_EDGE('',*,*,#3127,.T.);
#4875 = ORIENTED_EDGE('',*,*,#4876,.T.);
#4876 = EDGE_CURVE('',#3120,#4877,#4879,.T.);
#4877 = VERTEX_POINT('',#4878);
#4878 = CARTESIAN_POINT('',(14.8,-0.15,-3.));
#4879 = LINE('',#4880,#4881);
#4880 = CARTESIAN_POINT('',(14.8,-0.15,1.7));
#4881 = VECTOR('',#4882,1.);
#4882 = DIRECTION('',(0.,0.,-1.));
#4883 = ORIENTED_EDGE('',*,*,#4884,.T.);
#4884 = EDGE_CURVE('',#4877,#4885,#4887,.T.);
#4885 = VERTEX_POINT('',#4886);
#4886 = CARTESIAN_POINT('',(15.2,-0.15,-3.));
#4887 = LINE('',#4888,#4889);
#4888 = CARTESIAN_POINT('',(14.8,-0.15,-3.));
#4889 = VECTOR('',#4890,1.);
#4890 = DIRECTION('',(1.,0.,0.));
#4891 = ORIENTED_EDGE('',*,*,#4892,.T.);
#4892 = EDGE_CURVE('',#4885,#3096,#4893,.T.);
#4893 = LINE('',#4894,#4895);
#4894 = CARTESIAN_POINT('',(15.2,-0.15,1.7));
#4895 = VECTOR('',#4896,1.);
#4896 = DIRECTION('',(0.,0.,1.));
#4897 = ORIENTED_EDGE('',*,*,#3095,.T.);
#4898 = ORIENTED_EDGE('',*,*,#4861,.T.);
#4899 = ORIENTED_EDGE('',*,*,#4900,.F.);
#4900 = EDGE_CURVE('',#4808,#4854,#4901,.T.);
#4901 = LINE('',#4902,#4903);
#4902 = CARTESIAN_POINT('',(15.5,-0.15,3.701));
#4903 = VECTOR('',#4904,1.);
#4904 = DIRECTION('',(1.,0.,0.));
#4905 = ORIENTED_EDGE('',*,*,#4807,.T.);
#4906 = PLANE('',#4907);
#4907 = AXIS2_PLACEMENT_3D('',#4908,#4909,#4910);
#4908 = CARTESIAN_POINT('',(12.,-0.15,0.));
#4909 = DIRECTION('',(0.,-1.,0.));
#4910 = DIRECTION('',(0.,0.,-1.));
#4911 = ADVANCED_FACE('',(#4912),#4944,.F.);
#4912 = FACE_BOUND('',#4913,.T.);
#4913 = EDGE_LOOP('',(#4914,#4915,#4921,#4922,#4930,#4938));
#4914 = ORIENTED_EDGE('',*,*,#883,.F.);
#4915 = ORIENTED_EDGE('',*,*,#4916,.F.);
#4916 = EDGE_CURVE('',#3072,#876,#4917,.T.);
#4917 = LINE('',#4918,#4919);
#4918 = CARTESIAN_POINT('',(16.,0.15,1.7));
#4919 = VECTOR('',#4920,1.);
#4920 = DIRECTION('',(0.,0.,1.));
#4921 = ORIENTED_EDGE('',*,*,#3071,.F.);
#4922 = ORIENTED_EDGE('',*,*,#4923,.F.);
#4923 = EDGE_CURVE('',#4924,#3064,#4926,.T.);
#4924 = VERTEX_POINT('',#4925);
#4925 = CARTESIAN_POINT('',(16.,-0.15,3.701));
#4926 = LINE('',#4927,#4928);
#4927 = CARTESIAN_POINT('',(16.,-0.15,3.7));
#4928 = VECTOR('',#4929,1.);
#4929 = DIRECTION('',(0.,0.,-1.));
#4930 = ORIENTED_EDGE('',*,*,#4931,.F.);
#4931 = EDGE_CURVE('',#4932,#4924,#4934,.T.);
#4932 = VERTEX_POINT('',#4933);
#4933 = CARTESIAN_POINT('',(16.,1.55,3.701));
#4934 = LINE('',#4935,#4936);
#4935 = CARTESIAN_POINT('',(16.,-0.15,3.701));
#4936 = VECTOR('',#4937,1.);
#4937 = DIRECTION('',(1.530638361156E-15,-1.,0.));
#4938 = ORIENTED_EDGE('',*,*,#4939,.T.);
#4939 = EDGE_CURVE('',#4932,#884,#4940,.T.);
#4940 = LINE('',#4941,#4942);
#4941 = CARTESIAN_POINT('',(16.,1.55,3.701));
#4942 = VECTOR('',#4943,1.);
#4943 = DIRECTION('',(-0.,-0.,-1.));
#4944 = PLANE('',#4945);
#4945 = AXIS2_PLACEMENT_3D('',#4946,#4947,#4948);
#4946 = CARTESIAN_POINT('',(16.,-0.15,3.7));
#4947 = DIRECTION('',(1.,0.,0.));
#4948 = DIRECTION('',(0.,0.,-1.));
#4949 = ADVANCED_FACE('',(#4950),#4982,.F.);
#4950 = FACE_BOUND('',#4951,.T.);
#4951 = EDGE_LOOP('',(#4952,#4953,#4959,#4960,#4968,#4976));
#4952 = ORIENTED_EDGE('',*,*,#3023,.T.);
#4953 = ORIENTED_EDGE('',*,*,#4954,.T.);
#4954 = EDGE_CURVE('',#3016,#900,#4955,.T.);
#4955 = LINE('',#4956,#4957);
#4956 = CARTESIAN_POINT('',(17.,0.15,1.7));
#4957 = VECTOR('',#4958,1.);
#4958 = DIRECTION('',(0.,0.,1.));
#4959 = ORIENTED_EDGE('',*,*,#899,.F.);
#4960 = ORIENTED_EDGE('',*,*,#4961,.F.);
#4961 = EDGE_CURVE('',#4962,#892,#4964,.T.);
#4962 = VERTEX_POINT('',#4963);
#4963 = CARTESIAN_POINT('',(17.,1.55,3.701));
#4964 = LINE('',#4965,#4966);
#4965 = CARTESIAN_POINT('',(17.,1.55,3.701));
#4966 = VECTOR('',#4967,1.);
#4967 = DIRECTION('',(-0.,-0.,-1.));
#4968 = ORIENTED_EDGE('',*,*,#4969,.F.);
#4969 = EDGE_CURVE('',#4970,#4962,#4972,.T.);
#4970 = VERTEX_POINT('',#4971);
#4971 = CARTESIAN_POINT('',(17.,-0.15,3.701));
#4972 = LINE('',#4973,#4974);
#4973 = CARTESIAN_POINT('',(17.,1.55,3.701));
#4974 = VECTOR('',#4975,1.);
#4975 = DIRECTION('',(-1.530638361156E-15,1.,0.));
#4976 = ORIENTED_EDGE('',*,*,#4977,.F.);
#4977 = EDGE_CURVE('',#3024,#4970,#4978,.T.);
#4978 = LINE('',#4979,#4980);
#4979 = CARTESIAN_POINT('',(17.,-0.15,3.7));
#4980 = VECTOR('',#4981,1.);
#4981 = DIRECTION('',(0.,0.,1.));
#4982 = PLANE('',#4983);
#4983 = AXIS2_PLACEMENT_3D('',#4984,#4985,#4986);
#4984 = CARTESIAN_POINT('',(17.,-0.15,3.7));
#4985 = DIRECTION('',(-1.,0.,0.));
#4986 = DIRECTION('',(0.,0.,1.));
#4987 = ADVANCED_FACE('',(#4988),#5022,.T.);
#4988 = FACE_BOUND('',#4989,.T.);
#4989 = EDGE_LOOP('',(#4990,#4991,#4999,#5007,#5013,#5014,#5015,#5021));
#4990 = ORIENTED_EDGE('',*,*,#3063,.T.);
#4991 = ORIENTED_EDGE('',*,*,#4992,.T.);
#4992 = EDGE_CURVE('',#3056,#4993,#4995,.T.);
#4993 = VERTEX_POINT('',#4994);
#4994 = CARTESIAN_POINT('',(16.3,-0.15,-3.));
#4995 = LINE('',#4996,#4997);
#4996 = CARTESIAN_POINT('',(16.3,-0.15,1.7));
#4997 = VECTOR('',#4998,1.);
#4998 = DIRECTION('',(0.,0.,-1.));
#4999 = ORIENTED_EDGE('',*,*,#5000,.T.);
#5000 = EDGE_CURVE('',#4993,#5001,#5003,.T.);
#5001 = VERTEX_POINT('',#5002);
#5002 = CARTESIAN_POINT('',(16.7,-0.15,-3.));
#5003 = LINE('',#5004,#5005);
#5004 = CARTESIAN_POINT('',(16.3,-0.15,-3.));
#5005 = VECTOR('',#5006,1.);
#5006 = DIRECTION('',(1.,0.,0.));
#5007 = ORIENTED_EDGE('',*,*,#5008,.T.);
#5008 = EDGE_CURVE('',#5001,#3032,#5009,.T.);
#5009 = LINE('',#5010,#5011);
#5010 = CARTESIAN_POINT('',(16.7,-0.15,1.7));
#5011 = VECTOR('',#5012,1.);
#5012 = DIRECTION('',(0.,0.,1.));
#5013 = ORIENTED_EDGE('',*,*,#3031,.T.);
#5014 = ORIENTED_EDGE('',*,*,#4977,.T.);
#5015 = ORIENTED_EDGE('',*,*,#5016,.F.);
#5016 = EDGE_CURVE('',#4924,#4970,#5017,.T.);
#5017 = LINE('',#5018,#5019);
#5018 = CARTESIAN_POINT('',(17.,-0.15,3.701));
#5019 = VECTOR('',#5020,1.);
#5020 = DIRECTION('',(1.,0.,0.));
#5021 = ORIENTED_EDGE('',*,*,#4923,.T.);
#5022 = PLANE('',#5023);
#5023 = AXIS2_PLACEMENT_3D('',#5024,#5025,#5026);
#5024 = CARTESIAN_POINT('',(12.,-0.15,0.));
#5025 = DIRECTION('',(0.,-1.,0.));
#5026 = DIRECTION('',(0.,0.,-1.));
#5027 = ADVANCED_FACE('',(#5028),#5060,.F.);
#5028 = FACE_BOUND('',#5029,.T.);
#5029 = EDGE_LOOP('',(#5030,#5031,#5037,#5038,#5046,#5054));
#5030 = ORIENTED_EDGE('',*,*,#915,.F.);
#5031 = ORIENTED_EDGE('',*,*,#5032,.F.);
#5032 = EDGE_CURVE('',#3008,#908,#5033,.T.);
#5033 = LINE('',#5034,#5035);
#5034 = CARTESIAN_POINT('',(17.5,0.15,1.7));
#5035 = VECTOR('',#5036,1.);
#5036 = DIRECTION('',(0.,0.,1.));
#5037 = ORIENTED_EDGE('',*,*,#3007,.F.);
#5038 = ORIENTED_EDGE('',*,*,#5039,.F.);
#5039 = EDGE_CURVE('',#5040,#3000,#5042,.T.);
#5040 = VERTEX_POINT('',#5041);
#5041 = CARTESIAN_POINT('',(17.5,-0.15,3.701));
#5042 = LINE('',#5043,#5044);
#5043 = CARTESIAN_POINT('',(17.5,-0.15,3.7));
#5044 = VECTOR('',#5045,1.);
#5045 = DIRECTION('',(0.,0.,-1.));
#5046 = ORIENTED_EDGE('',*,*,#5047,.F.);
#5047 = EDGE_CURVE('',#5048,#5040,#5050,.T.);
#5048 = VERTEX_POINT('',#5049);
#5049 = CARTESIAN_POINT('',(17.5,1.55,3.701));
#5050 = LINE('',#5051,#5052);
#5051 = CARTESIAN_POINT('',(17.5,-0.15,3.701));
#5052 = VECTOR('',#5053,1.);
#5053 = DIRECTION('',(1.530638361156E-15,-1.,0.));
#5054 = ORIENTED_EDGE('',*,*,#5055,.T.);
#5055 = EDGE_CURVE('',#5048,#916,#5056,.T.);
#5056 = LINE('',#5057,#5058);
#5057 = CARTESIAN_POINT('',(17.5,1.55,3.701));
#5058 = VECTOR('',#5059,1.);
#5059 = DIRECTION('',(-0.,-0.,-1.));
#5060 = PLANE('',#5061);
#5061 = AXIS2_PLACEMENT_3D('',#5062,#5063,#5064);
#5062 = CARTESIAN_POINT('',(17.5,-0.15,3.7));
#5063 = DIRECTION('',(1.,0.,0.));
#5064 = DIRECTION('',(0.,0.,-1.));
#5065 = ADVANCED_FACE('',(#5066),#5098,.F.);
#5066 = FACE_BOUND('',#5067,.T.);
#5067 = EDGE_LOOP('',(#5068,#5069,#5075,#5076,#5084,#5092));
#5068 = ORIENTED_EDGE('',*,*,#2959,.T.);
#5069 = ORIENTED_EDGE('',*,*,#5070,.T.);
#5070 = EDGE_CURVE('',#2952,#932,#5071,.T.);
#5071 = LINE('',#5072,#5073);
#5072 = CARTESIAN_POINT('',(18.5,0.15,1.7));
#5073 = VECTOR('',#5074,1.);
#5074 = DIRECTION('',(0.,0.,1.));
#5075 = ORIENTED_EDGE('',*,*,#931,.F.);
#5076 = ORIENTED_EDGE('',*,*,#5077,.F.);
#5077 = EDGE_CURVE('',#5078,#924,#5080,.T.);
#5078 = VERTEX_POINT('',#5079);
#5079 = CARTESIAN_POINT('',(18.5,1.55,3.701));
#5080 = LINE('',#5081,#5082);
#5081 = CARTESIAN_POINT('',(18.5,1.55,3.701));
#5082 = VECTOR('',#5083,1.);
#5083 = DIRECTION('',(-0.,-0.,-1.));
#5084 = ORIENTED_EDGE('',*,*,#5085,.F.);
#5085 = EDGE_CURVE('',#5086,#5078,#5088,.T.);
#5086 = VERTEX_POINT('',#5087);
#5087 = CARTESIAN_POINT('',(18.5,-0.15,3.701));
#5088 = LINE('',#5089,#5090);
#5089 = CARTESIAN_POINT('',(18.5,1.55,3.701));
#5090 = VECTOR('',#5091,1.);
#5091 = DIRECTION('',(-1.530638361156E-15,1.,0.));
#5092 = ORIENTED_EDGE('',*,*,#5093,.F.);
#5093 = EDGE_CURVE('',#2960,#5086,#5094,.T.);
#5094 = LINE('',#5095,#5096);
#5095 = CARTESIAN_POINT('',(18.5,-0.15,3.7));
#5096 = VECTOR('',#5097,1.);
#5097 = DIRECTION('',(0.,0.,1.));
#5098 = PLANE('',#5099);
#5099 = AXIS2_PLACEMENT_3D('',#5100,#5101,#5102);
#5100 = CARTESIAN_POINT('',(18.5,-0.15,3.7));
#5101 = DIRECTION('',(-1.,0.,0.));
#5102 = DIRECTION('',(0.,0.,1.));
#5103 = ADVANCED_FACE('',(#5104),#5138,.T.);
#5104 = FACE_BOUND('',#5105,.T.);
#5105 = EDGE_LOOP('',(#5106,#5107,#5115,#5123,#5129,#5130,#5131,#5137));
#5106 = ORIENTED_EDGE('',*,*,#2999,.T.);
#5107 = ORIENTED_EDGE('',*,*,#5108,.T.);
#5108 = EDGE_CURVE('',#2992,#5109,#5111,.T.);
#5109 = VERTEX_POINT('',#5110);
#5110 = CARTESIAN_POINT('',(17.8,-0.15,-3.));
#5111 = LINE('',#5112,#5113);
#5112 = CARTESIAN_POINT('',(17.8,-0.15,1.7));
#5113 = VECTOR('',#5114,1.);
#5114 = DIRECTION('',(0.,0.,-1.));
#5115 = ORIENTED_EDGE('',*,*,#5116,.T.);
#5116 = EDGE_CURVE('',#5109,#5117,#5119,.T.);
#5117 = VERTEX_POINT('',#5118);
#5118 = CARTESIAN_POINT('',(18.2,-0.15,-3.));
#5119 = LINE('',#5120,#5121);
#5120 = CARTESIAN_POINT('',(17.8,-0.15,-3.));
#5121 = VECTOR('',#5122,1.);
#5122 = DIRECTION('',(1.,0.,0.));
#5123 = ORIENTED_EDGE('',*,*,#5124,.T.);
#5124 = EDGE_CURVE('',#5117,#2968,#5125,.T.);
#5125 = LINE('',#5126,#5127);
#5126 = CARTESIAN_POINT('',(18.2,-0.15,1.7));
#5127 = VECTOR('',#5128,1.);
#5128 = DIRECTION('',(0.,0.,1.));
#5129 = ORIENTED_EDGE('',*,*,#2967,.T.);
#5130 = ORIENTED_EDGE('',*,*,#5093,.T.);
#5131 = ORIENTED_EDGE('',*,*,#5132,.F.);
#5132 = EDGE_CURVE('',#5040,#5086,#5133,.T.);
#5133 = LINE('',#5134,#5135);
#5134 = CARTESIAN_POINT('',(18.5,-0.15,3.701));
#5135 = VECTOR('',#5136,1.);
#5136 = DIRECTION('',(1.,0.,0.));
#5137 = ORIENTED_EDGE('',*,*,#5039,.T.);
#5138 = PLANE('',#5139);
#5139 = AXIS2_PLACEMENT_3D('',#5140,#5141,#5142);
#5140 = CARTESIAN_POINT('',(12.,-0.15,0.));
#5141 = DIRECTION('',(0.,-1.,0.));
#5142 = DIRECTION('',(0.,0.,-1.));
#5143 = ADVANCED_FACE('',(#5144),#5176,.F.);
#5144 = FACE_BOUND('',#5145,.T.);
#5145 = EDGE_LOOP('',(#5146,#5147,#5153,#5154,#5162,#5170));
#5146 = ORIENTED_EDGE('',*,*,#947,.F.);
#5147 = ORIENTED_EDGE('',*,*,#5148,.F.);
#5148 = EDGE_CURVE('',#2944,#940,#5149,.T.);
#5149 = LINE('',#5150,#5151);
#5150 = CARTESIAN_POINT('',(19.,0.15,1.7));
#5151 = VECTOR('',#5152,1.);
#5152 = DIRECTION('',(0.,0.,1.));
#5153 = ORIENTED_EDGE('',*,*,#2943,.F.);
#5154 = ORIENTED_EDGE('',*,*,#5155,.F.);
#5155 = EDGE_CURVE('',#5156,#2936,#5158,.T.);
#5156 = VERTEX_POINT('',#5157);
#5157 = CARTESIAN_POINT('',(19.,-0.15,3.701));
#5158 = LINE('',#5159,#5160);
#5159 = CARTESIAN_POINT('',(19.,-0.15,3.7));
#5160 = VECTOR('',#5161,1.);
#5161 = DIRECTION('',(0.,0.,-1.));
#5162 = ORIENTED_EDGE('',*,*,#5163,.F.);
#5163 = EDGE_CURVE('',#5164,#5156,#5166,.T.);
#5164 = VERTEX_POINT('',#5165);
#5165 = CARTESIAN_POINT('',(19.,1.55,3.701));
#5166 = LINE('',#5167,#5168);
#5167 = CARTESIAN_POINT('',(19.,-0.15,3.701));
#5168 = VECTOR('',#5169,1.);
#5169 = DIRECTION('',(1.530638361156E-15,-1.,0.));
#5170 = ORIENTED_EDGE('',*,*,#5171,.T.);
#5171 = EDGE_CURVE('',#5164,#948,#5172,.T.);
#5172 = LINE('',#5173,#5174);
#5173 = CARTESIAN_POINT('',(19.,1.55,3.701));
#5174 = VECTOR('',#5175,1.);
#5175 = DIRECTION('',(-0.,-0.,-1.));
#5176 = PLANE('',#5177);
#5177 = AXIS2_PLACEMENT_3D('',#5178,#5179,#5180);
#5178 = CARTESIAN_POINT('',(19.,-0.15,3.7));
#5179 = DIRECTION('',(1.,0.,0.));
#5180 = DIRECTION('',(0.,0.,-1.));
#5181 = ADVANCED_FACE('',(#5182),#5214,.F.);
#5182 = FACE_BOUND('',#5183,.T.);
#5183 = EDGE_LOOP('',(#5184,#5185,#5191,#5192,#5200,#5208));
#5184 = ORIENTED_EDGE('',*,*,#2895,.T.);
#5185 = ORIENTED_EDGE('',*,*,#5186,.T.);
#5186 = EDGE_CURVE('',#2888,#964,#5187,.T.);
#5187 = LINE('',#5188,#5189);
#5188 = CARTESIAN_POINT('',(20.,0.15,1.7));
#5189 = VECTOR('',#5190,1.);
#5190 = DIRECTION('',(0.,0.,1.));
#5191 = ORIENTED_EDGE('',*,*,#963,.F.);
#5192 = ORIENTED_EDGE('',*,*,#5193,.F.);
#5193 = EDGE_CURVE('',#5194,#956,#5196,.T.);
#5194 = VERTEX_POINT('',#5195);
#5195 = CARTESIAN_POINT('',(20.,1.55,3.701));
#5196 = LINE('',#5197,#5198);
#5197 = CARTESIAN_POINT('',(20.,1.55,3.701));
#5198 = VECTOR('',#5199,1.);
#5199 = DIRECTION('',(-0.,-0.,-1.));
#5200 = ORIENTED_EDGE('',*,*,#5201,.F.);
#5201 = EDGE_CURVE('',#5202,#5194,#5204,.T.);
#5202 = VERTEX_POINT('',#5203);
#5203 = CARTESIAN_POINT('',(20.,-0.15,3.701));
#5204 = LINE('',#5205,#5206);
#5205 = CARTESIAN_POINT('',(20.,1.55,3.701));
#5206 = VECTOR('',#5207,1.);
#5207 = DIRECTION('',(-2.040851148208E-15,1.,0.));
#5208 = ORIENTED_EDGE('',*,*,#5209,.F.);
#5209 = EDGE_CURVE('',#2896,#5202,#5210,.T.);
#5210 = LINE('',#5211,#5212);
#5211 = CARTESIAN_POINT('',(20.,-0.15,3.7));
#5212 = VECTOR('',#5213,1.);
#5213 = DIRECTION('',(0.,0.,1.));
#5214 = PLANE('',#5215);
#5215 = AXIS2_PLACEMENT_3D('',#5216,#5217,#5218);
#5216 = CARTESIAN_POINT('',(20.,-0.15,3.7));
#5217 = DIRECTION('',(-1.,0.,0.));
#5218 = DIRECTION('',(0.,0.,1.));
#5219 = ADVANCED_FACE('',(#5220),#5254,.T.);
#5220 = FACE_BOUND('',#5221,.T.);
#5221 = EDGE_LOOP('',(#5222,#5223,#5231,#5239,#5245,#5246,#5247,#5253));
#5222 = ORIENTED_EDGE('',*,*,#2935,.T.);
#5223 = ORIENTED_EDGE('',*,*,#5224,.T.);
#5224 = EDGE_CURVE('',#2928,#5225,#5227,.T.);
#5225 = VERTEX_POINT('',#5226);
#5226 = CARTESIAN_POINT('',(19.3,-0.15,-3.));
#5227 = LINE('',#5228,#5229);
#5228 = CARTESIAN_POINT('',(19.3,-0.15,1.7));
#5229 = VECTOR('',#5230,1.);
#5230 = DIRECTION('',(0.,0.,-1.));
#5231 = ORIENTED_EDGE('',*,*,#5232,.T.);
#5232 = EDGE_CURVE('',#5225,#5233,#5235,.T.);
#5233 = VERTEX_POINT('',#5234);
#5234 = CARTESIAN_POINT('',(19.7,-0.15,-3.));
#5235 = LINE('',#5236,#5237);
#5236 = CARTESIAN_POINT('',(19.3,-0.15,-3.));
#5237 = VECTOR('',#5238,1.);
#5238 = DIRECTION('',(1.,0.,0.));
#5239 = ORIENTED_EDGE('',*,*,#5240,.T.);
#5240 = EDGE_CURVE('',#5233,#2904,#5241,.T.);
#5241 = LINE('',#5242,#5243);
#5242 = CARTESIAN_POINT('',(19.7,-0.15,1.7));
#5243 = VECTOR('',#5244,1.);
#5244 = DIRECTION('',(0.,0.,1.));
#5245 = ORIENTED_EDGE('',*,*,#2903,.T.);
#5246 = ORIENTED_EDGE('',*,*,#5209,.T.);
#5247 = ORIENTED_EDGE('',*,*,#5248,.F.);
#5248 = EDGE_CURVE('',#5156,#5202,#5249,.T.);
#5249 = LINE('',#5250,#5251);
#5250 = CARTESIAN_POINT('',(20.,-0.15,3.701));
#5251 = VECTOR('',#5252,1.);
#5252 = DIRECTION('',(1.,0.,0.));
#5253 = ORIENTED_EDGE('',*,*,#5155,.T.);
#5254 = PLANE('',#5255);
#5255 = AXIS2_PLACEMENT_3D('',#5256,#5257,#5258);
#5256 = CARTESIAN_POINT('',(12.,-0.15,0.));
#5257 = DIRECTION('',(0.,-1.,0.));
#5258 = DIRECTION('',(0.,0.,-1.));
#5259 = ADVANCED_FACE('',(#5260),#5292,.F.);
#5260 = FACE_BOUND('',#5261,.T.);
#5261 = EDGE_LOOP('',(#5262,#5263,#5269,#5270,#5278,#5286));
#5262 = ORIENTED_EDGE('',*,*,#979,.F.);
#5263 = ORIENTED_EDGE('',*,*,#5264,.F.);
#5264 = EDGE_CURVE('',#2880,#972,#5265,.T.);
#5265 = LINE('',#5266,#5267);
#5266 = CARTESIAN_POINT('',(20.5,0.15,1.7));
#5267 = VECTOR('',#5268,1.);
#5268 = DIRECTION('',(0.,0.,1.));
#5269 = ORIENTED_EDGE('',*,*,#2879,.F.);
#5270 = ORIENTED_EDGE('',*,*,#5271,.F.);
#5271 = EDGE_CURVE('',#5272,#2872,#5274,.T.);
#5272 = VERTEX_POINT('',#5273);
#5273 = CARTESIAN_POINT('',(20.5,-0.15,3.701));
#5274 = LINE('',#5275,#5276);
#5275 = CARTESIAN_POINT('',(20.5,-0.15,3.7));
#5276 = VECTOR('',#5277,1.);
#5277 = DIRECTION('',(0.,0.,-1.));
#5278 = ORIENTED_EDGE('',*,*,#5279,.F.);
#5279 = EDGE_CURVE('',#5280,#5272,#5282,.T.);
#5280 = VERTEX_POINT('',#5281);
#5281 = CARTESIAN_POINT('',(20.5,1.55,3.701));
#5282 = LINE('',#5283,#5284);
#5283 = CARTESIAN_POINT('',(20.5,-0.15,3.701));
#5284 = VECTOR('',#5285,1.);
#5285 = DIRECTION('',(-0.,-1.,-0.));
#5286 = ORIENTED_EDGE('',*,*,#5287,.T.);
#5287 = EDGE_CURVE('',#5280,#980,#5288,.T.);
#5288 = LINE('',#5289,#5290);
#5289 = CARTESIAN_POINT('',(20.5,1.55,3.701));
#5290 = VECTOR('',#5291,1.);
#5291 = DIRECTION('',(-0.,-0.,-1.));
#5292 = PLANE('',#5293);
#5293 = AXIS2_PLACEMENT_3D('',#5294,#5295,#5296);
#5294 = CARTESIAN_POINT('',(20.5,-0.15,3.7));
#5295 = DIRECTION('',(1.,0.,0.));
#5296 = DIRECTION('',(0.,0.,-1.));
#5297 = ADVANCED_FACE('',(#5298),#5330,.F.);
#5298 = FACE_BOUND('',#5299,.T.);
#5299 = EDGE_LOOP('',(#5300,#5301,#5307,#5308,#5316,#5324));
#5300 = ORIENTED_EDGE('',*,*,#2831,.T.);
#5301 = ORIENTED_EDGE('',*,*,#5302,.T.);
#5302 = EDGE_CURVE('',#2824,#996,#5303,.T.);
#5303 = LINE('',#5304,#5305);
#5304 = CARTESIAN_POINT('',(21.5,0.15,1.7));
#5305 = VECTOR('',#5306,1.);
#5306 = DIRECTION('',(0.,0.,1.));
#5307 = ORIENTED_EDGE('',*,*,#995,.F.);
#5308 = ORIENTED_EDGE('',*,*,#5309,.F.);
#5309 = EDGE_CURVE('',#5310,#988,#5312,.T.);
#5310 = VERTEX_POINT('',#5311);
#5311 = CARTESIAN_POINT('',(21.5,1.55,3.701));
#5312 = LINE('',#5313,#5314);
#5313 = CARTESIAN_POINT('',(21.5,1.55,3.701));
#5314 = VECTOR('',#5315,1.);
#5315 = DIRECTION('',(-0.,-0.,-1.));
#5316 = ORIENTED_EDGE('',*,*,#5317,.F.);
#5317 = EDGE_CURVE('',#5318,#5310,#5320,.T.);
#5318 = VERTEX_POINT('',#5319);
#5319 = CARTESIAN_POINT('',(21.5,-0.15,3.701));
#5320 = LINE('',#5321,#5322);
#5321 = CARTESIAN_POINT('',(21.5,1.55,3.701));
#5322 = VECTOR('',#5323,1.);
#5323 = DIRECTION('',(0.,1.,0.));
#5324 = ORIENTED_EDGE('',*,*,#5325,.F.);
#5325 = EDGE_CURVE('',#2832,#5318,#5326,.T.);
#5326 = LINE('',#5327,#5328);
#5327 = CARTESIAN_POINT('',(21.5,-0.15,3.7));
#5328 = VECTOR('',#5329,1.);
#5329 = DIRECTION('',(0.,0.,1.));
#5330 = PLANE('',#5331);
#5331 = AXIS2_PLACEMENT_3D('',#5332,#5333,#5334);
#5332 = CARTESIAN_POINT('',(21.5,-0.15,3.7));
#5333 = DIRECTION('',(-1.,0.,0.));
#5334 = DIRECTION('',(0.,0.,1.));
#5335 = ADVANCED_FACE('',(#5336),#5370,.T.);
#5336 = FACE_BOUND('',#5337,.T.);
#5337 = EDGE_LOOP('',(#5338,#5339,#5347,#5355,#5361,#5362,#5363,#5369));
#5338 = ORIENTED_EDGE('',*,*,#2871,.T.);
#5339 = ORIENTED_EDGE('',*,*,#5340,.T.);
#5340 = EDGE_CURVE('',#2864,#5341,#5343,.T.);
#5341 = VERTEX_POINT('',#5342);
#5342 = CARTESIAN_POINT('',(20.8,-0.15,-3.));
#5343 = LINE('',#5344,#5345);
#5344 = CARTESIAN_POINT('',(20.8,-0.15,1.7));
#5345 = VECTOR('',#5346,1.);
#5346 = DIRECTION('',(0.,0.,-1.));
#5347 = ORIENTED_EDGE('',*,*,#5348,.T.);
#5348 = EDGE_CURVE('',#5341,#5349,#5351,.T.);
#5349 = VERTEX_POINT('',#5350);
#5350 = CARTESIAN_POINT('',(21.2,-0.15,-3.));
#5351 = LINE('',#5352,#5353);
#5352 = CARTESIAN_POINT('',(20.8,-0.15,-3.));
#5353 = VECTOR('',#5354,1.);
#5354 = DIRECTION('',(1.,0.,0.));
#5355 = ORIENTED_EDGE('',*,*,#5356,.T.);
#5356 = EDGE_CURVE('',#5349,#2840,#5357,.T.);
#5357 = LINE('',#5358,#5359);
#5358 = CARTESIAN_POINT('',(21.2,-0.15,1.7));
#5359 = VECTOR('',#5360,1.);
#5360 = DIRECTION('',(0.,0.,1.));
#5361 = ORIENTED_EDGE('',*,*,#2839,.T.);
#5362 = ORIENTED_EDGE('',*,*,#5325,.T.);
#5363 = ORIENTED_EDGE('',*,*,#5364,.F.);
#5364 = EDGE_CURVE('',#5272,#5318,#5365,.T.);
#5365 = LINE('',#5366,#5367);
#5366 = CARTESIAN_POINT('',(21.5,-0.15,3.701));
#5367 = VECTOR('',#5368,1.);
#5368 = DIRECTION('',(1.,0.,0.));
#5369 = ORIENTED_EDGE('',*,*,#5271,.T.);
#5370 = PLANE('',#5371);
#5371 = AXIS2_PLACEMENT_3D('',#5372,#5373,#5374);
#5372 = CARTESIAN_POINT('',(12.,-0.15,0.));
#5373 = DIRECTION('',(0.,-1.,0.));
#5374 = DIRECTION('',(0.,0.,-1.));
#5375 = ADVANCED_FACE('',(#5376),#5408,.F.);
#5376 = FACE_BOUND('',#5377,.T.);
#5377 = EDGE_LOOP('',(#5378,#5379,#5385,#5386,#5394,#5402));
#5378 = ORIENTED_EDGE('',*,*,#1011,.F.);
#5379 = ORIENTED_EDGE('',*,*,#5380,.F.);
#5380 = EDGE_CURVE('',#2816,#1004,#5381,.T.);
#5381 = LINE('',#5382,#5383);
#5382 = CARTESIAN_POINT('',(22.,0.15,1.7));
#5383 = VECTOR('',#5384,1.);
#5384 = DIRECTION('',(0.,0.,1.));
#5385 = ORIENTED_EDGE('',*,*,#2815,.F.);
#5386 = ORIENTED_EDGE('',*,*,#5387,.F.);
#5387 = EDGE_CURVE('',#5388,#2808,#5390,.T.);
#5388 = VERTEX_POINT('',#5389);
#5389 = CARTESIAN_POINT('',(22.,-0.15,3.701));
#5390 = LINE('',#5391,#5392);
#5391 = CARTESIAN_POINT('',(22.,-0.15,3.7));
#5392 = VECTOR('',#5393,1.);
#5393 = DIRECTION('',(0.,0.,-1.));
#5394 = ORIENTED_EDGE('',*,*,#5395,.F.);
#5395 = EDGE_CURVE('',#5396,#5388,#5398,.T.);
#5396 = VERTEX_POINT('',#5397);
#5397 = CARTESIAN_POINT('',(22.,1.55,3.701));
#5398 = LINE('',#5399,#5400);
#5399 = CARTESIAN_POINT('',(22.,-0.15,3.701));
#5400 = VECTOR('',#5401,1.);
#5401 = DIRECTION('',(-0.,-1.,-0.));
#5402 = ORIENTED_EDGE('',*,*,#5403,.T.);
#5403 = EDGE_CURVE('',#5396,#1012,#5404,.T.);
#5404 = LINE('',#5405,#5406);
#5405 = CARTESIAN_POINT('',(22.,1.55,3.701));
#5406 = VECTOR('',#5407,1.);
#5407 = DIRECTION('',(-0.,-0.,-1.));
#5408 = PLANE('',#5409);
#5409 = AXIS2_PLACEMENT_3D('',#5410,#5411,#5412);
#5410 = CARTESIAN_POINT('',(22.,-0.15,3.7));
#5411 = DIRECTION('',(1.,0.,0.));
#5412 = DIRECTION('',(0.,0.,-1.));
#5413 = ADVANCED_FACE('',(#5414),#5446,.F.);
#5414 = FACE_BOUND('',#5415,.T.);
#5415 = EDGE_LOOP('',(#5416,#5417,#5423,#5424,#5432,#5440));
#5416 = ORIENTED_EDGE('',*,*,#2767,.T.);
#5417 = ORIENTED_EDGE('',*,*,#5418,.T.);
#5418 = EDGE_CURVE('',#2760,#1028,#5419,.T.);
#5419 = LINE('',#5420,#5421);
#5420 = CARTESIAN_POINT('',(23.,0.15,1.7));
#5421 = VECTOR('',#5422,1.);
#5422 = DIRECTION('',(0.,0.,1.));
#5423 = ORIENTED_EDGE('',*,*,#1027,.F.);
#5424 = ORIENTED_EDGE('',*,*,#5425,.F.);
#5425 = EDGE_CURVE('',#5426,#1020,#5428,.T.);
#5426 = VERTEX_POINT('',#5427);
#5427 = CARTESIAN_POINT('',(23.,1.55,3.701));
#5428 = LINE('',#5429,#5430);
#5429 = CARTESIAN_POINT('',(23.,1.55,3.701));
#5430 = VECTOR('',#5431,1.);
#5431 = DIRECTION('',(-0.,-0.,-1.));
#5432 = ORIENTED_EDGE('',*,*,#5433,.F.);
#5433 = EDGE_CURVE('',#5434,#5426,#5436,.T.);
#5434 = VERTEX_POINT('',#5435);
#5435 = CARTESIAN_POINT('',(23.,-0.15,3.701));
#5436 = LINE('',#5437,#5438);
#5437 = CARTESIAN_POINT('',(23.,1.55,3.701));
#5438 = VECTOR('',#5439,1.);
#5439 = DIRECTION('',(0.,1.,0.));
#5440 = ORIENTED_EDGE('',*,*,#5441,.F.);
#5441 = EDGE_CURVE('',#2768,#5434,#5442,.T.);
#5442 = LINE('',#5443,#5444);
#5443 = CARTESIAN_POINT('',(23.,-0.15,3.7));
#5444 = VECTOR('',#5445,1.);
#5445 = DIRECTION('',(0.,0.,1.));
#5446 = PLANE('',#5447);
#5447 = AXIS2_PLACEMENT_3D('',#5448,#5449,#5450);
#5448 = CARTESIAN_POINT('',(23.,-0.15,3.7));
#5449 = DIRECTION('',(-1.,0.,0.));
#5450 = DIRECTION('',(0.,0.,1.));
#5451 = ADVANCED_FACE('',(#5452),#5486,.T.);
#5452 = FACE_BOUND('',#5453,.T.);
#5453 = EDGE_LOOP('',(#5454,#5455,#5463,#5471,#5477,#5478,#5479,#5485));
#5454 = ORIENTED_EDGE('',*,*,#2807,.T.);
#5455 = ORIENTED_EDGE('',*,*,#5456,.T.);
#5456 = EDGE_CURVE('',#2800,#5457,#5459,.T.);
#5457 = VERTEX_POINT('',#5458);
#5458 = CARTESIAN_POINT('',(22.3,-0.15,-3.));
#5459 = LINE('',#5460,#5461);
#5460 = CARTESIAN_POINT('',(22.3,-0.15,1.7));
#5461 = VECTOR('',#5462,1.);
#5462 = DIRECTION('',(0.,0.,-1.));
#5463 = ORIENTED_EDGE('',*,*,#5464,.T.);
#5464 = EDGE_CURVE('',#5457,#5465,#5467,.T.);
#5465 = VERTEX_POINT('',#5466);
#5466 = CARTESIAN_POINT('',(22.7,-0.15,-3.));
#5467 = LINE('',#5468,#5469);
#5468 = CARTESIAN_POINT('',(22.3,-0.15,-3.));
#5469 = VECTOR('',#5470,1.);
#5470 = DIRECTION('',(1.,0.,0.));
#5471 = ORIENTED_EDGE('',*,*,#5472,.T.);
#5472 = EDGE_CURVE('',#5465,#2776,#5473,.T.);
#5473 = LINE('',#5474,#5475);
#5474 = CARTESIAN_POINT('',(22.7,-0.15,1.7));
#5475 = VECTOR('',#5476,1.);
#5476 = DIRECTION('',(0.,0.,1.));
#5477 = ORIENTED_EDGE('',*,*,#2775,.T.);
#5478 = ORIENTED_EDGE('',*,*,#5441,.T.);
#5479 = ORIENTED_EDGE('',*,*,#5480,.F.);
#5480 = EDGE_CURVE('',#5388,#5434,#5481,.T.);
#5481 = LINE('',#5482,#5483);
#5482 = CARTESIAN_POINT('',(23.,-0.15,3.701));
#5483 = VECTOR('',#5484,1.);
#5484 = DIRECTION('',(1.,0.,0.));
#5485 = ORIENTED_EDGE('',*,*,#5387,.T.);
#5486 = PLANE('',#5487);
#5487 = AXIS2_PLACEMENT_3D('',#5488,#5489,#5490);
#5488 = CARTESIAN_POINT('',(12.,-0.15,0.));
#5489 = DIRECTION('',(0.,-1.,0.));
#5490 = DIRECTION('',(0.,0.,-1.));
#5491 = ADVANCED_FACE('',(#5492),#5524,.F.);
#5492 = FACE_BOUND('',#5493,.T.);
#5493 = EDGE_LOOP('',(#5494,#5495,#5501,#5502,#5510,#5518));
#5494 = ORIENTED_EDGE('',*,*,#1043,.F.);
#5495 = ORIENTED_EDGE('',*,*,#5496,.F.);
#5496 = EDGE_CURVE('',#2752,#1036,#5497,.T.);
#5497 = LINE('',#5498,#5499);
#5498 = CARTESIAN_POINT('',(23.5,0.15,1.7));
#5499 = VECTOR('',#5500,1.);
#5500 = DIRECTION('',(0.,0.,1.));
#5501 = ORIENTED_EDGE('',*,*,#2751,.F.);
#5502 = ORIENTED_EDGE('',*,*,#5503,.F.);
#5503 = EDGE_CURVE('',#5504,#2744,#5506,.T.);
#5504 = VERTEX_POINT('',#5505);
#5505 = CARTESIAN_POINT('',(23.5,-0.15,3.701));
#5506 = LINE('',#5507,#5508);
#5507 = CARTESIAN_POINT('',(23.5,-0.15,3.7));
#5508 = VECTOR('',#5509,1.);
#5509 = DIRECTION('',(0.,0.,-1.));
#5510 = ORIENTED_EDGE('',*,*,#5511,.F.);
#5511 = EDGE_CURVE('',#5512,#5504,#5514,.T.);
#5512 = VERTEX_POINT('',#5513);
#5513 = CARTESIAN_POINT('',(23.5,1.55,3.701));
#5514 = LINE('',#5515,#5516);
#5515 = CARTESIAN_POINT('',(23.5,-0.15,3.701));
#5516 = VECTOR('',#5517,1.);
#5517 = DIRECTION('',(-0.,-1.,-0.));
#5518 = ORIENTED_EDGE('',*,*,#5519,.T.);
#5519 = EDGE_CURVE('',#5512,#1044,#5520,.T.);
#5520 = LINE('',#5521,#5522);
#5521 = CARTESIAN_POINT('',(23.5,1.55,3.701));
#5522 = VECTOR('',#5523,1.);
#5523 = DIRECTION('',(-0.,-0.,-1.));
#5524 = PLANE('',#5525);
#5525 = AXIS2_PLACEMENT_3D('',#5526,#5527,#5528);
#5526 = CARTESIAN_POINT('',(23.5,-0.15,3.7));
#5527 = DIRECTION('',(1.,0.,0.));
#5528 = DIRECTION('',(0.,0.,-1.));
#5529 = ADVANCED_FACE('',(#5530),#5562,.F.);
#5530 = FACE_BOUND('',#5531,.T.);
#5531 = EDGE_LOOP('',(#5532,#5533,#5539,#5540,#5548,#5556));
#5532 = ORIENTED_EDGE('',*,*,#2703,.T.);
#5533 = ORIENTED_EDGE('',*,*,#5534,.T.);
#5534 = EDGE_CURVE('',#2696,#1060,#5535,.T.);
#5535 = LINE('',#5536,#5537);
#5536 = CARTESIAN_POINT('',(24.5,0.15,1.7));
#5537 = VECTOR('',#5538,1.);
#5538 = DIRECTION('',(0.,0.,1.));
#5539 = ORIENTED_EDGE('',*,*,#1059,.F.);
#5540 = ORIENTED_EDGE('',*,*,#5541,.F.);
#5541 = EDGE_CURVE('',#5542,#1052,#5544,.T.);
#5542 = VERTEX_POINT('',#5543);
#5543 = CARTESIAN_POINT('',(24.5,1.55,3.701));
#5544 = LINE('',#5545,#5546);
#5545 = CARTESIAN_POINT('',(24.5,1.55,3.701));
#5546 = VECTOR('',#5547,1.);
#5547 = DIRECTION('',(-0.,-0.,-1.));
#5548 = ORIENTED_EDGE('',*,*,#5549,.F.);
#5549 = EDGE_CURVE('',#5550,#5542,#5552,.T.);
#5550 = VERTEX_POINT('',#5551);
#5551 = CARTESIAN_POINT('',(24.5,-0.15,3.701));
#5552 = LINE('',#5553,#5554);
#5553 = CARTESIAN_POINT('',(24.5,1.55,3.701));
#5554 = VECTOR('',#5555,1.);
#5555 = DIRECTION('',(0.,1.,0.));
#5556 = ORIENTED_EDGE('',*,*,#5557,.F.);
#5557 = EDGE_CURVE('',#2704,#5550,#5558,.T.);
#5558 = LINE('',#5559,#5560);
#5559 = CARTESIAN_POINT('',(24.5,-0.15,3.7));
#5560 = VECTOR('',#5561,1.);
#5561 = DIRECTION('',(0.,0.,1.));
#5562 = PLANE('',#5563);
#5563 = AXIS2_PLACEMENT_3D('',#5564,#5565,#5566);
#5564 = CARTESIAN_POINT('',(24.5,-0.15,3.7));
#5565 = DIRECTION('',(-1.,0.,0.));
#5566 = DIRECTION('',(0.,0.,1.));
#5567 = ADVANCED_FACE('',(#5568),#5602,.T.);
#5568 = FACE_BOUND('',#5569,.T.);
#5569 = EDGE_LOOP('',(#5570,#5571,#5579,#5587,#5593,#5594,#5595,#5601));
#5570 = ORIENTED_EDGE('',*,*,#2743,.T.);
#5571 = ORIENTED_EDGE('',*,*,#5572,.T.);
#5572 = EDGE_CURVE('',#2736,#5573,#5575,.T.);
#5573 = VERTEX_POINT('',#5574);
#5574 = CARTESIAN_POINT('',(23.8,-0.15,-3.));
#5575 = LINE('',#5576,#5577);
#5576 = CARTESIAN_POINT('',(23.8,-0.15,1.7));
#5577 = VECTOR('',#5578,1.);
#5578 = DIRECTION('',(0.,0.,-1.));
#5579 = ORIENTED_EDGE('',*,*,#5580,.T.);
#5580 = EDGE_CURVE('',#5573,#5581,#5583,.T.);
#5581 = VERTEX_POINT('',#5582);
#5582 = CARTESIAN_POINT('',(24.2,-0.15,-3.));
#5583 = LINE('',#5584,#5585);
#5584 = CARTESIAN_POINT('',(23.8,-0.15,-3.));
#5585 = VECTOR('',#5586,1.);
#5586 = DIRECTION('',(1.,0.,0.));
#5587 = ORIENTED_EDGE('',*,*,#5588,.T.);
#5588 = EDGE_CURVE('',#5581,#2712,#5589,.T.);
#5589 = LINE('',#5590,#5591);
#5590 = CARTESIAN_POINT('',(24.2,-0.15,1.7));
#5591 = VECTOR('',#5592,1.);
#5592 = DIRECTION('',(0.,0.,1.));
#5593 = ORIENTED_EDGE('',*,*,#2711,.T.);
#5594 = ORIENTED_EDGE('',*,*,#5557,.T.);
#5595 = ORIENTED_EDGE('',*,*,#5596,.F.);
#5596 = EDGE_CURVE('',#5504,#5550,#5597,.T.);
#5597 = LINE('',#5598,#5599);
#5598 = CARTESIAN_POINT('',(24.5,-0.15,3.701));
#5599 = VECTOR('',#5600,1.);
#5600 = DIRECTION('',(1.,0.,0.));
#5601 = ORIENTED_EDGE('',*,*,#5503,.T.);
#5602 = PLANE('',#5603);
#5603 = AXIS2_PLACEMENT_3D('',#5604,#5605,#5606);
#5604 = CARTESIAN_POINT('',(12.,-0.15,0.));
#5605 = DIRECTION('',(0.,-1.,0.));
#5606 = DIRECTION('',(0.,0.,-1.));
#5607 = ADVANCED_FACE('',(#5608),#5633,.F.);
#5608 = FACE_BOUND('',#5609,.T.);
#5609 = EDGE_LOOP('',(#5610,#5618,#5619,#5627));
#5610 = ORIENTED_EDGE('',*,*,#5611,.F.);
#5611 = EDGE_CURVE('',#2655,#5612,#5614,.T.);
#5612 = VERTEX_POINT('',#5613);
#5613 = CARTESIAN_POINT('',(-0.2,0.15,-3.));
#5614 = LINE('',#5615,#5616);
#5615 = CARTESIAN_POINT('',(-0.2,0.15,1.85));
#5616 = VECTOR('',#5617,1.);
#5617 = DIRECTION('',(0.,0.,-1.));
#5618 = ORIENTED_EDGE('',*,*,#2654,.T.);
#5619 = ORIENTED_EDGE('',*,*,#5620,.F.);
#5620 = EDGE_CURVE('',#5621,#2647,#5623,.T.);
#5621 = VERTEX_POINT('',#5622);
#5622 = CARTESIAN_POINT('',(0.2,0.15,-3.));
#5623 = LINE('',#5624,#5625);
#5624 = CARTESIAN_POINT('',(0.2,0.15,-3.));
#5625 = VECTOR('',#5626,1.);
#5626 = DIRECTION('',(0.,0.,1.));
#5627 = ORIENTED_EDGE('',*,*,#5628,.F.);
#5628 = EDGE_CURVE('',#5612,#5621,#5629,.T.);
#5629 = LINE('',#5630,#5631);
#5630 = CARTESIAN_POINT('',(-0.2,0.15,-3.));
#5631 = VECTOR('',#5632,1.);
#5632 = DIRECTION('',(1.,0.,0.));
#5633 = PLANE('',#5634);
#5634 = AXIS2_PLACEMENT_3D('',#5635,#5636,#5637);
#5635 = CARTESIAN_POINT('',(12.,0.15,0.));
#5636 = DIRECTION('',(0.,-1.,0.));
#5637 = DIRECTION('',(0.,0.,-1.));
#5638 = ADVANCED_FACE('',(#5639),#5650,.T.);
#5639 = FACE_BOUND('',#5640,.T.);
#5640 = EDGE_LOOP('',(#5641,#5642,#5643,#5649));
#5641 = ORIENTED_EDGE('',*,*,#2646,.F.);
#5642 = ORIENTED_EDGE('',*,*,#3848,.F.);
#5643 = ORIENTED_EDGE('',*,*,#5644,.F.);
#5644 = EDGE_CURVE('',#5621,#3841,#5645,.T.);
#5645 = LINE('',#5646,#5647);
#5646 = CARTESIAN_POINT('',(0.2,0.15,-3.));
#5647 = VECTOR('',#5648,1.);
#5648 = DIRECTION('',(0.,-1.,0.));
#5649 = ORIENTED_EDGE('',*,*,#5620,.T.);
#5650 = PLANE('',#5651);
#5651 = AXIS2_PLACEMENT_3D('',#5652,#5653,#5654);
#5652 = CARTESIAN_POINT('',(0.2,0.15,1.7));
#5653 = DIRECTION('',(1.,0.,0.));
#5654 = DIRECTION('',(0.,0.,-1.));
#5655 = ADVANCED_FACE('',(#5656),#5667,.T.);
#5656 = FACE_BOUND('',#5657,.T.);
#5657 = EDGE_LOOP('',(#5658,#5659,#5660,#5666));
#5658 = ORIENTED_EDGE('',*,*,#2662,.F.);
#5659 = ORIENTED_EDGE('',*,*,#5611,.T.);
#5660 = ORIENTED_EDGE('',*,*,#5661,.T.);
#5661 = EDGE_CURVE('',#5612,#3833,#5662,.T.);
#5662 = LINE('',#5663,#5664);
#5663 = CARTESIAN_POINT('',(-0.2,0.15,-3.));
#5664 = VECTOR('',#5665,1.);
#5665 = DIRECTION('',(0.,-1.,0.));
#5666 = ORIENTED_EDGE('',*,*,#3832,.F.);
#5667 = PLANE('',#5668);
#5668 = AXIS2_PLACEMENT_3D('',#5669,#5670,#5671);
#5669 = CARTESIAN_POINT('',(-0.2,0.15,1.7));
#5670 = DIRECTION('',(-1.,0.,0.));
#5671 = DIRECTION('',(0.,0.,1.));
#5672 = ADVANCED_FACE('',(#5673),#5679,.T.);
#5673 = FACE_BOUND('',#5674,.T.);
#5674 = EDGE_LOOP('',(#5675,#5676,#5677,#5678));
#5675 = ORIENTED_EDGE('',*,*,#3840,.F.);
#5676 = ORIENTED_EDGE('',*,*,#5661,.F.);
#5677 = ORIENTED_EDGE('',*,*,#5628,.T.);
#5678 = ORIENTED_EDGE('',*,*,#5644,.T.);
#5679 = PLANE('',#5680);
#5680 = AXIS2_PLACEMENT_3D('',#5681,#5682,#5683);
#5681 = CARTESIAN_POINT('',(-0.2,0.15,-3.));
#5682 = DIRECTION('',(0.,0.,-1.));
#5683 = DIRECTION('',(-1.,0.,0.));
#5684 = ADVANCED_FACE('',(#5685),#5710,.F.);
#5685 = FACE_BOUND('',#5686,.T.);
#5686 = EDGE_LOOP('',(#5687,#5695,#5696,#5704));
#5687 = ORIENTED_EDGE('',*,*,#5688,.F.);
#5688 = EDGE_CURVE('',#2600,#5689,#5691,.T.);
#5689 = VERTEX_POINT('',#5690);
#5690 = CARTESIAN_POINT('',(1.3,0.15,-3.));
#5691 = LINE('',#5692,#5693);
#5692 = CARTESIAN_POINT('',(1.3,0.15,1.85));
#5693 = VECTOR('',#5694,1.);
#5694 = DIRECTION('',(0.,0.,-1.));
#5695 = ORIENTED_EDGE('',*,*,#2599,.T.);
#5696 = ORIENTED_EDGE('',*,*,#5697,.F.);
#5697 = EDGE_CURVE('',#5698,#2592,#5700,.T.);
#5698 = VERTEX_POINT('',#5699);
#5699 = CARTESIAN_POINT('',(1.7,0.15,-3.));
#5700 = LINE('',#5701,#5702);
#5701 = CARTESIAN_POINT('',(1.7,0.15,-3.));
#5702 = VECTOR('',#5703,1.);
#5703 = DIRECTION('',(0.,0.,1.));
#5704 = ORIENTED_EDGE('',*,*,#5705,.F.);
#5705 = EDGE_CURVE('',#5689,#5698,#5706,.T.);
#5706 = LINE('',#5707,#5708);
#5707 = CARTESIAN_POINT('',(1.3,0.15,-3.));
#5708 = VECTOR('',#5709,1.);
#5709 = DIRECTION('',(1.,0.,0.));
#5710 = PLANE('',#5711);
#5711 = AXIS2_PLACEMENT_3D('',#5712,#5713,#5714);
#5712 = CARTESIAN_POINT('',(12.,0.15,0.));
#5713 = DIRECTION('',(0.,-1.,0.));
#5714 = DIRECTION('',(0.,0.,-1.));
#5715 = ADVANCED_FACE('',(#5716),#5727,.T.);
#5716 = FACE_BOUND('',#5717,.T.);
#5717 = EDGE_LOOP('',(#5718,#5719,#5720,#5726));
#5718 = ORIENTED_EDGE('',*,*,#2591,.F.);
#5719 = ORIENTED_EDGE('',*,*,#3732,.F.);
#5720 = ORIENTED_EDGE('',*,*,#5721,.F.);
#5721 = EDGE_CURVE('',#5698,#3725,#5722,.T.);
#5722 = LINE('',#5723,#5724);
#5723 = CARTESIAN_POINT('',(1.7,0.15,-3.));
#5724 = VECTOR('',#5725,1.);
#5725 = DIRECTION('',(0.,-1.,0.));
#5726 = ORIENTED_EDGE('',*,*,#5697,.T.);
#5727 = PLANE('',#5728);
#5728 = AXIS2_PLACEMENT_3D('',#5729,#5730,#5731);
#5729 = CARTESIAN_POINT('',(1.7,0.15,1.7));
#5730 = DIRECTION('',(1.,0.,0.));
#5731 = DIRECTION('',(0.,0.,-1.));
#5732 = ADVANCED_FACE('',(#5733),#5744,.T.);
#5733 = FACE_BOUND('',#5734,.T.);
#5734 = EDGE_LOOP('',(#5735,#5736,#5737,#5743));
#5735 = ORIENTED_EDGE('',*,*,#2607,.F.);
#5736 = ORIENTED_EDGE('',*,*,#5688,.T.);
#5737 = ORIENTED_EDGE('',*,*,#5738,.T.);
#5738 = EDGE_CURVE('',#5689,#3717,#5739,.T.);
#5739 = LINE('',#5740,#5741);
#5740 = CARTESIAN_POINT('',(1.3,0.15,-3.));
#5741 = VECTOR('',#5742,1.);
#5742 = DIRECTION('',(0.,-1.,0.));
#5743 = ORIENTED_EDGE('',*,*,#3716,.F.);
#5744 = PLANE('',#5745);
#5745 = AXIS2_PLACEMENT_3D('',#5746,#5747,#5748);
#5746 = CARTESIAN_POINT('',(1.3,0.15,1.7));
#5747 = DIRECTION('',(-1.,0.,0.));
#5748 = DIRECTION('',(0.,0.,1.));
#5749 = ADVANCED_FACE('',(#5750),#5756,.T.);
#5750 = FACE_BOUND('',#5751,.T.);
#5751 = EDGE_LOOP('',(#5752,#5753,#5754,#5755));
#5752 = ORIENTED_EDGE('',*,*,#3724,.F.);
#5753 = ORIENTED_EDGE('',*,*,#5738,.F.);
#5754 = ORIENTED_EDGE('',*,*,#5705,.T.);
#5755 = ORIENTED_EDGE('',*,*,#5721,.T.);
#5756 = PLANE('',#5757);
#5757 = AXIS2_PLACEMENT_3D('',#5758,#5759,#5760);
#5758 = CARTESIAN_POINT('',(1.3,0.15,-3.));
#5759 = DIRECTION('',(0.,0.,-1.));
#5760 = DIRECTION('',(-1.,0.,0.));
#5761 = ADVANCED_FACE('',(#5762),#5787,.F.);
#5762 = FACE_BOUND('',#5763,.T.);
#5763 = EDGE_LOOP('',(#5764,#5772,#5773,#5781));
#5764 = ORIENTED_EDGE('',*,*,#5765,.F.);
#5765 = EDGE_CURVE('',#3624,#5766,#5768,.T.);
#5766 = VERTEX_POINT('',#5767);
#5767 = CARTESIAN_POINT('',(2.8,0.15,-3.));
#5768 = LINE('',#5769,#5770);
#5769 = CARTESIAN_POINT('',(2.8,0.15,1.85));
#5770 = VECTOR('',#5771,1.);
#5771 = DIRECTION('',(0.,0.,-1.));
#5772 = ORIENTED_EDGE('',*,*,#3623,.T.);
#5773 = ORIENTED_EDGE('',*,*,#5774,.F.);
#5774 = EDGE_CURVE('',#5775,#3616,#5777,.T.);
#5775 = VERTEX_POINT('',#5776);
#5776 = CARTESIAN_POINT('',(3.2,0.15,-3.));
#5777 = LINE('',#5778,#5779);
#5778 = CARTESIAN_POINT('',(3.2,0.15,-3.));
#5779 = VECTOR('',#5780,1.);
#5780 = DIRECTION('',(0.,0.,1.));
#5781 = ORIENTED_EDGE('',*,*,#5782,.F.);
#5782 = EDGE_CURVE('',#5766,#5775,#5783,.T.);
#5783 = LINE('',#5784,#5785);
#5784 = CARTESIAN_POINT('',(2.8,0.15,-3.));
#5785 = VECTOR('',#5786,1.);
#5786 = DIRECTION('',(1.,0.,0.));
#5787 = PLANE('',#5788);
#5788 = AXIS2_PLACEMENT_3D('',#5789,#5790,#5791);
#5789 = CARTESIAN_POINT('',(12.,0.15,0.));
#5790 = DIRECTION('',(0.,-1.,0.));
#5791 = DIRECTION('',(0.,0.,-1.));
#5792 = ADVANCED_FACE('',(#5793),#5804,.T.);
#5793 = FACE_BOUND('',#5794,.T.);
#5794 = EDGE_LOOP('',(#5795,#5796,#5797,#5803));
#5795 = ORIENTED_EDGE('',*,*,#3615,.F.);
#5796 = ORIENTED_EDGE('',*,*,#3964,.F.);
#5797 = ORIENTED_EDGE('',*,*,#5798,.F.);
#5798 = EDGE_CURVE('',#5775,#3957,#5799,.T.);
#5799 = LINE('',#5800,#5801);
#5800 = CARTESIAN_POINT('',(3.2,0.15,-3.));
#5801 = VECTOR('',#5802,1.);
#5802 = DIRECTION('',(0.,-1.,0.));
#5803 = ORIENTED_EDGE('',*,*,#5774,.T.);
#5804 = PLANE('',#5805);
#5805 = AXIS2_PLACEMENT_3D('',#5806,#5807,#5808);
#5806 = CARTESIAN_POINT('',(3.2,0.15,1.7));
#5807 = DIRECTION('',(1.,0.,0.));
#5808 = DIRECTION('',(0.,0.,-1.));
#5809 = ADVANCED_FACE('',(#5810),#5821,.T.);
#5810 = FACE_BOUND('',#5811,.T.);
#5811 = EDGE_LOOP('',(#5812,#5813,#5814,#5820));
#5812 = ORIENTED_EDGE('',*,*,#3631,.F.);
#5813 = ORIENTED_EDGE('',*,*,#5765,.T.);
#5814 = ORIENTED_EDGE('',*,*,#5815,.T.);
#5815 = EDGE_CURVE('',#5766,#3949,#5816,.T.);
#5816 = LINE('',#5817,#5818);
#5817 = CARTESIAN_POINT('',(2.8,0.15,-3.));
#5818 = VECTOR('',#5819,1.);
#5819 = DIRECTION('',(0.,-1.,0.));
#5820 = ORIENTED_EDGE('',*,*,#3948,.F.);
#5821 = PLANE('',#5822);
#5822 = AXIS2_PLACEMENT_3D('',#5823,#5824,#5825);
#5823 = CARTESIAN_POINT('',(2.8,0.15,1.7));
#5824 = DIRECTION('',(-1.,0.,0.));
#5825 = DIRECTION('',(0.,0.,1.));
#5826 = ADVANCED_FACE('',(#5827),#5833,.T.);
#5827 = FACE_BOUND('',#5828,.T.);
#5828 = EDGE_LOOP('',(#5829,#5830,#5831,#5832));
#5829 = ORIENTED_EDGE('',*,*,#3956,.F.);
#5830 = ORIENTED_EDGE('',*,*,#5815,.F.);
#5831 = ORIENTED_EDGE('',*,*,#5782,.T.);
#5832 = ORIENTED_EDGE('',*,*,#5798,.T.);
#5833 = PLANE('',#5834);
#5834 = AXIS2_PLACEMENT_3D('',#5835,#5836,#5837);
#5835 = CARTESIAN_POINT('',(2.8,0.15,-3.));
#5836 = DIRECTION('',(0.,0.,-1.));
#5837 = DIRECTION('',(-1.,0.,0.));
#5838 = ADVANCED_FACE('',(#5839),#5864,.F.);
#5839 = FACE_BOUND('',#5840,.T.);
#5840 = EDGE_LOOP('',(#5841,#5849,#5850,#5858));
#5841 = ORIENTED_EDGE('',*,*,#5842,.F.);
#5842 = EDGE_CURVE('',#3560,#5843,#5845,.T.);
#5843 = VERTEX_POINT('',#5844);
#5844 = CARTESIAN_POINT('',(4.3,0.15,-3.));
#5845 = LINE('',#5846,#5847);
#5846 = CARTESIAN_POINT('',(4.3,0.15,1.85));
#5847 = VECTOR('',#5848,1.);
#5848 = DIRECTION('',(0.,0.,-1.));
#5849 = ORIENTED_EDGE('',*,*,#3559,.T.);
#5850 = ORIENTED_EDGE('',*,*,#5851,.F.);
#5851 = EDGE_CURVE('',#5852,#3552,#5854,.T.);
#5852 = VERTEX_POINT('',#5853);
#5853 = CARTESIAN_POINT('',(4.7,0.15,-3.));
#5854 = LINE('',#5855,#5856);
#5855 = CARTESIAN_POINT('',(4.7,0.15,-3.));
#5856 = VECTOR('',#5857,1.);
#5857 = DIRECTION('',(0.,0.,1.));
#5858 = ORIENTED_EDGE('',*,*,#5859,.F.);
#5859 = EDGE_CURVE('',#5843,#5852,#5860,.T.);
#5860 = LINE('',#5861,#5862);
#5861 = CARTESIAN_POINT('',(4.3,0.15,-3.));
#5862 = VECTOR('',#5863,1.);
#5863 = DIRECTION('',(1.,0.,0.));
#5864 = PLANE('',#5865);
#5865 = AXIS2_PLACEMENT_3D('',#5866,#5867,#5868);
#5866 = CARTESIAN_POINT('',(12.,0.15,0.));
#5867 = DIRECTION('',(0.,-1.,0.));
#5868 = DIRECTION('',(0.,0.,-1.));
#5869 = ADVANCED_FACE('',(#5870),#5881,.T.);
#5870 = FACE_BOUND('',#5871,.T.);
#5871 = EDGE_LOOP('',(#5872,#5873,#5874,#5880));
#5872 = ORIENTED_EDGE('',*,*,#3551,.F.);
#5873 = ORIENTED_EDGE('',*,*,#4080,.F.);
#5874 = ORIENTED_EDGE('',*,*,#5875,.F.);
#5875 = EDGE_CURVE('',#5852,#4073,#5876,.T.);
#5876 = LINE('',#5877,#5878);
#5877 = CARTESIAN_POINT('',(4.7,0.15,-3.));
#5878 = VECTOR('',#5879,1.);
#5879 = DIRECTION('',(0.,-1.,0.));
#5880 = ORIENTED_EDGE('',*,*,#5851,.T.);
#5881 = PLANE('',#5882);
#5882 = AXIS2_PLACEMENT_3D('',#5883,#5884,#5885);
#5883 = CARTESIAN_POINT('',(4.7,0.15,1.7));
#5884 = DIRECTION('',(1.,0.,0.));
#5885 = DIRECTION('',(0.,0.,-1.));
#5886 = ADVANCED_FACE('',(#5887),#5898,.T.);
#5887 = FACE_BOUND('',#5888,.T.);
#5888 = EDGE_LOOP('',(#5889,#5890,#5891,#5897));
#5889 = ORIENTED_EDGE('',*,*,#3567,.F.);
#5890 = ORIENTED_EDGE('',*,*,#5842,.T.);
#5891 = ORIENTED_EDGE('',*,*,#5892,.T.);
#5892 = EDGE_CURVE('',#5843,#4065,#5893,.T.);
#5893 = LINE('',#5894,#5895);
#5894 = CARTESIAN_POINT('',(4.3,0.15,-3.));
#5895 = VECTOR('',#5896,1.);
#5896 = DIRECTION('',(0.,-1.,0.));
#5897 = ORIENTED_EDGE('',*,*,#4064,.F.);
#5898 = PLANE('',#5899);
#5899 = AXIS2_PLACEMENT_3D('',#5900,#5901,#5902);
#5900 = CARTESIAN_POINT('',(4.3,0.15,1.7));
#5901 = DIRECTION('',(-1.,0.,0.));
#5902 = DIRECTION('',(0.,0.,1.));
#5903 = ADVANCED_FACE('',(#5904),#5910,.T.);
#5904 = FACE_BOUND('',#5905,.T.);
#5905 = EDGE_LOOP('',(#5906,#5907,#5908,#5909));
#5906 = ORIENTED_EDGE('',*,*,#4072,.F.);
#5907 = ORIENTED_EDGE('',*,*,#5892,.F.);
#5908 = ORIENTED_EDGE('',*,*,#5859,.T.);
#5909 = ORIENTED_EDGE('',*,*,#5875,.T.);
#5910 = PLANE('',#5911);
#5911 = AXIS2_PLACEMENT_3D('',#5912,#5913,#5914);
#5912 = CARTESIAN_POINT('',(4.3,0.15,-3.));
#5913 = DIRECTION('',(0.,0.,-1.));
#5914 = DIRECTION('',(-1.,0.,0.));
#5915 = ADVANCED_FACE('',(#5916),#5941,.F.);
#5916 = FACE_BOUND('',#5917,.T.);
#5917 = EDGE_LOOP('',(#5918,#5926,#5927,#5935));
#5918 = ORIENTED_EDGE('',*,*,#5919,.F.);
#5919 = EDGE_CURVE('',#3496,#5920,#5922,.T.);
#5920 = VERTEX_POINT('',#5921);
#5921 = CARTESIAN_POINT('',(5.8,0.15,-3.));
#5922 = LINE('',#5923,#5924);
#5923 = CARTESIAN_POINT('',(5.8,0.15,1.85));
#5924 = VECTOR('',#5925,1.);
#5925 = DIRECTION('',(0.,0.,-1.));
#5926 = ORIENTED_EDGE('',*,*,#3495,.T.);
#5927 = ORIENTED_EDGE('',*,*,#5928,.F.);
#5928 = EDGE_CURVE('',#5929,#3488,#5931,.T.);
#5929 = VERTEX_POINT('',#5930);
#5930 = CARTESIAN_POINT('',(6.2,0.15,-3.));
#5931 = LINE('',#5932,#5933);
#5932 = CARTESIAN_POINT('',(6.2,0.15,-3.));
#5933 = VECTOR('',#5934,1.);
#5934 = DIRECTION('',(0.,0.,1.));
#5935 = ORIENTED_EDGE('',*,*,#5936,.F.);
#5936 = EDGE_CURVE('',#5920,#5929,#5937,.T.);
#5937 = LINE('',#5938,#5939);
#5938 = CARTESIAN_POINT('',(5.8,0.15,-3.));
#5939 = VECTOR('',#5940,1.);
#5940 = DIRECTION('',(1.,0.,0.));
#5941 = PLANE('',#5942);
#5942 = AXIS2_PLACEMENT_3D('',#5943,#5944,#5945);
#5943 = CARTESIAN_POINT('',(12.,0.15,0.));
#5944 = DIRECTION('',(0.,-1.,0.));
#5945 = DIRECTION('',(0.,0.,-1.));
#5946 = ADVANCED_FACE('',(#5947),#5958,.T.);
#5947 = FACE_BOUND('',#5948,.T.);
#5948 = EDGE_LOOP('',(#5949,#5950,#5951,#5957));
#5949 = ORIENTED_EDGE('',*,*,#3487,.F.);
#5950 = ORIENTED_EDGE('',*,*,#4196,.F.);
#5951 = ORIENTED_EDGE('',*,*,#5952,.F.);
#5952 = EDGE_CURVE('',#5929,#4189,#5953,.T.);
#5953 = LINE('',#5954,#5955);
#5954 = CARTESIAN_POINT('',(6.2,0.15,-3.));
#5955 = VECTOR('',#5956,1.);
#5956 = DIRECTION('',(0.,-1.,0.));
#5957 = ORIENTED_EDGE('',*,*,#5928,.T.);
#5958 = PLANE('',#5959);
#5959 = AXIS2_PLACEMENT_3D('',#5960,#5961,#5962);
#5960 = CARTESIAN_POINT('',(6.2,0.15,1.7));
#5961 = DIRECTION('',(1.,0.,0.));
#5962 = DIRECTION('',(0.,0.,-1.));
#5963 = ADVANCED_FACE('',(#5964),#5975,.T.);
#5964 = FACE_BOUND('',#5965,.T.);
#5965 = EDGE_LOOP('',(#5966,#5967,#5968,#5974));
#5966 = ORIENTED_EDGE('',*,*,#3503,.F.);
#5967 = ORIENTED_EDGE('',*,*,#5919,.T.);
#5968 = ORIENTED_EDGE('',*,*,#5969,.T.);
#5969 = EDGE_CURVE('',#5920,#4181,#5970,.T.);
#5970 = LINE('',#5971,#5972);
#5971 = CARTESIAN_POINT('',(5.8,0.15,-3.));
#5972 = VECTOR('',#5973,1.);
#5973 = DIRECTION('',(0.,-1.,0.));
#5974 = ORIENTED_EDGE('',*,*,#4180,.F.);
#5975 = PLANE('',#5976);
#5976 = AXIS2_PLACEMENT_3D('',#5977,#5978,#5979);
#5977 = CARTESIAN_POINT('',(5.8,0.15,1.7));
#5978 = DIRECTION('',(-1.,0.,0.));
#5979 = DIRECTION('',(0.,0.,1.));
#5980 = ADVANCED_FACE('',(#5981),#5987,.T.);
#5981 = FACE_BOUND('',#5982,.T.);
#5982 = EDGE_LOOP('',(#5983,#5984,#5985,#5986));
#5983 = ORIENTED_EDGE('',*,*,#4188,.F.);
#5984 = ORIENTED_EDGE('',*,*,#5969,.F.);
#5985 = ORIENTED_EDGE('',*,*,#5936,.T.);
#5986 = ORIENTED_EDGE('',*,*,#5952,.T.);
#5987 = PLANE('',#5988);
#5988 = AXIS2_PLACEMENT_3D('',#5989,#5990,#5991);
#5989 = CARTESIAN_POINT('',(5.8,0.15,-3.));
#5990 = DIRECTION('',(0.,0.,-1.));
#5991 = DIRECTION('',(-1.,0.,0.));
#5992 = ADVANCED_FACE('',(#5993),#6018,.F.);
#5993 = FACE_BOUND('',#5994,.T.);
#5994 = EDGE_LOOP('',(#5995,#6003,#6004,#6012));
#5995 = ORIENTED_EDGE('',*,*,#5996,.F.);
#5996 = EDGE_CURVE('',#3432,#5997,#5999,.T.);
#5997 = VERTEX_POINT('',#5998);
#5998 = CARTESIAN_POINT('',(7.3,0.15,-3.));
#5999 = LINE('',#6000,#6001);
#6000 = CARTESIAN_POINT('',(7.3,0.15,1.85));
#6001 = VECTOR('',#6002,1.);
#6002 = DIRECTION('',(0.,0.,-1.));
#6003 = ORIENTED_EDGE('',*,*,#3431,.T.);
#6004 = ORIENTED_EDGE('',*,*,#6005,.F.);
#6005 = EDGE_CURVE('',#6006,#3424,#6008,.T.);
#6006 = VERTEX_POINT('',#6007);
#6007 = CARTESIAN_POINT('',(7.7,0.15,-3.));
#6008 = LINE('',#6009,#6010);
#6009 = CARTESIAN_POINT('',(7.7,0.15,-3.));
#6010 = VECTOR('',#6011,1.);
#6011 = DIRECTION('',(0.,0.,1.));
#6012 = ORIENTED_EDGE('',*,*,#6013,.F.);
#6013 = EDGE_CURVE('',#5997,#6006,#6014,.T.);
#6014 = LINE('',#6015,#6016);
#6015 = CARTESIAN_POINT('',(7.3,0.15,-3.));
#6016 = VECTOR('',#6017,1.);
#6017 = DIRECTION('',(1.,0.,0.));
#6018 = PLANE('',#6019);
#6019 = AXIS2_PLACEMENT_3D('',#6020,#6021,#6022);
#6020 = CARTESIAN_POINT('',(12.,0.15,0.));
#6021 = DIRECTION('',(0.,-1.,0.));
#6022 = DIRECTION('',(0.,0.,-1.));
#6023 = ADVANCED_FACE('',(#6024),#6035,.T.);
#6024 = FACE_BOUND('',#6025,.T.);
#6025 = EDGE_LOOP('',(#6026,#6027,#6028,#6034));
#6026 = ORIENTED_EDGE('',*,*,#3423,.F.);
#6027 = ORIENTED_EDGE('',*,*,#4312,.F.);
#6028 = ORIENTED_EDGE('',*,*,#6029,.F.);
#6029 = EDGE_CURVE('',#6006,#4305,#6030,.T.);
#6030 = LINE('',#6031,#6032);
#6031 = CARTESIAN_POINT('',(7.7,0.15,-3.));
#6032 = VECTOR('',#6033,1.);
#6033 = DIRECTION('',(0.,-1.,0.));
#6034 = ORIENTED_EDGE('',*,*,#6005,.T.);
#6035 = PLANE('',#6036);
#6036 = AXIS2_PLACEMENT_3D('',#6037,#6038,#6039);
#6037 = CARTESIAN_POINT('',(7.7,0.15,1.7));
#6038 = DIRECTION('',(1.,0.,0.));
#6039 = DIRECTION('',(0.,0.,-1.));
#6040 = ADVANCED_FACE('',(#6041),#6052,.T.);
#6041 = FACE_BOUND('',#6042,.T.);
#6042 = EDGE_LOOP('',(#6043,#6044,#6045,#6051));
#6043 = ORIENTED_EDGE('',*,*,#3439,.F.);
#6044 = ORIENTED_EDGE('',*,*,#5996,.T.);
#6045 = ORIENTED_EDGE('',*,*,#6046,.T.);
#6046 = EDGE_CURVE('',#5997,#4297,#6047,.T.);
#6047 = LINE('',#6048,#6049);
#6048 = CARTESIAN_POINT('',(7.3,0.15,-3.));
#6049 = VECTOR('',#6050,1.);
#6050 = DIRECTION('',(0.,-1.,0.));
#6051 = ORIENTED_EDGE('',*,*,#4296,.F.);
#6052 = PLANE('',#6053);
#6053 = AXIS2_PLACEMENT_3D('',#6054,#6055,#6056);
#6054 = CARTESIAN_POINT('',(7.3,0.15,1.7));
#6055 = DIRECTION('',(-1.,0.,0.));
#6056 = DIRECTION('',(0.,0.,1.));
#6057 = ADVANCED_FACE('',(#6058),#6064,.T.);
#6058 = FACE_BOUND('',#6059,.T.);
#6059 = EDGE_LOOP('',(#6060,#6061,#6062,#6063));
#6060 = ORIENTED_EDGE('',*,*,#4304,.F.);
#6061 = ORIENTED_EDGE('',*,*,#6046,.F.);
#6062 = ORIENTED_EDGE('',*,*,#6013,.T.);
#6063 = ORIENTED_EDGE('',*,*,#6029,.T.);
#6064 = PLANE('',#6065);
#6065 = AXIS2_PLACEMENT_3D('',#6066,#6067,#6068);
#6066 = CARTESIAN_POINT('',(7.3,0.15,-3.));
#6067 = DIRECTION('',(0.,0.,-1.));
#6068 = DIRECTION('',(-1.,0.,0.));
#6069 = ADVANCED_FACE('',(#6070),#6095,.F.);
#6070 = FACE_BOUND('',#6071,.T.);
#6071 = EDGE_LOOP('',(#6072,#6080,#6081,#6089));
#6072 = ORIENTED_EDGE('',*,*,#6073,.F.);
#6073 = EDGE_CURVE('',#3368,#6074,#6076,.T.);
#6074 = VERTEX_POINT('',#6075);
#6075 = CARTESIAN_POINT('',(8.8,0.15,-3.));
#6076 = LINE('',#6077,#6078);
#6077 = CARTESIAN_POINT('',(8.8,0.15,1.85));
#6078 = VECTOR('',#6079,1.);
#6079 = DIRECTION('',(0.,0.,-1.));
#6080 = ORIENTED_EDGE('',*,*,#3367,.T.);
#6081 = ORIENTED_EDGE('',*,*,#6082,.F.);
#6082 = EDGE_CURVE('',#6083,#3360,#6085,.T.);
#6083 = VERTEX_POINT('',#6084);
#6084 = CARTESIAN_POINT('',(9.2,0.15,-3.));
#6085 = LINE('',#6086,#6087);
#6086 = CARTESIAN_POINT('',(9.2,0.15,-3.));
#6087 = VECTOR('',#6088,1.);
#6088 = DIRECTION('',(0.,0.,1.));
#6089 = ORIENTED_EDGE('',*,*,#6090,.F.);
#6090 = EDGE_CURVE('',#6074,#6083,#6091,.T.);
#6091 = LINE('',#6092,#6093);
#6092 = CARTESIAN_POINT('',(8.8,0.15,-3.));
#6093 = VECTOR('',#6094,1.);
#6094 = DIRECTION('',(1.,0.,0.));
#6095 = PLANE('',#6096);
#6096 = AXIS2_PLACEMENT_3D('',#6097,#6098,#6099);
#6097 = CARTESIAN_POINT('',(12.,0.15,0.));
#6098 = DIRECTION('',(0.,-1.,0.));
#6099 = DIRECTION('',(0.,0.,-1.));
#6100 = ADVANCED_FACE('',(#6101),#6112,.T.);
#6101 = FACE_BOUND('',#6102,.T.);
#6102 = EDGE_LOOP('',(#6103,#6104,#6105,#6111));
#6103 = ORIENTED_EDGE('',*,*,#3359,.F.);
#6104 = ORIENTED_EDGE('',*,*,#4428,.F.);
#6105 = ORIENTED_EDGE('',*,*,#6106,.F.);
#6106 = EDGE_CURVE('',#6083,#4421,#6107,.T.);
#6107 = LINE('',#6108,#6109);
#6108 = CARTESIAN_POINT('',(9.2,0.15,-3.));
#6109 = VECTOR('',#6110,1.);
#6110 = DIRECTION('',(0.,-1.,0.));
#6111 = ORIENTED_EDGE('',*,*,#6082,.T.);
#6112 = PLANE('',#6113);
#6113 = AXIS2_PLACEMENT_3D('',#6114,#6115,#6116);
#6114 = CARTESIAN_POINT('',(9.2,0.15,1.7));
#6115 = DIRECTION('',(1.,0.,0.));
#6116 = DIRECTION('',(0.,0.,-1.));
#6117 = ADVANCED_FACE('',(#6118),#6129,.T.);
#6118 = FACE_BOUND('',#6119,.T.);
#6119 = EDGE_LOOP('',(#6120,#6121,#6122,#6128));
#6120 = ORIENTED_EDGE('',*,*,#3375,.F.);
#6121 = ORIENTED_EDGE('',*,*,#6073,.T.);
#6122 = ORIENTED_EDGE('',*,*,#6123,.T.);
#6123 = EDGE_CURVE('',#6074,#4413,#6124,.T.);
#6124 = LINE('',#6125,#6126);
#6125 = CARTESIAN_POINT('',(8.8,0.15,-3.));
#6126 = VECTOR('',#6127,1.);
#6127 = DIRECTION('',(0.,-1.,0.));
#6128 = ORIENTED_EDGE('',*,*,#4412,.F.);
#6129 = PLANE('',#6130);
#6130 = AXIS2_PLACEMENT_3D('',#6131,#6132,#6133);
#6131 = CARTESIAN_POINT('',(8.8,0.15,1.7));
#6132 = DIRECTION('',(-1.,0.,0.));
#6133 = DIRECTION('',(0.,0.,1.));
#6134 = ADVANCED_FACE('',(#6135),#6141,.T.);
#6135 = FACE_BOUND('',#6136,.T.);
#6136 = EDGE_LOOP('',(#6137,#6138,#6139,#6140));
#6137 = ORIENTED_EDGE('',*,*,#4420,.F.);
#6138 = ORIENTED_EDGE('',*,*,#6123,.F.);
#6139 = ORIENTED_EDGE('',*,*,#6090,.T.);
#6140 = ORIENTED_EDGE('',*,*,#6106,.T.);
#6141 = PLANE('',#6142);
#6142 = AXIS2_PLACEMENT_3D('',#6143,#6144,#6145);
#6143 = CARTESIAN_POINT('',(8.8,0.15,-3.));
#6144 = DIRECTION('',(0.,0.,-1.));
#6145 = DIRECTION('',(-1.,0.,0.));
#6146 = ADVANCED_FACE('',(#6147),#6172,.F.);
#6147 = FACE_BOUND('',#6148,.T.);
#6148 = EDGE_LOOP('',(#6149,#6157,#6158,#6166));
#6149 = ORIENTED_EDGE('',*,*,#6150,.F.);
#6150 = EDGE_CURVE('',#3304,#6151,#6153,.T.);
#6151 = VERTEX_POINT('',#6152);
#6152 = CARTESIAN_POINT('',(10.3,0.15,-3.));
#6153 = LINE('',#6154,#6155);
#6154 = CARTESIAN_POINT('',(10.3,0.15,1.85));
#6155 = VECTOR('',#6156,1.);
#6156 = DIRECTION('',(0.,0.,-1.));
#6157 = ORIENTED_EDGE('',*,*,#3303,.T.);
#6158 = ORIENTED_EDGE('',*,*,#6159,.F.);
#6159 = EDGE_CURVE('',#6160,#3296,#6162,.T.);
#6160 = VERTEX_POINT('',#6161);
#6161 = CARTESIAN_POINT('',(10.7,0.15,-3.));
#6162 = LINE('',#6163,#6164);
#6163 = CARTESIAN_POINT('',(10.7,0.15,-3.));
#6164 = VECTOR('',#6165,1.);
#6165 = DIRECTION('',(0.,0.,1.));
#6166 = ORIENTED_EDGE('',*,*,#6167,.F.);
#6167 = EDGE_CURVE('',#6151,#6160,#6168,.T.);
#6168 = LINE('',#6169,#6170);
#6169 = CARTESIAN_POINT('',(10.3,0.15,-3.));
#6170 = VECTOR('',#6171,1.);
#6171 = DIRECTION('',(1.,0.,0.));
#6172 = PLANE('',#6173);
#6173 = AXIS2_PLACEMENT_3D('',#6174,#6175,#6176);
#6174 = CARTESIAN_POINT('',(12.,0.15,0.));
#6175 = DIRECTION('',(0.,-1.,0.));
#6176 = DIRECTION('',(0.,0.,-1.));
#6177 = ADVANCED_FACE('',(#6178),#6189,.T.);
#6178 = FACE_BOUND('',#6179,.T.);
#6179 = EDGE_LOOP('',(#6180,#6181,#6182,#6188));
#6180 = ORIENTED_EDGE('',*,*,#3295,.F.);
#6181 = ORIENTED_EDGE('',*,*,#4544,.F.);
#6182 = ORIENTED_EDGE('',*,*,#6183,.F.);
#6183 = EDGE_CURVE('',#6160,#4537,#6184,.T.);
#6184 = LINE('',#6185,#6186);
#6185 = CARTESIAN_POINT('',(10.7,0.15,-3.));
#6186 = VECTOR('',#6187,1.);
#6187 = DIRECTION('',(0.,-1.,0.));
#6188 = ORIENTED_EDGE('',*,*,#6159,.T.);
#6189 = PLANE('',#6190);
#6190 = AXIS2_PLACEMENT_3D('',#6191,#6192,#6193);
#6191 = CARTESIAN_POINT('',(10.7,0.15,1.7));
#6192 = DIRECTION('',(1.,0.,0.));
#6193 = DIRECTION('',(0.,0.,-1.));
#6194 = ADVANCED_FACE('',(#6195),#6206,.T.);
#6195 = FACE_BOUND('',#6196,.T.);
#6196 = EDGE_LOOP('',(#6197,#6198,#6199,#6205));
#6197 = ORIENTED_EDGE('',*,*,#3311,.F.);
#6198 = ORIENTED_EDGE('',*,*,#6150,.T.);
#6199 = ORIENTED_EDGE('',*,*,#6200,.T.);
#6200 = EDGE_CURVE('',#6151,#4529,#6201,.T.);
#6201 = LINE('',#6202,#6203);
#6202 = CARTESIAN_POINT('',(10.3,0.15,-3.));
#6203 = VECTOR('',#6204,1.);
#6204 = DIRECTION('',(0.,-1.,0.));
#6205 = ORIENTED_EDGE('',*,*,#4528,.F.);
#6206 = PLANE('',#6207);
#6207 = AXIS2_PLACEMENT_3D('',#6208,#6209,#6210);
#6208 = CARTESIAN_POINT('',(10.3,0.15,1.7));
#6209 = DIRECTION('',(-1.,0.,0.));
#6210 = DIRECTION('',(0.,0.,1.));
#6211 = ADVANCED_FACE('',(#6212),#6218,.T.);
#6212 = FACE_BOUND('',#6213,.T.);
#6213 = EDGE_LOOP('',(#6214,#6215,#6216,#6217));
#6214 = ORIENTED_EDGE('',*,*,#4536,.F.);
#6215 = ORIENTED_EDGE('',*,*,#6200,.F.);
#6216 = ORIENTED_EDGE('',*,*,#6167,.T.);
#6217 = ORIENTED_EDGE('',*,*,#6183,.T.);
#6218 = PLANE('',#6219);
#6219 = AXIS2_PLACEMENT_3D('',#6220,#6221,#6222);
#6220 = CARTESIAN_POINT('',(10.3,0.15,-3.));
#6221 = DIRECTION('',(0.,0.,-1.));
#6222 = DIRECTION('',(-1.,0.,0.));
#6223 = ADVANCED_FACE('',(#6224),#6249,.F.);
#6224 = FACE_BOUND('',#6225,.T.);
#6225 = EDGE_LOOP('',(#6226,#6234,#6235,#6243));
#6226 = ORIENTED_EDGE('',*,*,#6227,.F.);
#6227 = EDGE_CURVE('',#3240,#6228,#6230,.T.);
#6228 = VERTEX_POINT('',#6229);
#6229 = CARTESIAN_POINT('',(11.8,0.15,-3.));
#6230 = LINE('',#6231,#6232);
#6231 = CARTESIAN_POINT('',(11.8,0.15,1.85));
#6232 = VECTOR('',#6233,1.);
#6233 = DIRECTION('',(0.,0.,-1.));
#6234 = ORIENTED_EDGE('',*,*,#3239,.T.);
#6235 = ORIENTED_EDGE('',*,*,#6236,.F.);
#6236 = EDGE_CURVE('',#6237,#3232,#6239,.T.);
#6237 = VERTEX_POINT('',#6238);
#6238 = CARTESIAN_POINT('',(12.2,0.15,-3.));
#6239 = LINE('',#6240,#6241);
#6240 = CARTESIAN_POINT('',(12.2,0.15,-3.));
#6241 = VECTOR('',#6242,1.);
#6242 = DIRECTION('',(0.,0.,1.));
#6243 = ORIENTED_EDGE('',*,*,#6244,.F.);
#6244 = EDGE_CURVE('',#6228,#6237,#6245,.T.);
#6245 = LINE('',#6246,#6247);
#6246 = CARTESIAN_POINT('',(11.8,0.15,-3.));
#6247 = VECTOR('',#6248,1.);
#6248 = DIRECTION('',(1.,0.,0.));
#6249 = PLANE('',#6250);
#6250 = AXIS2_PLACEMENT_3D('',#6251,#6252,#6253);
#6251 = CARTESIAN_POINT('',(12.,0.15,0.));
#6252 = DIRECTION('',(0.,-1.,0.));
#6253 = DIRECTION('',(0.,0.,-1.));
#6254 = ADVANCED_FACE('',(#6255),#6266,.T.);
#6255 = FACE_BOUND('',#6256,.T.);
#6256 = EDGE_LOOP('',(#6257,#6258,#6259,#6265));
#6257 = ORIENTED_EDGE('',*,*,#3231,.F.);
#6258 = ORIENTED_EDGE('',*,*,#4660,.F.);
#6259 = ORIENTED_EDGE('',*,*,#6260,.F.);
#6260 = EDGE_CURVE('',#6237,#4653,#6261,.T.);
#6261 = LINE('',#6262,#6263);
#6262 = CARTESIAN_POINT('',(12.2,0.15,-3.));
#6263 = VECTOR('',#6264,1.);
#6264 = DIRECTION('',(0.,-1.,0.));
#6265 = ORIENTED_EDGE('',*,*,#6236,.T.);
#6266 = PLANE('',#6267);
#6267 = AXIS2_PLACEMENT_3D('',#6268,#6269,#6270);
#6268 = CARTESIAN_POINT('',(12.2,0.15,1.7));
#6269 = DIRECTION('',(1.,0.,0.));
#6270 = DIRECTION('',(0.,0.,-1.));
#6271 = ADVANCED_FACE('',(#6272),#6283,.T.);
#6272 = FACE_BOUND('',#6273,.T.);
#6273 = EDGE_LOOP('',(#6274,#6275,#6276,#6282));
#6274 = ORIENTED_EDGE('',*,*,#3247,.F.);
#6275 = ORIENTED_EDGE('',*,*,#6227,.T.);
#6276 = ORIENTED_EDGE('',*,*,#6277,.T.);
#6277 = EDGE_CURVE('',#6228,#4645,#6278,.T.);
#6278 = LINE('',#6279,#6280);
#6279 = CARTESIAN_POINT('',(11.8,0.15,-3.));
#6280 = VECTOR('',#6281,1.);
#6281 = DIRECTION('',(0.,-1.,0.));
#6282 = ORIENTED_EDGE('',*,*,#4644,.F.);
#6283 = PLANE('',#6284);
#6284 = AXIS2_PLACEMENT_3D('',#6285,#6286,#6287);
#6285 = CARTESIAN_POINT('',(11.8,0.15,1.7));
#6286 = DIRECTION('',(-1.,0.,0.));
#6287 = DIRECTION('',(0.,0.,1.));
#6288 = ADVANCED_FACE('',(#6289),#6295,.T.);
#6289 = FACE_BOUND('',#6290,.T.);
#6290 = EDGE_LOOP('',(#6291,#6292,#6293,#6294));
#6291 = ORIENTED_EDGE('',*,*,#4652,.F.);
#6292 = ORIENTED_EDGE('',*,*,#6277,.F.);
#6293 = ORIENTED_EDGE('',*,*,#6244,.T.);
#6294 = ORIENTED_EDGE('',*,*,#6260,.T.);
#6295 = PLANE('',#6296);
#6296 = AXIS2_PLACEMENT_3D('',#6297,#6298,#6299);
#6297 = CARTESIAN_POINT('',(11.8,0.15,-3.));
#6298 = DIRECTION('',(0.,0.,-1.));
#6299 = DIRECTION('',(-1.,0.,0.));
#6300 = ADVANCED_FACE('',(#6301),#6326,.F.);
#6301 = FACE_BOUND('',#6302,.T.);
#6302 = EDGE_LOOP('',(#6303,#6311,#6312,#6320));
#6303 = ORIENTED_EDGE('',*,*,#6304,.F.);
#6304 = EDGE_CURVE('',#3176,#6305,#6307,.T.);
#6305 = VERTEX_POINT('',#6306);
#6306 = CARTESIAN_POINT('',(13.3,0.15,-3.));
#6307 = LINE('',#6308,#6309);
#6308 = CARTESIAN_POINT('',(13.3,0.15,1.85));
#6309 = VECTOR('',#6310,1.);
#6310 = DIRECTION('',(0.,0.,-1.));
#6311 = ORIENTED_EDGE('',*,*,#3175,.T.);
#6312 = ORIENTED_EDGE('',*,*,#6313,.F.);
#6313 = EDGE_CURVE('',#6314,#3168,#6316,.T.);
#6314 = VERTEX_POINT('',#6315);
#6315 = CARTESIAN_POINT('',(13.7,0.15,-3.));
#6316 = LINE('',#6317,#6318);
#6317 = CARTESIAN_POINT('',(13.7,0.15,-3.));
#6318 = VECTOR('',#6319,1.);
#6319 = DIRECTION('',(0.,0.,1.));
#6320 = ORIENTED_EDGE('',*,*,#6321,.F.);
#6321 = EDGE_CURVE('',#6305,#6314,#6322,.T.);
#6322 = LINE('',#6323,#6324);
#6323 = CARTESIAN_POINT('',(13.3,0.15,-3.));
#6324 = VECTOR('',#6325,1.);
#6325 = DIRECTION('',(1.,0.,0.));
#6326 = PLANE('',#6327);
#6327 = AXIS2_PLACEMENT_3D('',#6328,#6329,#6330);
#6328 = CARTESIAN_POINT('',(12.,0.15,0.));
#6329 = DIRECTION('',(0.,-1.,0.));
#6330 = DIRECTION('',(0.,0.,-1.));
#6331 = ADVANCED_FACE('',(#6332),#6343,.T.);
#6332 = FACE_BOUND('',#6333,.T.);
#6333 = EDGE_LOOP('',(#6334,#6335,#6336,#6342));
#6334 = ORIENTED_EDGE('',*,*,#3167,.F.);
#6335 = ORIENTED_EDGE('',*,*,#4776,.F.);
#6336 = ORIENTED_EDGE('',*,*,#6337,.F.);
#6337 = EDGE_CURVE('',#6314,#4769,#6338,.T.);
#6338 = LINE('',#6339,#6340);
#6339 = CARTESIAN_POINT('',(13.7,0.15,-3.));
#6340 = VECTOR('',#6341,1.);
#6341 = DIRECTION('',(0.,-1.,0.));
#6342 = ORIENTED_EDGE('',*,*,#6313,.T.);
#6343 = PLANE('',#6344);
#6344 = AXIS2_PLACEMENT_3D('',#6345,#6346,#6347);
#6345 = CARTESIAN_POINT('',(13.7,0.15,1.7));
#6346 = DIRECTION('',(1.,0.,0.));
#6347 = DIRECTION('',(0.,0.,-1.));
#6348 = ADVANCED_FACE('',(#6349),#6360,.T.);
#6349 = FACE_BOUND('',#6350,.T.);
#6350 = EDGE_LOOP('',(#6351,#6352,#6353,#6359));
#6351 = ORIENTED_EDGE('',*,*,#3183,.F.);
#6352 = ORIENTED_EDGE('',*,*,#6304,.T.);
#6353 = ORIENTED_EDGE('',*,*,#6354,.T.);
#6354 = EDGE_CURVE('',#6305,#4761,#6355,.T.);
#6355 = LINE('',#6356,#6357);
#6356 = CARTESIAN_POINT('',(13.3,0.15,-3.));
#6357 = VECTOR('',#6358,1.);
#6358 = DIRECTION('',(0.,-1.,0.));
#6359 = ORIENTED_EDGE('',*,*,#4760,.F.);
#6360 = PLANE('',#6361);
#6361 = AXIS2_PLACEMENT_3D('',#6362,#6363,#6364);
#6362 = CARTESIAN_POINT('',(13.3,0.15,1.7));
#6363 = DIRECTION('',(-1.,0.,0.));
#6364 = DIRECTION('',(0.,0.,1.));
#6365 = ADVANCED_FACE('',(#6366),#6372,.T.);
#6366 = FACE_BOUND('',#6367,.T.);
#6367 = EDGE_LOOP('',(#6368,#6369,#6370,#6371));
#6368 = ORIENTED_EDGE('',*,*,#4768,.F.);
#6369 = ORIENTED_EDGE('',*,*,#6354,.F.);
#6370 = ORIENTED_EDGE('',*,*,#6321,.T.);
#6371 = ORIENTED_EDGE('',*,*,#6337,.T.);
#6372 = PLANE('',#6373);
#6373 = AXIS2_PLACEMENT_3D('',#6374,#6375,#6376);
#6374 = CARTESIAN_POINT('',(13.3,0.15,-3.));
#6375 = DIRECTION('',(0.,0.,-1.));
#6376 = DIRECTION('',(-1.,0.,0.));
#6377 = ADVANCED_FACE('',(#6378),#6403,.F.);
#6378 = FACE_BOUND('',#6379,.T.);
#6379 = EDGE_LOOP('',(#6380,#6388,#6389,#6397));
#6380 = ORIENTED_EDGE('',*,*,#6381,.F.);
#6381 = EDGE_CURVE('',#3112,#6382,#6384,.T.);
#6382 = VERTEX_POINT('',#6383);
#6383 = CARTESIAN_POINT('',(14.8,0.15,-3.));
#6384 = LINE('',#6385,#6386);
#6385 = CARTESIAN_POINT('',(14.8,0.15,1.85));
#6386 = VECTOR('',#6387,1.);
#6387 = DIRECTION('',(0.,0.,-1.));
#6388 = ORIENTED_EDGE('',*,*,#3111,.T.);
#6389 = ORIENTED_EDGE('',*,*,#6390,.F.);
#6390 = EDGE_CURVE('',#6391,#3104,#6393,.T.);
#6391 = VERTEX_POINT('',#6392);
#6392 = CARTESIAN_POINT('',(15.2,0.15,-3.));
#6393 = LINE('',#6394,#6395);
#6394 = CARTESIAN_POINT('',(15.2,0.15,-3.));
#6395 = VECTOR('',#6396,1.);
#6396 = DIRECTION('',(0.,0.,1.));
#6397 = ORIENTED_EDGE('',*,*,#6398,.F.);
#6398 = EDGE_CURVE('',#6382,#6391,#6399,.T.);
#6399 = LINE('',#6400,#6401);
#6400 = CARTESIAN_POINT('',(14.8,0.15,-3.));
#6401 = VECTOR('',#6402,1.);
#6402 = DIRECTION('',(1.,0.,0.));
#6403 = PLANE('',#6404);
#6404 = AXIS2_PLACEMENT_3D('',#6405,#6406,#6407);
#6405 = CARTESIAN_POINT('',(12.,0.15,0.));
#6406 = DIRECTION('',(0.,-1.,0.));
#6407 = DIRECTION('',(0.,0.,-1.));
#6408 = ADVANCED_FACE('',(#6409),#6420,.T.);
#6409 = FACE_BOUND('',#6410,.T.);
#6410 = EDGE_LOOP('',(#6411,#6412,#6413,#6419));
#6411 = ORIENTED_EDGE('',*,*,#3103,.F.);
#6412 = ORIENTED_EDGE('',*,*,#4892,.F.);
#6413 = ORIENTED_EDGE('',*,*,#6414,.F.);
#6414 = EDGE_CURVE('',#6391,#4885,#6415,.T.);
#6415 = LINE('',#6416,#6417);
#6416 = CARTESIAN_POINT('',(15.2,0.15,-3.));
#6417 = VECTOR('',#6418,1.);
#6418 = DIRECTION('',(0.,-1.,0.));
#6419 = ORIENTED_EDGE('',*,*,#6390,.T.);
#6420 = PLANE('',#6421);
#6421 = AXIS2_PLACEMENT_3D('',#6422,#6423,#6424);
#6422 = CARTESIAN_POINT('',(15.2,0.15,1.7));
#6423 = DIRECTION('',(1.,0.,0.));
#6424 = DIRECTION('',(0.,0.,-1.));
#6425 = ADVANCED_FACE('',(#6426),#6437,.T.);
#6426 = FACE_BOUND('',#6427,.T.);
#6427 = EDGE_LOOP('',(#6428,#6429,#6430,#6436));
#6428 = ORIENTED_EDGE('',*,*,#3119,.F.);
#6429 = ORIENTED_EDGE('',*,*,#6381,.T.);
#6430 = ORIENTED_EDGE('',*,*,#6431,.T.);
#6431 = EDGE_CURVE('',#6382,#4877,#6432,.T.);
#6432 = LINE('',#6433,#6434);
#6433 = CARTESIAN_POINT('',(14.8,0.15,-3.));
#6434 = VECTOR('',#6435,1.);
#6435 = DIRECTION('',(0.,-1.,0.));
#6436 = ORIENTED_EDGE('',*,*,#4876,.F.);
#6437 = PLANE('',#6438);
#6438 = AXIS2_PLACEMENT_3D('',#6439,#6440,#6441);
#6439 = CARTESIAN_POINT('',(14.8,0.15,1.7));
#6440 = DIRECTION('',(-1.,0.,0.));
#6441 = DIRECTION('',(0.,0.,1.));
#6442 = ADVANCED_FACE('',(#6443),#6449,.T.);
#6443 = FACE_BOUND('',#6444,.T.);
#6444 = EDGE_LOOP('',(#6445,#6446,#6447,#6448));
#6445 = ORIENTED_EDGE('',*,*,#4884,.F.);
#6446 = ORIENTED_EDGE('',*,*,#6431,.F.);
#6447 = ORIENTED_EDGE('',*,*,#6398,.T.);
#6448 = ORIENTED_EDGE('',*,*,#6414,.T.);
#6449 = PLANE('',#6450);
#6450 = AXIS2_PLACEMENT_3D('',#6451,#6452,#6453);
#6451 = CARTESIAN_POINT('',(14.8,0.15,-3.));
#6452 = DIRECTION('',(0.,0.,-1.));
#6453 = DIRECTION('',(-1.,0.,0.));
#6454 = ADVANCED_FACE('',(#6455),#6480,.F.);
#6455 = FACE_BOUND('',#6456,.T.);
#6456 = EDGE_LOOP('',(#6457,#6465,#6466,#6474));
#6457 = ORIENTED_EDGE('',*,*,#6458,.F.);
#6458 = EDGE_CURVE('',#3048,#6459,#6461,.T.);
#6459 = VERTEX_POINT('',#6460);
#6460 = CARTESIAN_POINT('',(16.3,0.15,-3.));
#6461 = LINE('',#6462,#6463);
#6462 = CARTESIAN_POINT('',(16.3,0.15,1.85));
#6463 = VECTOR('',#6464,1.);
#6464 = DIRECTION('',(0.,0.,-1.));
#6465 = ORIENTED_EDGE('',*,*,#3047,.T.);
#6466 = ORIENTED_EDGE('',*,*,#6467,.F.);
#6467 = EDGE_CURVE('',#6468,#3040,#6470,.T.);
#6468 = VERTEX_POINT('',#6469);
#6469 = CARTESIAN_POINT('',(16.7,0.15,-3.));
#6470 = LINE('',#6471,#6472);
#6471 = CARTESIAN_POINT('',(16.7,0.15,-3.));
#6472 = VECTOR('',#6473,1.);
#6473 = DIRECTION('',(0.,0.,1.));
#6474 = ORIENTED_EDGE('',*,*,#6475,.F.);
#6475 = EDGE_CURVE('',#6459,#6468,#6476,.T.);
#6476 = LINE('',#6477,#6478);
#6477 = CARTESIAN_POINT('',(16.3,0.15,-3.));
#6478 = VECTOR('',#6479,1.);
#6479 = DIRECTION('',(1.,0.,0.));
#6480 = PLANE('',#6481);
#6481 = AXIS2_PLACEMENT_3D('',#6482,#6483,#6484);
#6482 = CARTESIAN_POINT('',(12.,0.15,0.));
#6483 = DIRECTION('',(0.,-1.,0.));
#6484 = DIRECTION('',(0.,0.,-1.));
#6485 = ADVANCED_FACE('',(#6486),#6497,.T.);
#6486 = FACE_BOUND('',#6487,.T.);
#6487 = EDGE_LOOP('',(#6488,#6489,#6490,#6496));
#6488 = ORIENTED_EDGE('',*,*,#3039,.F.);
#6489 = ORIENTED_EDGE('',*,*,#5008,.F.);
#6490 = ORIENTED_EDGE('',*,*,#6491,.F.);
#6491 = EDGE_CURVE('',#6468,#5001,#6492,.T.);
#6492 = LINE('',#6493,#6494);
#6493 = CARTESIAN_POINT('',(16.7,0.15,-3.));
#6494 = VECTOR('',#6495,1.);
#6495 = DIRECTION('',(0.,-1.,0.));
#6496 = ORIENTED_EDGE('',*,*,#6467,.T.);
#6497 = PLANE('',#6498);
#6498 = AXIS2_PLACEMENT_3D('',#6499,#6500,#6501);
#6499 = CARTESIAN_POINT('',(16.7,0.15,1.7));
#6500 = DIRECTION('',(1.,0.,0.));
#6501 = DIRECTION('',(0.,0.,-1.));
#6502 = ADVANCED_FACE('',(#6503),#6514,.T.);
#6503 = FACE_BOUND('',#6504,.T.);
#6504 = EDGE_LOOP('',(#6505,#6506,#6507,#6513));
#6505 = ORIENTED_EDGE('',*,*,#3055,.F.);
#6506 = ORIENTED_EDGE('',*,*,#6458,.T.);
#6507 = ORIENTED_EDGE('',*,*,#6508,.T.);
#6508 = EDGE_CURVE('',#6459,#4993,#6509,.T.);
#6509 = LINE('',#6510,#6511);
#6510 = CARTESIAN_POINT('',(16.3,0.15,-3.));
#6511 = VECTOR('',#6512,1.);
#6512 = DIRECTION('',(0.,-1.,0.));
#6513 = ORIENTED_EDGE('',*,*,#4992,.F.);
#6514 = PLANE('',#6515);
#6515 = AXIS2_PLACEMENT_3D('',#6516,#6517,#6518);
#6516 = CARTESIAN_POINT('',(16.3,0.15,1.7));
#6517 = DIRECTION('',(-1.,0.,0.));
#6518 = DIRECTION('',(0.,0.,1.));
#6519 = ADVANCED_FACE('',(#6520),#6526,.T.);
#6520 = FACE_BOUND('',#6521,.T.);
#6521 = EDGE_LOOP('',(#6522,#6523,#6524,#6525));
#6522 = ORIENTED_EDGE('',*,*,#5000,.F.);
#6523 = ORIENTED_EDGE('',*,*,#6508,.F.);
#6524 = ORIENTED_EDGE('',*,*,#6475,.T.);
#6525 = ORIENTED_EDGE('',*,*,#6491,.T.);
#6526 = PLANE('',#6527);
#6527 = AXIS2_PLACEMENT_3D('',#6528,#6529,#6530);
#6528 = CARTESIAN_POINT('',(16.3,0.15,-3.));
#6529 = DIRECTION('',(0.,0.,-1.));
#6530 = DIRECTION('',(-1.,0.,0.));
#6531 = ADVANCED_FACE('',(#6532),#6557,.F.);
#6532 = FACE_BOUND('',#6533,.T.);
#6533 = EDGE_LOOP('',(#6534,#6542,#6543,#6551));
#6534 = ORIENTED_EDGE('',*,*,#6535,.F.);
#6535 = EDGE_CURVE('',#2984,#6536,#6538,.T.);
#6536 = VERTEX_POINT('',#6537);
#6537 = CARTESIAN_POINT('',(17.8,0.15,-3.));
#6538 = LINE('',#6539,#6540);
#6539 = CARTESIAN_POINT('',(17.8,0.15,1.85));
#6540 = VECTOR('',#6541,1.);
#6541 = DIRECTION('',(0.,0.,-1.));
#6542 = ORIENTED_EDGE('',*,*,#2983,.T.);
#6543 = ORIENTED_EDGE('',*,*,#6544,.F.);
#6544 = EDGE_CURVE('',#6545,#2976,#6547,.T.);
#6545 = VERTEX_POINT('',#6546);
#6546 = CARTESIAN_POINT('',(18.2,0.15,-3.));
#6547 = LINE('',#6548,#6549);
#6548 = CARTESIAN_POINT('',(18.2,0.15,-3.));
#6549 = VECTOR('',#6550,1.);
#6550 = DIRECTION('',(0.,0.,1.));
#6551 = ORIENTED_EDGE('',*,*,#6552,.F.);
#6552 = EDGE_CURVE('',#6536,#6545,#6553,.T.);
#6553 = LINE('',#6554,#6555);
#6554 = CARTESIAN_POINT('',(17.8,0.15,-3.));
#6555 = VECTOR('',#6556,1.);
#6556 = DIRECTION('',(1.,0.,0.));
#6557 = PLANE('',#6558);
#6558 = AXIS2_PLACEMENT_3D('',#6559,#6560,#6561);
#6559 = CARTESIAN_POINT('',(12.,0.15,0.));
#6560 = DIRECTION('',(0.,-1.,0.));
#6561 = DIRECTION('',(0.,0.,-1.));
#6562 = ADVANCED_FACE('',(#6563),#6574,.T.);
#6563 = FACE_BOUND('',#6564,.T.);
#6564 = EDGE_LOOP('',(#6565,#6566,#6567,#6573));
#6565 = ORIENTED_EDGE('',*,*,#2975,.F.);
#6566 = ORIENTED_EDGE('',*,*,#5124,.F.);
#6567 = ORIENTED_EDGE('',*,*,#6568,.F.);
#6568 = EDGE_CURVE('',#6545,#5117,#6569,.T.);
#6569 = LINE('',#6570,#6571);
#6570 = CARTESIAN_POINT('',(18.2,0.15,-3.));
#6571 = VECTOR('',#6572,1.);
#6572 = DIRECTION('',(0.,-1.,0.));
#6573 = ORIENTED_EDGE('',*,*,#6544,.T.);
#6574 = PLANE('',#6575);
#6575 = AXIS2_PLACEMENT_3D('',#6576,#6577,#6578);
#6576 = CARTESIAN_POINT('',(18.2,0.15,1.7));
#6577 = DIRECTION('',(1.,0.,0.));
#6578 = DIRECTION('',(0.,0.,-1.));
#6579 = ADVANCED_FACE('',(#6580),#6591,.T.);
#6580 = FACE_BOUND('',#6581,.T.);
#6581 = EDGE_LOOP('',(#6582,#6583,#6584,#6590));
#6582 = ORIENTED_EDGE('',*,*,#2991,.F.);
#6583 = ORIENTED_EDGE('',*,*,#6535,.T.);
#6584 = ORIENTED_EDGE('',*,*,#6585,.T.);
#6585 = EDGE_CURVE('',#6536,#5109,#6586,.T.);
#6586 = LINE('',#6587,#6588);
#6587 = CARTESIAN_POINT('',(17.8,0.15,-3.));
#6588 = VECTOR('',#6589,1.);
#6589 = DIRECTION('',(0.,-1.,0.));
#6590 = ORIENTED_EDGE('',*,*,#5108,.F.);
#6591 = PLANE('',#6592);
#6592 = AXIS2_PLACEMENT_3D('',#6593,#6594,#6595);
#6593 = CARTESIAN_POINT('',(17.8,0.15,1.7));
#6594 = DIRECTION('',(-1.,0.,0.));
#6595 = DIRECTION('',(0.,0.,1.));
#6596 = ADVANCED_FACE('',(#6597),#6603,.T.);
#6597 = FACE_BOUND('',#6598,.T.);
#6598 = EDGE_LOOP('',(#6599,#6600,#6601,#6602));
#6599 = ORIENTED_EDGE('',*,*,#5116,.F.);
#6600 = ORIENTED_EDGE('',*,*,#6585,.F.);
#6601 = ORIENTED_EDGE('',*,*,#6552,.T.);
#6602 = ORIENTED_EDGE('',*,*,#6568,.T.);
#6603 = PLANE('',#6604);
#6604 = AXIS2_PLACEMENT_3D('',#6605,#6606,#6607);
#6605 = CARTESIAN_POINT('',(17.8,0.15,-3.));
#6606 = DIRECTION('',(0.,0.,-1.));
#6607 = DIRECTION('',(-1.,0.,0.));
#6608 = ADVANCED_FACE('',(#6609),#6634,.F.);
#6609 = FACE_BOUND('',#6610,.T.);
#6610 = EDGE_LOOP('',(#6611,#6619,#6620,#6628));
#6611 = ORIENTED_EDGE('',*,*,#6612,.F.);
#6612 = EDGE_CURVE('',#2920,#6613,#6615,.T.);
#6613 = VERTEX_POINT('',#6614);
#6614 = CARTESIAN_POINT('',(19.3,0.15,-3.));
#6615 = LINE('',#6616,#6617);
#6616 = CARTESIAN_POINT('',(19.3,0.15,1.85));
#6617 = VECTOR('',#6618,1.);
#6618 = DIRECTION('',(0.,0.,-1.));
#6619 = ORIENTED_EDGE('',*,*,#2919,.T.);
#6620 = ORIENTED_EDGE('',*,*,#6621,.F.);
#6621 = EDGE_CURVE('',#6622,#2912,#6624,.T.);
#6622 = VERTEX_POINT('',#6623);
#6623 = CARTESIAN_POINT('',(19.7,0.15,-3.));
#6624 = LINE('',#6625,#6626);
#6625 = CARTESIAN_POINT('',(19.7,0.15,-3.));
#6626 = VECTOR('',#6627,1.);
#6627 = DIRECTION('',(0.,0.,1.));
#6628 = ORIENTED_EDGE('',*,*,#6629,.F.);
#6629 = EDGE_CURVE('',#6613,#6622,#6630,.T.);
#6630 = LINE('',#6631,#6632);
#6631 = CARTESIAN_POINT('',(19.3,0.15,-3.));
#6632 = VECTOR('',#6633,1.);
#6633 = DIRECTION('',(1.,0.,0.));
#6634 = PLANE('',#6635);
#6635 = AXIS2_PLACEMENT_3D('',#6636,#6637,#6638);
#6636 = CARTESIAN_POINT('',(12.,0.15,0.));
#6637 = DIRECTION('',(0.,-1.,0.));
#6638 = DIRECTION('',(0.,0.,-1.));
#6639 = ADVANCED_FACE('',(#6640),#6651,.T.);
#6640 = FACE_BOUND('',#6641,.T.);
#6641 = EDGE_LOOP('',(#6642,#6643,#6644,#6650));
#6642 = ORIENTED_EDGE('',*,*,#2911,.F.);
#6643 = ORIENTED_EDGE('',*,*,#5240,.F.);
#6644 = ORIENTED_EDGE('',*,*,#6645,.F.);
#6645 = EDGE_CURVE('',#6622,#5233,#6646,.T.);
#6646 = LINE('',#6647,#6648);
#6647 = CARTESIAN_POINT('',(19.7,0.15,-3.));
#6648 = VECTOR('',#6649,1.);
#6649 = DIRECTION('',(0.,-1.,0.));
#6650 = ORIENTED_EDGE('',*,*,#6621,.T.);
#6651 = PLANE('',#6652);
#6652 = AXIS2_PLACEMENT_3D('',#6653,#6654,#6655);
#6653 = CARTESIAN_POINT('',(19.7,0.15,1.7));
#6654 = DIRECTION('',(1.,0.,0.));
#6655 = DIRECTION('',(0.,0.,-1.));
#6656 = ADVANCED_FACE('',(#6657),#6668,.T.);
#6657 = FACE_BOUND('',#6658,.T.);
#6658 = EDGE_LOOP('',(#6659,#6660,#6661,#6667));
#6659 = ORIENTED_EDGE('',*,*,#2927,.F.);
#6660 = ORIENTED_EDGE('',*,*,#6612,.T.);
#6661 = ORIENTED_EDGE('',*,*,#6662,.T.);
#6662 = EDGE_CURVE('',#6613,#5225,#6663,.T.);
#6663 = LINE('',#6664,#6665);
#6664 = CARTESIAN_POINT('',(19.3,0.15,-3.));
#6665 = VECTOR('',#6666,1.);
#6666 = DIRECTION('',(0.,-1.,0.));
#6667 = ORIENTED_EDGE('',*,*,#5224,.F.);
#6668 = PLANE('',#6669);
#6669 = AXIS2_PLACEMENT_3D('',#6670,#6671,#6672);
#6670 = CARTESIAN_POINT('',(19.3,0.15,1.7));
#6671 = DIRECTION('',(-1.,0.,0.));
#6672 = DIRECTION('',(0.,0.,1.));
#6673 = ADVANCED_FACE('',(#6674),#6680,.T.);
#6674 = FACE_BOUND('',#6675,.T.);
#6675 = EDGE_LOOP('',(#6676,#6677,#6678,#6679));
#6676 = ORIENTED_EDGE('',*,*,#5232,.F.);
#6677 = ORIENTED_EDGE('',*,*,#6662,.F.);
#6678 = ORIENTED_EDGE('',*,*,#6629,.T.);
#6679 = ORIENTED_EDGE('',*,*,#6645,.T.);
#6680 = PLANE('',#6681);
#6681 = AXIS2_PLACEMENT_3D('',#6682,#6683,#6684);
#6682 = CARTESIAN_POINT('',(19.3,0.15,-3.));
#6683 = DIRECTION('',(0.,0.,-1.));
#6684 = DIRECTION('',(-1.,0.,0.));
#6685 = ADVANCED_FACE('',(#6686),#6711,.F.);
#6686 = FACE_BOUND('',#6687,.T.);
#6687 = EDGE_LOOP('',(#6688,#6696,#6697,#6705));
#6688 = ORIENTED_EDGE('',*,*,#6689,.F.);
#6689 = EDGE_CURVE('',#2856,#6690,#6692,.T.);
#6690 = VERTEX_POINT('',#6691);
#6691 = CARTESIAN_POINT('',(20.8,0.15,-3.));
#6692 = LINE('',#6693,#6694);
#6693 = CARTESIAN_POINT('',(20.8,0.15,1.85));
#6694 = VECTOR('',#6695,1.);
#6695 = DIRECTION('',(0.,0.,-1.));
#6696 = ORIENTED_EDGE('',*,*,#2855,.T.);
#6697 = ORIENTED_EDGE('',*,*,#6698,.F.);
#6698 = EDGE_CURVE('',#6699,#2848,#6701,.T.);
#6699 = VERTEX_POINT('',#6700);
#6700 = CARTESIAN_POINT('',(21.2,0.15,-3.));
#6701 = LINE('',#6702,#6703);
#6702 = CARTESIAN_POINT('',(21.2,0.15,-3.));
#6703 = VECTOR('',#6704,1.);
#6704 = DIRECTION('',(0.,0.,1.));
#6705 = ORIENTED_EDGE('',*,*,#6706,.F.);
#6706 = EDGE_CURVE('',#6690,#6699,#6707,.T.);
#6707 = LINE('',#6708,#6709);
#6708 = CARTESIAN_POINT('',(20.8,0.15,-3.));
#6709 = VECTOR('',#6710,1.);
#6710 = DIRECTION('',(1.,0.,0.));
#6711 = PLANE('',#6712);
#6712 = AXIS2_PLACEMENT_3D('',#6713,#6714,#6715);
#6713 = CARTESIAN_POINT('',(12.,0.15,0.));
#6714 = DIRECTION('',(0.,-1.,0.));
#6715 = DIRECTION('',(0.,0.,-1.));
#6716 = ADVANCED_FACE('',(#6717),#6728,.T.);
#6717 = FACE_BOUND('',#6718,.T.);
#6718 = EDGE_LOOP('',(#6719,#6720,#6721,#6727));
#6719 = ORIENTED_EDGE('',*,*,#2847,.F.);
#6720 = ORIENTED_EDGE('',*,*,#5356,.F.);
#6721 = ORIENTED_EDGE('',*,*,#6722,.F.);
#6722 = EDGE_CURVE('',#6699,#5349,#6723,.T.);
#6723 = LINE('',#6724,#6725);
#6724 = CARTESIAN_POINT('',(21.2,0.15,-3.));
#6725 = VECTOR('',#6726,1.);
#6726 = DIRECTION('',(0.,-1.,0.));
#6727 = ORIENTED_EDGE('',*,*,#6698,.T.);
#6728 = PLANE('',#6729);
#6729 = AXIS2_PLACEMENT_3D('',#6730,#6731,#6732);
#6730 = CARTESIAN_POINT('',(21.2,0.15,1.7));
#6731 = DIRECTION('',(1.,0.,0.));
#6732 = DIRECTION('',(0.,0.,-1.));
#6733 = ADVANCED_FACE('',(#6734),#6745,.T.);
#6734 = FACE_BOUND('',#6735,.T.);
#6735 = EDGE_LOOP('',(#6736,#6737,#6738,#6744));
#6736 = ORIENTED_EDGE('',*,*,#2863,.F.);
#6737 = ORIENTED_EDGE('',*,*,#6689,.T.);
#6738 = ORIENTED_EDGE('',*,*,#6739,.T.);
#6739 = EDGE_CURVE('',#6690,#5341,#6740,.T.);
#6740 = LINE('',#6741,#6742);
#6741 = CARTESIAN_POINT('',(20.8,0.15,-3.));
#6742 = VECTOR('',#6743,1.);
#6743 = DIRECTION('',(0.,-1.,0.));
#6744 = ORIENTED_EDGE('',*,*,#5340,.F.);
#6745 = PLANE('',#6746);
#6746 = AXIS2_PLACEMENT_3D('',#6747,#6748,#6749);
#6747 = CARTESIAN_POINT('',(20.8,0.15,1.7));
#6748 = DIRECTION('',(-1.,0.,0.));
#6749 = DIRECTION('',(0.,0.,1.));
#6750 = ADVANCED_FACE('',(#6751),#6757,.T.);
#6751 = FACE_BOUND('',#6752,.T.);
#6752 = EDGE_LOOP('',(#6753,#6754,#6755,#6756));
#6753 = ORIENTED_EDGE('',*,*,#5348,.F.);
#6754 = ORIENTED_EDGE('',*,*,#6739,.F.);
#6755 = ORIENTED_EDGE('',*,*,#6706,.T.);
#6756 = ORIENTED_EDGE('',*,*,#6722,.T.);
#6757 = PLANE('',#6758);
#6758 = AXIS2_PLACEMENT_3D('',#6759,#6760,#6761);
#6759 = CARTESIAN_POINT('',(20.8,0.15,-3.));
#6760 = DIRECTION('',(0.,0.,-1.));
#6761 = DIRECTION('',(-1.,0.,0.));
#6762 = ADVANCED_FACE('',(#6763),#6788,.F.);
#6763 = FACE_BOUND('',#6764,.T.);
#6764 = EDGE_LOOP('',(#6765,#6773,#6774,#6782));
#6765 = ORIENTED_EDGE('',*,*,#6766,.F.);
#6766 = EDGE_CURVE('',#2792,#6767,#6769,.T.);
#6767 = VERTEX_POINT('',#6768);
#6768 = CARTESIAN_POINT('',(22.3,0.15,-3.));
#6769 = LINE('',#6770,#6771);
#6770 = CARTESIAN_POINT('',(22.3,0.15,1.85));
#6771 = VECTOR('',#6772,1.);
#6772 = DIRECTION('',(0.,0.,-1.));
#6773 = ORIENTED_EDGE('',*,*,#2791,.T.);
#6774 = ORIENTED_EDGE('',*,*,#6775,.F.);
#6775 = EDGE_CURVE('',#6776,#2784,#6778,.T.);
#6776 = VERTEX_POINT('',#6777);
#6777 = CARTESIAN_POINT('',(22.7,0.15,-3.));
#6778 = LINE('',#6779,#6780);
#6779 = CARTESIAN_POINT('',(22.7,0.15,-3.));
#6780 = VECTOR('',#6781,1.);
#6781 = DIRECTION('',(0.,0.,1.));
#6782 = ORIENTED_EDGE('',*,*,#6783,.F.);
#6783 = EDGE_CURVE('',#6767,#6776,#6784,.T.);
#6784 = LINE('',#6785,#6786);
#6785 = CARTESIAN_POINT('',(22.3,0.15,-3.));
#6786 = VECTOR('',#6787,1.);
#6787 = DIRECTION('',(1.,0.,0.));
#6788 = PLANE('',#6789);
#6789 = AXIS2_PLACEMENT_3D('',#6790,#6791,#6792);
#6790 = CARTESIAN_POINT('',(12.,0.15,0.));
#6791 = DIRECTION('',(0.,-1.,0.));
#6792 = DIRECTION('',(0.,0.,-1.));
#6793 = ADVANCED_FACE('',(#6794),#6805,.T.);
#6794 = FACE_BOUND('',#6795,.T.);
#6795 = EDGE_LOOP('',(#6796,#6797,#6798,#6804));
#6796 = ORIENTED_EDGE('',*,*,#2783,.F.);
#6797 = ORIENTED_EDGE('',*,*,#5472,.F.);
#6798 = ORIENTED_EDGE('',*,*,#6799,.F.);
#6799 = EDGE_CURVE('',#6776,#5465,#6800,.T.);
#6800 = LINE('',#6801,#6802);
#6801 = CARTESIAN_POINT('',(22.7,0.15,-3.));
#6802 = VECTOR('',#6803,1.);
#6803 = DIRECTION('',(0.,-1.,0.));
#6804 = ORIENTED_EDGE('',*,*,#6775,.T.);
#6805 = PLANE('',#6806);
#6806 = AXIS2_PLACEMENT_3D('',#6807,#6808,#6809);
#6807 = CARTESIAN_POINT('',(22.7,0.15,1.7));
#6808 = DIRECTION('',(1.,0.,0.));
#6809 = DIRECTION('',(0.,0.,-1.));
#6810 = ADVANCED_FACE('',(#6811),#6822,.T.);
#6811 = FACE_BOUND('',#6812,.T.);
#6812 = EDGE_LOOP('',(#6813,#6814,#6815,#6821));
#6813 = ORIENTED_EDGE('',*,*,#2799,.F.);
#6814 = ORIENTED_EDGE('',*,*,#6766,.T.);
#6815 = ORIENTED_EDGE('',*,*,#6816,.T.);
#6816 = EDGE_CURVE('',#6767,#5457,#6817,.T.);
#6817 = LINE('',#6818,#6819);
#6818 = CARTESIAN_POINT('',(22.3,0.15,-3.));
#6819 = VECTOR('',#6820,1.);
#6820 = DIRECTION('',(0.,-1.,0.));
#6821 = ORIENTED_EDGE('',*,*,#5456,.F.);
#6822 = PLANE('',#6823);
#6823 = AXIS2_PLACEMENT_3D('',#6824,#6825,#6826);
#6824 = CARTESIAN_POINT('',(22.3,0.15,1.7));
#6825 = DIRECTION('',(-1.,0.,0.));
#6826 = DIRECTION('',(0.,0.,1.));
#6827 = ADVANCED_FACE('',(#6828),#6834,.T.);
#6828 = FACE_BOUND('',#6829,.T.);
#6829 = EDGE_LOOP('',(#6830,#6831,#6832,#6833));
#6830 = ORIENTED_EDGE('',*,*,#5464,.F.);
#6831 = ORIENTED_EDGE('',*,*,#6816,.F.);
#6832 = ORIENTED_EDGE('',*,*,#6783,.T.);
#6833 = ORIENTED_EDGE('',*,*,#6799,.T.);
#6834 = PLANE('',#6835);
#6835 = AXIS2_PLACEMENT_3D('',#6836,#6837,#6838);
#6836 = CARTESIAN_POINT('',(22.3,0.15,-3.));
#6837 = DIRECTION('',(0.,0.,-1.));
#6838 = DIRECTION('',(-1.,0.,0.));
#6839 = ADVANCED_FACE('',(#6840),#6865,.F.);
#6840 = FACE_BOUND('',#6841,.T.);
#6841 = EDGE_LOOP('',(#6842,#6850,#6851,#6859));
#6842 = ORIENTED_EDGE('',*,*,#6843,.F.);
#6843 = EDGE_CURVE('',#2728,#6844,#6846,.T.);
#6844 = VERTEX_POINT('',#6845);
#6845 = CARTESIAN_POINT('',(23.8,0.15,-3.));
#6846 = LINE('',#6847,#6848);
#6847 = CARTESIAN_POINT('',(23.8,0.15,1.85));
#6848 = VECTOR('',#6849,1.);
#6849 = DIRECTION('',(0.,0.,-1.));
#6850 = ORIENTED_EDGE('',*,*,#2727,.T.);
#6851 = ORIENTED_EDGE('',*,*,#6852,.F.);
#6852 = EDGE_CURVE('',#6853,#2720,#6855,.T.);
#6853 = VERTEX_POINT('',#6854);
#6854 = CARTESIAN_POINT('',(24.2,0.15,-3.));
#6855 = LINE('',#6856,#6857);
#6856 = CARTESIAN_POINT('',(24.2,0.15,-3.));
#6857 = VECTOR('',#6858,1.);
#6858 = DIRECTION('',(0.,0.,1.));
#6859 = ORIENTED_EDGE('',*,*,#6860,.F.);
#6860 = EDGE_CURVE('',#6844,#6853,#6861,.T.);
#6861 = LINE('',#6862,#6863);
#6862 = CARTESIAN_POINT('',(23.8,0.15,-3.));
#6863 = VECTOR('',#6864,1.);
#6864 = DIRECTION('',(1.,0.,0.));
#6865 = PLANE('',#6866);
#6866 = AXIS2_PLACEMENT_3D('',#6867,#6868,#6869);
#6867 = CARTESIAN_POINT('',(12.,0.15,0.));
#6868 = DIRECTION('',(0.,-1.,0.));
#6869 = DIRECTION('',(0.,0.,-1.));
#6870 = ADVANCED_FACE('',(#6871),#6882,.T.);
#6871 = FACE_BOUND('',#6872,.T.);
#6872 = EDGE_LOOP('',(#6873,#6874,#6875,#6881));
#6873 = ORIENTED_EDGE('',*,*,#2719,.F.);
#6874 = ORIENTED_EDGE('',*,*,#5588,.F.);
#6875 = ORIENTED_EDGE('',*,*,#6876,.F.);
#6876 = EDGE_CURVE('',#6853,#5581,#6877,.T.);
#6877 = LINE('',#6878,#6879);
#6878 = CARTESIAN_POINT('',(24.2,0.15,-3.));
#6879 = VECTOR('',#6880,1.);
#6880 = DIRECTION('',(0.,-1.,0.));
#6881 = ORIENTED_EDGE('',*,*,#6852,.T.);
#6882 = PLANE('',#6883);
#6883 = AXIS2_PLACEMENT_3D('',#6884,#6885,#6886);
#6884 = CARTESIAN_POINT('',(24.2,0.15,1.7));
#6885 = DIRECTION('',(1.,0.,0.));
#6886 = DIRECTION('',(0.,0.,-1.));
#6887 = ADVANCED_FACE('',(#6888),#6899,.T.);
#6888 = FACE_BOUND('',#6889,.T.);
#6889 = EDGE_LOOP('',(#6890,#6891,#6892,#6898));
#6890 = ORIENTED_EDGE('',*,*,#2735,.F.);
#6891 = ORIENTED_EDGE('',*,*,#6843,.T.);
#6892 = ORIENTED_EDGE('',*,*,#6893,.T.);
#6893 = EDGE_CURVE('',#6844,#5573,#6894,.T.);
#6894 = LINE('',#6895,#6896);
#6895 = CARTESIAN_POINT('',(23.8,0.15,-3.));
#6896 = VECTOR('',#6897,1.);
#6897 = DIRECTION('',(0.,-1.,0.));
#6898 = ORIENTED_EDGE('',*,*,#5572,.F.);
#6899 = PLANE('',#6900);
#6900 = AXIS2_PLACEMENT_3D('',#6901,#6902,#6903);
#6901 = CARTESIAN_POINT('',(23.8,0.15,1.7));
#6902 = DIRECTION('',(-1.,0.,0.));
#6903 = DIRECTION('',(0.,0.,1.));
#6904 = ADVANCED_FACE('',(#6905),#6911,.T.);
#6905 = FACE_BOUND('',#6906,.T.);
#6906 = EDGE_LOOP('',(#6907,#6908,#6909,#6910));
#6907 = ORIENTED_EDGE('',*,*,#5580,.F.);
#6908 = ORIENTED_EDGE('',*,*,#6893,.F.);
#6909 = ORIENTED_EDGE('',*,*,#6860,.T.);
#6910 = ORIENTED_EDGE('',*,*,#6876,.T.);
#6911 = PLANE('',#6912);
#6912 = AXIS2_PLACEMENT_3D('',#6913,#6914,#6915);
#6913 = CARTESIAN_POINT('',(23.8,0.15,-3.));
#6914 = DIRECTION('',(0.,0.,-1.));
#6915 = DIRECTION('',(-1.,0.,0.));
#6916 = ADVANCED_FACE('',(#6917),#6928,.F.);
#6917 = FACE_BOUND('',#6918,.T.);
#6918 = EDGE_LOOP('',(#6919,#6920,#6921,#6927));
#6919 = ORIENTED_EDGE('',*,*,#539,.T.);
#6920 = ORIENTED_EDGE('',*,*,#3779,.F.);
#6921 = ORIENTED_EDGE('',*,*,#6922,.F.);
#6922 = EDGE_CURVE('',#3802,#3772,#6923,.T.);
#6923 = LINE('',#6924,#6925);
#6924 = CARTESIAN_POINT('',(-0.5,1.55,3.701));
#6925 = VECTOR('',#6926,1.);
#6926 = DIRECTION('',(-1.,1.682681771698E-13,0.));
#6927 = ORIENTED_EDGE('',*,*,#3801,.T.);
#6928 = PLANE('',#6929);
#6929 = AXIS2_PLACEMENT_3D('',#6930,#6931,#6932);
#6930 = CARTESIAN_POINT('',(-0.5,1.55,3.701));
#6931 = DIRECTION('',(-1.682681771698E-13,-1.,0.));
#6932 = DIRECTION('',(1.,-1.682681771698E-13,0.));
#6933 = ADVANCED_FACE('',(#6934),#6940,.F.);
#6934 = FACE_BOUND('',#6935,.T.);
#6935 = EDGE_LOOP('',(#6936,#6937,#6938,#6939));
#6936 = ORIENTED_EDGE('',*,*,#3771,.T.);
#6937 = ORIENTED_EDGE('',*,*,#3856,.T.);
#6938 = ORIENTED_EDGE('',*,*,#3809,.T.);
#6939 = ORIENTED_EDGE('',*,*,#6922,.T.);
#6940 = PLANE('',#6941);
#6941 = AXIS2_PLACEMENT_3D('',#6942,#6943,#6944);
#6942 = CARTESIAN_POINT('',(12.,11.4,3.701));
#6943 = DIRECTION('',(0.,0.,-1.));
#6944 = DIRECTION('',(-1.,0.,0.));
#6945 = ADVANCED_FACE('',(#6946),#6957,.F.);
#6946 = FACE_BOUND('',#6947,.T.);
#6947 = EDGE_LOOP('',(#6948,#6949,#6950,#6956));
#6948 = ORIENTED_EDGE('',*,*,#1051,.T.);
#6949 = ORIENTED_EDGE('',*,*,#5519,.F.);
#6950 = ORIENTED_EDGE('',*,*,#6951,.F.);
#6951 = EDGE_CURVE('',#5542,#5512,#6952,.T.);
#6952 = LINE('',#6953,#6954);
#6953 = CARTESIAN_POINT('',(23.5,1.55,3.701));
#6954 = VECTOR('',#6955,1.);
#6955 = DIRECTION('',(-1.,-0.,-0.));
#6956 = ORIENTED_EDGE('',*,*,#5541,.T.);
#6957 = PLANE('',#6958);
#6958 = AXIS2_PLACEMENT_3D('',#6959,#6960,#6961);
#6959 = CARTESIAN_POINT('',(23.5,1.55,3.701));
#6960 = DIRECTION('',(0.,-1.,0.));
#6961 = DIRECTION('',(0.,0.,-1.));
#6962 = ADVANCED_FACE('',(#6963),#6969,.F.);
#6963 = FACE_BOUND('',#6964,.T.);
#6964 = EDGE_LOOP('',(#6965,#6966,#6967,#6968));
#6965 = ORIENTED_EDGE('',*,*,#6951,.T.);
#6966 = ORIENTED_EDGE('',*,*,#5511,.T.);
#6967 = ORIENTED_EDGE('',*,*,#5596,.T.);
#6968 = ORIENTED_EDGE('',*,*,#5549,.T.);
#6969 = PLANE('',#6970);
#6970 = AXIS2_PLACEMENT_3D('',#6971,#6972,#6973);
#6971 = CARTESIAN_POINT('',(12.,11.4,3.701));
#6972 = DIRECTION('',(0.,0.,-1.));
#6973 = DIRECTION('',(-1.,0.,0.));
#6974 = ADVANCED_FACE('',(#6975),#6986,.F.);
#6975 = FACE_BOUND('',#6976,.T.);
#6976 = EDGE_LOOP('',(#6977,#6978,#6979,#6985));
#6977 = ORIENTED_EDGE('',*,*,#1019,.T.);
#6978 = ORIENTED_EDGE('',*,*,#5403,.F.);
#6979 = ORIENTED_EDGE('',*,*,#6980,.F.);
#6980 = EDGE_CURVE('',#5426,#5396,#6981,.T.);
#6981 = LINE('',#6982,#6983);
#6982 = CARTESIAN_POINT('',(22.,1.55,3.701));
#6983 = VECTOR('',#6984,1.);
#6984 = DIRECTION('',(-1.,-0.,-0.));
#6985 = ORIENTED_EDGE('',*,*,#5425,.T.);
#6986 = PLANE('',#6987);
#6987 = AXIS2_PLACEMENT_3D('',#6988,#6989,#6990);
#6988 = CARTESIAN_POINT('',(22.,1.55,3.701));
#6989 = DIRECTION('',(0.,-1.,0.));
#6990 = DIRECTION('',(0.,0.,-1.));
#6991 = ADVANCED_FACE('',(#6992),#6998,.F.);
#6992 = FACE_BOUND('',#6993,.T.);
#6993 = EDGE_LOOP('',(#6994,#6995,#6996,#6997));
#6994 = ORIENTED_EDGE('',*,*,#6980,.T.);
#6995 = ORIENTED_EDGE('',*,*,#5395,.T.);
#6996 = ORIENTED_EDGE('',*,*,#5480,.T.);
#6997 = ORIENTED_EDGE('',*,*,#5433,.T.);
#6998 = PLANE('',#6999);
#6999 = AXIS2_PLACEMENT_3D('',#7000,#7001,#7002);
#7000 = CARTESIAN_POINT('',(12.,11.4,3.701));
#7001 = DIRECTION('',(0.,0.,-1.));
#7002 = DIRECTION('',(-1.,0.,0.));
#7003 = ADVANCED_FACE('',(#7004),#7015,.F.);
#7004 = FACE_BOUND('',#7005,.T.);
#7005 = EDGE_LOOP('',(#7006,#7007,#7008,#7014));
#7006 = ORIENTED_EDGE('',*,*,#987,.T.);
#7007 = ORIENTED_EDGE('',*,*,#5287,.F.);
#7008 = ORIENTED_EDGE('',*,*,#7009,.F.);
#7009 = EDGE_CURVE('',#5310,#5280,#7010,.T.);
#7010 = LINE('',#7011,#7012);
#7011 = CARTESIAN_POINT('',(20.5,1.55,3.701));
#7012 = VECTOR('',#7013,1.);
#7013 = DIRECTION('',(-1.,-0.,-0.));
#7014 = ORIENTED_EDGE('',*,*,#5309,.T.);
#7015 = PLANE('',#7016);
#7016 = AXIS2_PLACEMENT_3D('',#7017,#7018,#7019);
#7017 = CARTESIAN_POINT('',(20.5,1.55,3.701));
#7018 = DIRECTION('',(0.,-1.,0.));
#7019 = DIRECTION('',(0.,0.,-1.));
#7020 = ADVANCED_FACE('',(#7021),#7027,.F.);
#7021 = FACE_BOUND('',#7022,.T.);
#7022 = EDGE_LOOP('',(#7023,#7024,#7025,#7026));
#7023 = ORIENTED_EDGE('',*,*,#7009,.T.);
#7024 = ORIENTED_EDGE('',*,*,#5279,.T.);
#7025 = ORIENTED_EDGE('',*,*,#5364,.T.);
#7026 = ORIENTED_EDGE('',*,*,#5317,.T.);
#7027 = PLANE('',#7028);
#7028 = AXIS2_PLACEMENT_3D('',#7029,#7030,#7031);
#7029 = CARTESIAN_POINT('',(12.,11.4,3.701));
#7030 = DIRECTION('',(0.,0.,-1.));
#7031 = DIRECTION('',(-1.,0.,0.));
#7032 = ADVANCED_FACE('',(#7033),#7044,.F.);
#7033 = FACE_BOUND('',#7034,.T.);
#7034 = EDGE_LOOP('',(#7035,#7036,#7037,#7043));
#7035 = ORIENTED_EDGE('',*,*,#955,.T.);
#7036 = ORIENTED_EDGE('',*,*,#5171,.F.);
#7037 = ORIENTED_EDGE('',*,*,#7038,.F.);
#7038 = EDGE_CURVE('',#5194,#5164,#7039,.T.);
#7039 = LINE('',#7040,#7041);
#7040 = CARTESIAN_POINT('',(19.,1.55,3.701));
#7041 = VECTOR('',#7042,1.);
#7042 = DIRECTION('',(-1.,-0.,-0.));
#7043 = ORIENTED_EDGE('',*,*,#5193,.T.);
#7044 = PLANE('',#7045);
#7045 = AXIS2_PLACEMENT_3D('',#7046,#7047,#7048);
#7046 = CARTESIAN_POINT('',(19.,1.55,3.701));
#7047 = DIRECTION('',(0.,-1.,0.));
#7048 = DIRECTION('',(0.,0.,-1.));
#7049 = ADVANCED_FACE('',(#7050),#7056,.F.);
#7050 = FACE_BOUND('',#7051,.T.);
#7051 = EDGE_LOOP('',(#7052,#7053,#7054,#7055));
#7052 = ORIENTED_EDGE('',*,*,#7038,.T.);
#7053 = ORIENTED_EDGE('',*,*,#5163,.T.);
#7054 = ORIENTED_EDGE('',*,*,#5248,.T.);
#7055 = ORIENTED_EDGE('',*,*,#5201,.T.);
#7056 = PLANE('',#7057);
#7057 = AXIS2_PLACEMENT_3D('',#7058,#7059,#7060);
#7058 = CARTESIAN_POINT('',(12.,11.4,3.701));
#7059 = DIRECTION('',(0.,0.,-1.));
#7060 = DIRECTION('',(-1.,0.,0.));
#7061 = ADVANCED_FACE('',(#7062),#7073,.F.);
#7062 = FACE_BOUND('',#7063,.T.);
#7063 = EDGE_LOOP('',(#7064,#7065,#7066,#7072));
#7064 = ORIENTED_EDGE('',*,*,#923,.T.);
#7065 = ORIENTED_EDGE('',*,*,#5055,.F.);
#7066 = ORIENTED_EDGE('',*,*,#7067,.F.);
#7067 = EDGE_CURVE('',#5078,#5048,#7068,.T.);
#7068 = LINE('',#7069,#7070);
#7069 = CARTESIAN_POINT('',(17.5,1.55,3.701));
#7070 = VECTOR('',#7071,1.);
#7071 = DIRECTION('',(-1.,-0.,-0.));
#7072 = ORIENTED_EDGE('',*,*,#5077,.T.);
#7073 = PLANE('',#7074);
#7074 = AXIS2_PLACEMENT_3D('',#7075,#7076,#7077);
#7075 = CARTESIAN_POINT('',(17.5,1.55,3.701));
#7076 = DIRECTION('',(0.,-1.,0.));
#7077 = DIRECTION('',(0.,0.,-1.));
#7078 = ADVANCED_FACE('',(#7079),#7085,.F.);
#7079 = FACE_BOUND('',#7080,.T.);
#7080 = EDGE_LOOP('',(#7081,#7082,#7083,#7084));
#7081 = ORIENTED_EDGE('',*,*,#7067,.T.);
#7082 = ORIENTED_EDGE('',*,*,#5047,.T.);
#7083 = ORIENTED_EDGE('',*,*,#5132,.T.);
#7084 = ORIENTED_EDGE('',*,*,#5085,.T.);
#7085 = PLANE('',#7086);
#7086 = AXIS2_PLACEMENT_3D('',#7087,#7088,#7089);
#7087 = CARTESIAN_POINT('',(12.,11.4,3.701));
#7088 = DIRECTION('',(0.,0.,-1.));
#7089 = DIRECTION('',(-1.,0.,0.));
#7090 = ADVANCED_FACE('',(#7091),#7102,.F.);
#7091 = FACE_BOUND('',#7092,.T.);
#7092 = EDGE_LOOP('',(#7093,#7094,#7095,#7101));
#7093 = ORIENTED_EDGE('',*,*,#891,.T.);
#7094 = ORIENTED_EDGE('',*,*,#4939,.F.);
#7095 = ORIENTED_EDGE('',*,*,#7096,.F.);
#7096 = EDGE_CURVE('',#4962,#4932,#7097,.T.);
#7097 = LINE('',#7098,#7099);
#7098 = CARTESIAN_POINT('',(16.,1.55,3.701));
#7099 = VECTOR('',#7100,1.);
#7100 = DIRECTION('',(-1.,-0.,-0.));
#7101 = ORIENTED_EDGE('',*,*,#4961,.T.);
#7102 = PLANE('',#7103);
#7103 = AXIS2_PLACEMENT_3D('',#7104,#7105,#7106);
#7104 = CARTESIAN_POINT('',(16.,1.55,3.701));
#7105 = DIRECTION('',(0.,-1.,0.));
#7106 = DIRECTION('',(0.,0.,-1.));
#7107 = ADVANCED_FACE('',(#7108),#7114,.F.);
#7108 = FACE_BOUND('',#7109,.T.);
#7109 = EDGE_LOOP('',(#7110,#7111,#7112,#7113));
#7110 = ORIENTED_EDGE('',*,*,#7096,.T.);
#7111 = ORIENTED_EDGE('',*,*,#4931,.T.);
#7112 = ORIENTED_EDGE('',*,*,#5016,.T.);
#7113 = ORIENTED_EDGE('',*,*,#4969,.T.);
#7114 = PLANE('',#7115);
#7115 = AXIS2_PLACEMENT_3D('',#7116,#7117,#7118);
#7116 = CARTESIAN_POINT('',(12.,11.4,3.701));
#7117 = DIRECTION('',(0.,0.,-1.));
#7118 = DIRECTION('',(-1.,0.,0.));
#7119 = ADVANCED_FACE('',(#7120),#7131,.F.);
#7120 = FACE_BOUND('',#7121,.T.);
#7121 = EDGE_LOOP('',(#7122,#7123,#7124,#7130));
#7122 = ORIENTED_EDGE('',*,*,#859,.T.);
#7123 = ORIENTED_EDGE('',*,*,#4823,.F.);
#7124 = ORIENTED_EDGE('',*,*,#7125,.F.);
#7125 = EDGE_CURVE('',#4846,#4816,#7126,.T.);
#7126 = LINE('',#7127,#7128);
#7127 = CARTESIAN_POINT('',(14.5,1.55,3.701));
#7128 = VECTOR('',#7129,1.);
#7129 = DIRECTION('',(-1.,-0.,-0.));
#7130 = ORIENTED_EDGE('',*,*,#4845,.T.);
#7131 = PLANE('',#7132);
#7132 = AXIS2_PLACEMENT_3D('',#7133,#7134,#7135);
#7133 = CARTESIAN_POINT('',(14.5,1.55,3.701));
#7134 = DIRECTION('',(0.,-1.,0.));
#7135 = DIRECTION('',(0.,0.,-1.));
#7136 = ADVANCED_FACE('',(#7137),#7143,.F.);
#7137 = FACE_BOUND('',#7138,.T.);
#7138 = EDGE_LOOP('',(#7139,#7140,#7141,#7142));
#7139 = ORIENTED_EDGE('',*,*,#7125,.T.);
#7140 = ORIENTED_EDGE('',*,*,#4815,.T.);
#7141 = ORIENTED_EDGE('',*,*,#4900,.T.);
#7142 = ORIENTED_EDGE('',*,*,#4853,.T.);
#7143 = PLANE('',#7144);
#7144 = AXIS2_PLACEMENT_3D('',#7145,#7146,#7147);
#7145 = CARTESIAN_POINT('',(12.,11.4,3.701));
#7146 = DIRECTION('',(0.,0.,-1.));
#7147 = DIRECTION('',(-1.,0.,0.));
#7148 = ADVANCED_FACE('',(#7149),#7160,.F.);
#7149 = FACE_BOUND('',#7150,.T.);
#7150 = EDGE_LOOP('',(#7151,#7152,#7153,#7159));
#7151 = ORIENTED_EDGE('',*,*,#827,.T.);
#7152 = ORIENTED_EDGE('',*,*,#4707,.F.);
#7153 = ORIENTED_EDGE('',*,*,#7154,.F.);
#7154 = EDGE_CURVE('',#4730,#4700,#7155,.T.);
#7155 = LINE('',#7156,#7157);
#7156 = CARTESIAN_POINT('',(13.,1.55,3.701));
#7157 = VECTOR('',#7158,1.);
#7158 = DIRECTION('',(-1.,-0.,-0.));
#7159 = ORIENTED_EDGE('',*,*,#4729,.T.);
#7160 = PLANE('',#7161);
#7161 = AXIS2_PLACEMENT_3D('',#7162,#7163,#7164);
#7162 = CARTESIAN_POINT('',(13.,1.55,3.701));
#7163 = DIRECTION('',(0.,-1.,0.));
#7164 = DIRECTION('',(0.,0.,-1.));
#7165 = ADVANCED_FACE('',(#7166),#7172,.F.);
#7166 = FACE_BOUND('',#7167,.T.);
#7167 = EDGE_LOOP('',(#7168,#7169,#7170,#7171));
#7168 = ORIENTED_EDGE('',*,*,#7154,.T.);
#7169 = ORIENTED_EDGE('',*,*,#4699,.T.);
#7170 = ORIENTED_EDGE('',*,*,#4784,.T.);
#7171 = ORIENTED_EDGE('',*,*,#4737,.T.);
#7172 = PLANE('',#7173);
#7173 = AXIS2_PLACEMENT_3D('',#7174,#7175,#7176);
#7174 = CARTESIAN_POINT('',(12.,11.4,3.701));
#7175 = DIRECTION('',(0.,0.,-1.));
#7176 = DIRECTION('',(-1.,0.,0.));
#7177 = ADVANCED_FACE('',(#7178),#7189,.F.);
#7178 = FACE_BOUND('',#7179,.T.);
#7179 = EDGE_LOOP('',(#7180,#7181,#7182,#7188));
#7180 = ORIENTED_EDGE('',*,*,#795,.T.);
#7181 = ORIENTED_EDGE('',*,*,#4591,.F.);
#7182 = ORIENTED_EDGE('',*,*,#7183,.F.);
#7183 = EDGE_CURVE('',#4614,#4584,#7184,.T.);
#7184 = LINE('',#7185,#7186);
#7185 = CARTESIAN_POINT('',(11.5,1.55,3.701));
#7186 = VECTOR('',#7187,1.);
#7187 = DIRECTION('',(-1.,-0.,-0.));
#7188 = ORIENTED_EDGE('',*,*,#4613,.T.);
#7189 = PLANE('',#7190);
#7190 = AXIS2_PLACEMENT_3D('',#7191,#7192,#7193);
#7191 = CARTESIAN_POINT('',(11.5,1.55,3.701));
#7192 = DIRECTION('',(0.,-1.,0.));
#7193 = DIRECTION('',(0.,0.,-1.));
#7194 = ADVANCED_FACE('',(#7195),#7201,.F.);
#7195 = FACE_BOUND('',#7196,.T.);
#7196 = EDGE_LOOP('',(#7197,#7198,#7199,#7200));
#7197 = ORIENTED_EDGE('',*,*,#7183,.T.);
#7198 = ORIENTED_EDGE('',*,*,#4583,.T.);
#7199 = ORIENTED_EDGE('',*,*,#4668,.T.);
#7200 = ORIENTED_EDGE('',*,*,#4621,.T.);
#7201 = PLANE('',#7202);
#7202 = AXIS2_PLACEMENT_3D('',#7203,#7204,#7205);
#7203 = CARTESIAN_POINT('',(12.,11.4,3.701));
#7204 = DIRECTION('',(0.,0.,-1.));
#7205 = DIRECTION('',(-1.,0.,0.));
#7206 = ADVANCED_FACE('',(#7207),#7218,.F.);
#7207 = FACE_BOUND('',#7208,.T.);
#7208 = EDGE_LOOP('',(#7209,#7210,#7211,#7217));
#7209 = ORIENTED_EDGE('',*,*,#763,.T.);
#7210 = ORIENTED_EDGE('',*,*,#4475,.F.);
#7211 = ORIENTED_EDGE('',*,*,#7212,.F.);
#7212 = EDGE_CURVE('',#4498,#4468,#7213,.T.);
#7213 = LINE('',#7214,#7215);
#7214 = CARTESIAN_POINT('',(10.,1.55,3.701));
#7215 = VECTOR('',#7216,1.);
#7216 = DIRECTION('',(-1.,-0.,-0.));
#7217 = ORIENTED_EDGE('',*,*,#4497,.T.);
#7218 = PLANE('',#7219);
#7219 = AXIS2_PLACEMENT_3D('',#7220,#7221,#7222);
#7220 = CARTESIAN_POINT('',(10.,1.55,3.701));
#7221 = DIRECTION('',(0.,-1.,0.));
#7222 = DIRECTION('',(0.,0.,-1.));
#7223 = ADVANCED_FACE('',(#7224),#7230,.F.);
#7224 = FACE_BOUND('',#7225,.T.);
#7225 = EDGE_LOOP('',(#7226,#7227,#7228,#7229));
#7226 = ORIENTED_EDGE('',*,*,#7212,.T.);
#7227 = ORIENTED_EDGE('',*,*,#4467,.T.);
#7228 = ORIENTED_EDGE('',*,*,#4552,.T.);
#7229 = ORIENTED_EDGE('',*,*,#4505,.T.);
#7230 = PLANE('',#7231);
#7231 = AXIS2_PLACEMENT_3D('',#7232,#7233,#7234);
#7232 = CARTESIAN_POINT('',(12.,11.4,3.701));
#7233 = DIRECTION('',(0.,0.,-1.));
#7234 = DIRECTION('',(-1.,0.,0.));
#7235 = ADVANCED_FACE('',(#7236),#7247,.F.);
#7236 = FACE_BOUND('',#7237,.T.);
#7237 = EDGE_LOOP('',(#7238,#7239,#7240,#7246));
#7238 = ORIENTED_EDGE('',*,*,#731,.T.);
#7239 = ORIENTED_EDGE('',*,*,#4359,.F.);
#7240 = ORIENTED_EDGE('',*,*,#7241,.F.);
#7241 = EDGE_CURVE('',#4382,#4352,#7242,.T.);
#7242 = LINE('',#7243,#7244);
#7243 = CARTESIAN_POINT('',(8.5,1.55,3.701));
#7244 = VECTOR('',#7245,1.);
#7245 = DIRECTION('',(-1.,-0.,-0.));
#7246 = ORIENTED_EDGE('',*,*,#4381,.T.);
#7247 = PLANE('',#7248);
#7248 = AXIS2_PLACEMENT_3D('',#7249,#7250,#7251);
#7249 = CARTESIAN_POINT('',(8.5,1.55,3.701));
#7250 = DIRECTION('',(0.,-1.,0.));
#7251 = DIRECTION('',(0.,0.,-1.));
#7252 = ADVANCED_FACE('',(#7253),#7259,.F.);
#7253 = FACE_BOUND('',#7254,.T.);
#7254 = EDGE_LOOP('',(#7255,#7256,#7257,#7258));
#7255 = ORIENTED_EDGE('',*,*,#7241,.T.);
#7256 = ORIENTED_EDGE('',*,*,#4351,.T.);
#7257 = ORIENTED_EDGE('',*,*,#4436,.T.);
#7258 = ORIENTED_EDGE('',*,*,#4389,.T.);
#7259 = PLANE('',#7260);
#7260 = AXIS2_PLACEMENT_3D('',#7261,#7262,#7263);
#7261 = CARTESIAN_POINT('',(12.,11.4,3.701));
#7262 = DIRECTION('',(0.,0.,-1.));
#7263 = DIRECTION('',(-1.,0.,0.));
#7264 = ADVANCED_FACE('',(#7265),#7276,.F.);
#7265 = FACE_BOUND('',#7266,.T.);
#7266 = EDGE_LOOP('',(#7267,#7268,#7269,#7275));
#7267 = ORIENTED_EDGE('',*,*,#699,.T.);
#7268 = ORIENTED_EDGE('',*,*,#4243,.F.);
#7269 = ORIENTED_EDGE('',*,*,#7270,.F.);
#7270 = EDGE_CURVE('',#4266,#4236,#7271,.T.);
#7271 = LINE('',#7272,#7273);
#7272 = CARTESIAN_POINT('',(7.,1.55,3.701));
#7273 = VECTOR('',#7274,1.);
#7274 = DIRECTION('',(-1.,-0.,-0.));
#7275 = ORIENTED_EDGE('',*,*,#4265,.T.);
#7276 = PLANE('',#7277);
#7277 = AXIS2_PLACEMENT_3D('',#7278,#7279,#7280);
#7278 = CARTESIAN_POINT('',(7.,1.55,3.701));
#7279 = DIRECTION('',(0.,-1.,0.));
#7280 = DIRECTION('',(0.,0.,-1.));
#7281 = ADVANCED_FACE('',(#7282),#7288,.F.);
#7282 = FACE_BOUND('',#7283,.T.);
#7283 = EDGE_LOOP('',(#7284,#7285,#7286,#7287));
#7284 = ORIENTED_EDGE('',*,*,#7270,.T.);
#7285 = ORIENTED_EDGE('',*,*,#4235,.T.);
#7286 = ORIENTED_EDGE('',*,*,#4320,.T.);
#7287 = ORIENTED_EDGE('',*,*,#4273,.T.);
#7288 = PLANE('',#7289);
#7289 = AXIS2_PLACEMENT_3D('',#7290,#7291,#7292);
#7290 = CARTESIAN_POINT('',(12.,11.4,3.701));
#7291 = DIRECTION('',(0.,0.,-1.));
#7292 = DIRECTION('',(-1.,0.,0.));
#7293 = ADVANCED_FACE('',(#7294),#7305,.F.);
#7294 = FACE_BOUND('',#7295,.T.);
#7295 = EDGE_LOOP('',(#7296,#7297,#7298,#7304));
#7296 = ORIENTED_EDGE('',*,*,#667,.T.);
#7297 = ORIENTED_EDGE('',*,*,#4127,.F.);
#7298 = ORIENTED_EDGE('',*,*,#7299,.F.);
#7299 = EDGE_CURVE('',#4150,#4120,#7300,.T.);
#7300 = LINE('',#7301,#7302);
#7301 = CARTESIAN_POINT('',(5.5,1.55,3.701));
#7302 = VECTOR('',#7303,1.);
#7303 = DIRECTION('',(-1.,-0.,-0.));
#7304 = ORIENTED_EDGE('',*,*,#4149,.T.);
#7305 = PLANE('',#7306);
#7306 = AXIS2_PLACEMENT_3D('',#7307,#7308,#7309);
#7307 = CARTESIAN_POINT('',(5.5,1.55,3.701));
#7308 = DIRECTION('',(0.,-1.,0.));
#7309 = DIRECTION('',(0.,0.,-1.));
#7310 = ADVANCED_FACE('',(#7311),#7317,.F.);
#7311 = FACE_BOUND('',#7312,.T.);
#7312 = EDGE_LOOP('',(#7313,#7314,#7315,#7316));
#7313 = ORIENTED_EDGE('',*,*,#7299,.T.);
#7314 = ORIENTED_EDGE('',*,*,#4119,.T.);
#7315 = ORIENTED_EDGE('',*,*,#4204,.T.);
#7316 = ORIENTED_EDGE('',*,*,#4157,.T.);
#7317 = PLANE('',#7318);
#7318 = AXIS2_PLACEMENT_3D('',#7319,#7320,#7321);
#7319 = CARTESIAN_POINT('',(12.,11.4,3.701));
#7320 = DIRECTION('',(0.,0.,-1.));
#7321 = DIRECTION('',(-1.,0.,0.));
#7322 = ADVANCED_FACE('',(#7323),#7334,.F.);
#7323 = FACE_BOUND('',#7324,.T.);
#7324 = EDGE_LOOP('',(#7325,#7326,#7327,#7333));
#7325 = ORIENTED_EDGE('',*,*,#635,.T.);
#7326 = ORIENTED_EDGE('',*,*,#4011,.F.);
#7327 = ORIENTED_EDGE('',*,*,#7328,.F.);
#7328 = EDGE_CURVE('',#4034,#4004,#7329,.T.);
#7329 = LINE('',#7330,#7331);
#7330 = CARTESIAN_POINT('',(4.,1.55,3.701));
#7331 = VECTOR('',#7332,1.);
#7332 = DIRECTION('',(-1.,-0.,-0.));
#7333 = ORIENTED_EDGE('',*,*,#4033,.T.);
#7334 = PLANE('',#7335);
#7335 = AXIS2_PLACEMENT_3D('',#7336,#7337,#7338);
#7336 = CARTESIAN_POINT('',(4.,1.55,3.701));
#7337 = DIRECTION('',(0.,-1.,0.));
#7338 = DIRECTION('',(0.,0.,-1.));
#7339 = ADVANCED_FACE('',(#7340),#7346,.F.);
#7340 = FACE_BOUND('',#7341,.T.);
#7341 = EDGE_LOOP('',(#7342,#7343,#7344,#7345));
#7342 = ORIENTED_EDGE('',*,*,#7328,.T.);
#7343 = ORIENTED_EDGE('',*,*,#4003,.T.);
#7344 = ORIENTED_EDGE('',*,*,#4088,.T.);
#7345 = ORIENTED_EDGE('',*,*,#4041,.T.);
#7346 = PLANE('',#7347);
#7347 = AXIS2_PLACEMENT_3D('',#7348,#7349,#7350);
#7348 = CARTESIAN_POINT('',(12.,11.4,3.701));
#7349 = DIRECTION('',(0.,0.,-1.));
#7350 = DIRECTION('',(-1.,0.,0.));
#7351 = ADVANCED_FACE('',(#7352),#7363,.F.);
#7352 = FACE_BOUND('',#7353,.T.);
#7353 = EDGE_LOOP('',(#7354,#7355,#7356,#7362));
#7354 = ORIENTED_EDGE('',*,*,#603,.T.);
#7355 = ORIENTED_EDGE('',*,*,#3895,.F.);
#7356 = ORIENTED_EDGE('',*,*,#7357,.F.);
#7357 = EDGE_CURVE('',#3918,#3888,#7358,.T.);
#7358 = LINE('',#7359,#7360);
#7359 = CARTESIAN_POINT('',(2.5,1.55,3.701));
#7360 = VECTOR('',#7361,1.);
#7361 = DIRECTION('',(-1.,-0.,-0.));
#7362 = ORIENTED_EDGE('',*,*,#3917,.T.);
#7363 = PLANE('',#7364);
#7364 = AXIS2_PLACEMENT_3D('',#7365,#7366,#7367);
#7365 = CARTESIAN_POINT('',(2.5,1.55,3.701));
#7366 = DIRECTION('',(0.,-1.,0.));
#7367 = DIRECTION('',(0.,0.,-1.));
#7368 = ADVANCED_FACE('',(#7369),#7375,.F.);
#7369 = FACE_BOUND('',#7370,.T.);
#7370 = EDGE_LOOP('',(#7371,#7372,#7373,#7374));
#7371 = ORIENTED_EDGE('',*,*,#7357,.T.);
#7372 = ORIENTED_EDGE('',*,*,#3887,.T.);
#7373 = ORIENTED_EDGE('',*,*,#3972,.T.);
#7374 = ORIENTED_EDGE('',*,*,#3925,.T.);
#7375 = PLANE('',#7376);
#7376 = AXIS2_PLACEMENT_3D('',#7377,#7378,#7379);
#7377 = CARTESIAN_POINT('',(12.,11.4,3.701));
#7378 = DIRECTION('',(0.,0.,-1.));
#7379 = DIRECTION('',(-1.,0.,0.));
#7380 = ADVANCED_FACE('',(#7381),#7392,.F.);
#7381 = FACE_BOUND('',#7382,.T.);
#7382 = EDGE_LOOP('',(#7383,#7384,#7385,#7391));
#7383 = ORIENTED_EDGE('',*,*,#571,.T.);
#7384 = ORIENTED_EDGE('',*,*,#2567,.F.);
#7385 = ORIENTED_EDGE('',*,*,#7386,.F.);
#7386 = EDGE_CURVE('',#3686,#2560,#7387,.T.);
#7387 = LINE('',#7388,#7389);
#7388 = CARTESIAN_POINT('',(1.,1.55,3.701));
#7389 = VECTOR('',#7390,1.);
#7390 = DIRECTION('',(-1.,-0.,-0.));
#7391 = ORIENTED_EDGE('',*,*,#3685,.T.);
#7392 = PLANE('',#7393);
#7393 = AXIS2_PLACEMENT_3D('',#7394,#7395,#7396);
#7394 = CARTESIAN_POINT('',(1.,1.55,3.701));
#7395 = DIRECTION('',(0.,-1.,0.));
#7396 = DIRECTION('',(0.,0.,-1.));
#7397 = ADVANCED_FACE('',(#7398),#7404,.F.);
#7398 = FACE_BOUND('',#7399,.T.);
#7399 = EDGE_LOOP('',(#7400,#7401,#7402,#7403));
#7400 = ORIENTED_EDGE('',*,*,#7386,.T.);
#7401 = ORIENTED_EDGE('',*,*,#2559,.T.);
#7402 = ORIENTED_EDGE('',*,*,#3740,.T.);
#7403 = ORIENTED_EDGE('',*,*,#3693,.T.);
#7404 = PLANE('',#7405);
#7405 = AXIS2_PLACEMENT_3D('',#7406,#7407,#7408);
#7406 = CARTESIAN_POINT('',(12.,11.4,3.701));
#7407 = DIRECTION('',(0.,0.,-1.));
#7408 = DIRECTION('',(-1.,0.,0.));
#7409 = ADVANCED_FACE('',(#7410),#7416,.T.);
#7410 = FACE_BOUND('',#7411,.T.);
#7411 = EDGE_LOOP('',(#7412,#7413,#7414,#7415));
#7412 = ORIENTED_EDGE('',*,*,#1115,.F.);
#7413 = ORIENTED_EDGE('',*,*,#1912,.F.);
#7414 = ORIENTED_EDGE('',*,*,#2686,.T.);
#7415 = ORIENTED_EDGE('',*,*,#3756,.T.);
#7416 = PLANE('',#7417);
#7417 = AXIS2_PLACEMENT_3D('',#7418,#7419,#7420);
#7418 = CARTESIAN_POINT('',(-0.5,0.15,1.7));
#7419 = DIRECTION('',(0.,-1.,0.));
#7420 = DIRECTION('',(0.,0.,-1.));
#7421 = ADVANCED_FACE('',(#7422),#7428,.T.);
#7422 = FACE_BOUND('',#7423,.T.);
#7423 = EDGE_LOOP('',(#7424,#7425,#7426,#7427));
#7424 = ORIENTED_EDGE('',*,*,#555,.F.);
#7425 = ORIENTED_EDGE('',*,*,#3794,.F.);
#7426 = ORIENTED_EDGE('',*,*,#2622,.T.);
#7427 = ORIENTED_EDGE('',*,*,#2535,.T.);
#7428 = PLANE('',#7429);
#7429 = AXIS2_PLACEMENT_3D('',#7430,#7431,#7432);
#7430 = CARTESIAN_POINT('',(1.,0.15,1.7));
#7431 = DIRECTION('',(0.,-1.,0.));
#7432 = DIRECTION('',(0.,0.,-1.));
#7433 = ADVANCED_FACE('',(#7434),#7440,.T.);
#7434 = FACE_BOUND('',#7435,.T.);
#7435 = EDGE_LOOP('',(#7436,#7437,#7438,#7439));
#7436 = ORIENTED_EDGE('',*,*,#1067,.F.);
#7437 = ORIENTED_EDGE('',*,*,#5534,.F.);
#7438 = ORIENTED_EDGE('',*,*,#2695,.T.);
#7439 = ORIENTED_EDGE('',*,*,#1797,.T.);
#7440 = PLANE('',#7441);
#7441 = AXIS2_PLACEMENT_3D('',#7442,#7443,#7444);
#7442 = CARTESIAN_POINT('',(24.5,0.15,1.7));
#7443 = DIRECTION('',(0.,-1.,0.));
#7444 = DIRECTION('',(0.,0.,-1.));
#7445 = ADVANCED_FACE('',(#7446),#7452,.T.);
#7446 = FACE_BOUND('',#7447,.T.);
#7447 = EDGE_LOOP('',(#7448,#7449,#7450,#7451));
#7448 = ORIENTED_EDGE('',*,*,#587,.F.);
#7449 = ORIENTED_EDGE('',*,*,#3678,.F.);
#7450 = ORIENTED_EDGE('',*,*,#3655,.T.);
#7451 = ORIENTED_EDGE('',*,*,#3872,.T.);
#7452 = PLANE('',#7453);
#7453 = AXIS2_PLACEMENT_3D('',#7454,#7455,#7456);
#7454 = CARTESIAN_POINT('',(2.5,0.15,1.7));
#7455 = DIRECTION('',(0.,-1.,0.));
#7456 = DIRECTION('',(0.,0.,-1.));
#7457 = ADVANCED_FACE('',(#7458),#7464,.T.);
#7458 = FACE_BOUND('',#7459,.T.);
#7459 = EDGE_LOOP('',(#7460,#7461,#7462,#7463));
#7460 = ORIENTED_EDGE('',*,*,#619,.F.);
#7461 = ORIENTED_EDGE('',*,*,#3910,.F.);
#7462 = ORIENTED_EDGE('',*,*,#3591,.T.);
#7463 = ORIENTED_EDGE('',*,*,#3988,.T.);
#7464 = PLANE('',#7465);
#7465 = AXIS2_PLACEMENT_3D('',#7466,#7467,#7468);
#7466 = CARTESIAN_POINT('',(4.,0.15,1.7));
#7467 = DIRECTION('',(0.,-1.,0.));
#7468 = DIRECTION('',(0.,0.,-1.));
#7469 = ADVANCED_FACE('',(#7470),#7476,.T.);
#7470 = FACE_BOUND('',#7471,.T.);
#7471 = EDGE_LOOP('',(#7472,#7473,#7474,#7475));
#7472 = ORIENTED_EDGE('',*,*,#651,.F.);
#7473 = ORIENTED_EDGE('',*,*,#4026,.F.);
#7474 = ORIENTED_EDGE('',*,*,#3527,.T.);
#7475 = ORIENTED_EDGE('',*,*,#4104,.T.);
#7476 = PLANE('',#7477);
#7477 = AXIS2_PLACEMENT_3D('',#7478,#7479,#7480);
#7478 = CARTESIAN_POINT('',(5.5,0.15,1.7));
#7479 = DIRECTION('',(0.,-1.,0.));
#7480 = DIRECTION('',(0.,0.,-1.));
#7481 = ADVANCED_FACE('',(#7482),#7488,.T.);
#7482 = FACE_BOUND('',#7483,.T.);
#7483 = EDGE_LOOP('',(#7484,#7485,#7486,#7487));
#7484 = ORIENTED_EDGE('',*,*,#683,.F.);
#7485 = ORIENTED_EDGE('',*,*,#4142,.F.);
#7486 = ORIENTED_EDGE('',*,*,#3463,.T.);
#7487 = ORIENTED_EDGE('',*,*,#4220,.T.);
#7488 = PLANE('',#7489);
#7489 = AXIS2_PLACEMENT_3D('',#7490,#7491,#7492);
#7490 = CARTESIAN_POINT('',(7.,0.15,1.7));
#7491 = DIRECTION('',(0.,-1.,0.));
#7492 = DIRECTION('',(0.,0.,-1.));
#7493 = ADVANCED_FACE('',(#7494),#7500,.T.);
#7494 = FACE_BOUND('',#7495,.T.);
#7495 = EDGE_LOOP('',(#7496,#7497,#7498,#7499));
#7496 = ORIENTED_EDGE('',*,*,#715,.F.);
#7497 = ORIENTED_EDGE('',*,*,#4258,.F.);
#7498 = ORIENTED_EDGE('',*,*,#3399,.T.);
#7499 = ORIENTED_EDGE('',*,*,#4336,.T.);
#7500 = PLANE('',#7501);
#7501 = AXIS2_PLACEMENT_3D('',#7502,#7503,#7504);
#7502 = CARTESIAN_POINT('',(8.5,0.15,1.7));
#7503 = DIRECTION('',(0.,-1.,0.));
#7504 = DIRECTION('',(0.,0.,-1.));
#7505 = ADVANCED_FACE('',(#7506),#7512,.T.);
#7506 = FACE_BOUND('',#7507,.T.);
#7507 = EDGE_LOOP('',(#7508,#7509,#7510,#7511));
#7508 = ORIENTED_EDGE('',*,*,#747,.F.);
#7509 = ORIENTED_EDGE('',*,*,#4374,.F.);
#7510 = ORIENTED_EDGE('',*,*,#3335,.T.);
#7511 = ORIENTED_EDGE('',*,*,#4452,.T.);
#7512 = PLANE('',#7513);
#7513 = AXIS2_PLACEMENT_3D('',#7514,#7515,#7516);
#7514 = CARTESIAN_POINT('',(10.,0.15,1.7));
#7515 = DIRECTION('',(0.,-1.,0.));
#7516 = DIRECTION('',(0.,0.,-1.));
#7517 = ADVANCED_FACE('',(#7518),#7524,.T.);
#7518 = FACE_BOUND('',#7519,.T.);
#7519 = EDGE_LOOP('',(#7520,#7521,#7522,#7523));
#7520 = ORIENTED_EDGE('',*,*,#779,.F.);
#7521 = ORIENTED_EDGE('',*,*,#4490,.F.);
#7522 = ORIENTED_EDGE('',*,*,#3271,.T.);
#7523 = ORIENTED_EDGE('',*,*,#4568,.T.);
#7524 = PLANE('',#7525);
#7525 = AXIS2_PLACEMENT_3D('',#7526,#7527,#7528);
#7526 = CARTESIAN_POINT('',(11.5,0.15,1.7));
#7527 = DIRECTION('',(0.,-1.,0.));
#7528 = DIRECTION('',(0.,0.,-1.));
#7529 = ADVANCED_FACE('',(#7530),#7536,.T.);
#7530 = FACE_BOUND('',#7531,.T.);
#7531 = EDGE_LOOP('',(#7532,#7533,#7534,#7535));
#7532 = ORIENTED_EDGE('',*,*,#811,.F.);
#7533 = ORIENTED_EDGE('',*,*,#4606,.F.);
#7534 = ORIENTED_EDGE('',*,*,#3207,.T.);
#7535 = ORIENTED_EDGE('',*,*,#4684,.T.);
#7536 = PLANE('',#7537);
#7537 = AXIS2_PLACEMENT_3D('',#7538,#7539,#7540);
#7538 = CARTESIAN_POINT('',(13.,0.15,1.7));
#7539 = DIRECTION('',(0.,-1.,0.));
#7540 = DIRECTION('',(0.,0.,-1.));
#7541 = ADVANCED_FACE('',(#7542),#7548,.T.);
#7542 = FACE_BOUND('',#7543,.T.);
#7543 = EDGE_LOOP('',(#7544,#7545,#7546,#7547));
#7544 = ORIENTED_EDGE('',*,*,#843,.F.);
#7545 = ORIENTED_EDGE('',*,*,#4722,.F.);
#7546 = ORIENTED_EDGE('',*,*,#3143,.T.);
#7547 = ORIENTED_EDGE('',*,*,#4800,.T.);
#7548 = PLANE('',#7549);
#7549 = AXIS2_PLACEMENT_3D('',#7550,#7551,#7552);
#7550 = CARTESIAN_POINT('',(14.5,0.15,1.7));
#7551 = DIRECTION('',(0.,-1.,0.));
#7552 = DIRECTION('',(0.,0.,-1.));
#7553 = ADVANCED_FACE('',(#7554),#7560,.T.);
#7554 = FACE_BOUND('',#7555,.T.);
#7555 = EDGE_LOOP('',(#7556,#7557,#7558,#7559));
#7556 = ORIENTED_EDGE('',*,*,#875,.F.);
#7557 = ORIENTED_EDGE('',*,*,#4838,.F.);
#7558 = ORIENTED_EDGE('',*,*,#3079,.T.);
#7559 = ORIENTED_EDGE('',*,*,#4916,.T.);
#7560 = PLANE('',#7561);
#7561 = AXIS2_PLACEMENT_3D('',#7562,#7563,#7564);
#7562 = CARTESIAN_POINT('',(16.,0.15,1.7));
#7563 = DIRECTION('',(0.,-1.,0.));
#7564 = DIRECTION('',(0.,0.,-1.));
#7565 = ADVANCED_FACE('',(#7566),#7572,.T.);
#7566 = FACE_BOUND('',#7567,.T.);
#7567 = EDGE_LOOP('',(#7568,#7569,#7570,#7571));
#7568 = ORIENTED_EDGE('',*,*,#907,.F.);
#7569 = ORIENTED_EDGE('',*,*,#4954,.F.);
#7570 = ORIENTED_EDGE('',*,*,#3015,.T.);
#7571 = ORIENTED_EDGE('',*,*,#5032,.T.);
#7572 = PLANE('',#7573);
#7573 = AXIS2_PLACEMENT_3D('',#7574,#7575,#7576);
#7574 = CARTESIAN_POINT('',(17.5,0.15,1.7));
#7575 = DIRECTION('',(0.,-1.,0.));
#7576 = DIRECTION('',(0.,0.,-1.));
#7577 = ADVANCED_FACE('',(#7578),#7584,.T.);
#7578 = FACE_BOUND('',#7579,.T.);
#7579 = EDGE_LOOP('',(#7580,#7581,#7582,#7583));
#7580 = ORIENTED_EDGE('',*,*,#939,.F.);
#7581 = ORIENTED_EDGE('',*,*,#5070,.F.);
#7582 = ORIENTED_EDGE('',*,*,#2951,.T.);
#7583 = ORIENTED_EDGE('',*,*,#5148,.T.);
#7584 = PLANE('',#7585);
#7585 = AXIS2_PLACEMENT_3D('',#7586,#7587,#7588);
#7586 = CARTESIAN_POINT('',(19.,0.15,1.7));
#7587 = DIRECTION('',(0.,-1.,0.));
#7588 = DIRECTION('',(0.,0.,-1.));
#7589 = ADVANCED_FACE('',(#7590),#7596,.T.);
#7590 = FACE_BOUND('',#7591,.T.);
#7591 = EDGE_LOOP('',(#7592,#7593,#7594,#7595));
#7592 = ORIENTED_EDGE('',*,*,#971,.F.);
#7593 = ORIENTED_EDGE('',*,*,#5186,.F.);
#7594 = ORIENTED_EDGE('',*,*,#2887,.T.);
#7595 = ORIENTED_EDGE('',*,*,#5264,.T.);
#7596 = PLANE('',#7597);
#7597 = AXIS2_PLACEMENT_3D('',#7598,#7599,#7600);
#7598 = CARTESIAN_POINT('',(20.5,0.15,1.7));
#7599 = DIRECTION('',(0.,-1.,0.));
#7600 = DIRECTION('',(0.,0.,-1.));
#7601 = ADVANCED_FACE('',(#7602),#7608,.T.);
#7602 = FACE_BOUND('',#7603,.T.);
#7603 = EDGE_LOOP('',(#7604,#7605,#7606,#7607));
#7604 = ORIENTED_EDGE('',*,*,#1003,.F.);
#7605 = ORIENTED_EDGE('',*,*,#5302,.F.);
#7606 = ORIENTED_EDGE('',*,*,#2823,.T.);
#7607 = ORIENTED_EDGE('',*,*,#5380,.T.);
#7608 = PLANE('',#7609);
#7609 = AXIS2_PLACEMENT_3D('',#7610,#7611,#7612);
#7610 = CARTESIAN_POINT('',(22.,0.15,1.7));
#7611 = DIRECTION('',(0.,-1.,0.));
#7612 = DIRECTION('',(0.,0.,-1.));
#7613 = ADVANCED_FACE('',(#7614),#7620,.T.);
#7614 = FACE_BOUND('',#7615,.T.);
#7615 = EDGE_LOOP('',(#7616,#7617,#7618,#7619));
#7616 = ORIENTED_EDGE('',*,*,#1035,.F.);
#7617 = ORIENTED_EDGE('',*,*,#5418,.F.);
#7618 = ORIENTED_EDGE('',*,*,#2759,.T.);
#7619 = ORIENTED_EDGE('',*,*,#5496,.T.);
#7620 = PLANE('',#7621);
#7621 = AXIS2_PLACEMENT_3D('',#7622,#7623,#7624);
#7622 = CARTESIAN_POINT('',(23.5,0.15,1.7));
#7623 = DIRECTION('',(0.,-1.,0.));
#7624 = DIRECTION('',(0.,0.,-1.));
#7625 = ( GEOMETRIC_REPRESENTATION_CONTEXT(3) 
GLOBAL_UNCERTAINTY_ASSIGNED_CONTEXT((#7629)) 
GLOBAL_UNIT_ASSIGNED_CONTEXT((#7626,#7627,#7628)) REPRESENTATION_CONTEXT
('Context #1','3D Context with UNIT and UNCERTAINTY') );
#7626 = ( LENGTH_UNIT() NAMED_UNIT(*) SI_UNIT(.MILLI.,.METRE.) );
#7627 = ( NAMED_UNIT(*) PLANE_ANGLE_UNIT() SI_UNIT($,.RADIAN.) );
#7628 = ( NAMED_UNIT(*) SI_UNIT($,.STERADIAN.) SOLID_ANGLE_UNIT() );
#7629 = UNCERTAINTY_MEASURE_WITH_UNIT(LENGTH_MEASURE(1.E-07),#7626,
  'distance_accuracy_value','confusion accuracy');
#7630 = PRODUCT_RELATED_PRODUCT_CATEGORY('part',$,(#7));
#7631 = MECHANICAL_DESIGN_GEOMETRIC_PRESENTATION_REPRESENTATION('',(
    #7632,#7643,#7652,#7661,#7669,#7677,#7684,#7691,#7698,#7705,#7712,
    #7719,#7726,#7733,#7740,#7747,#7754,#7761,#7768,#7775,#7782,#7789,
    #7796,#7803,#7810,#7817,#7824,#7831,#7838,#7845,#7853,#7860,#7867,
    #7874,#7881,#7888,#7895,#7902,#7909,#7916,#7923,#7930,#7937,#7944,
    #7951,#7958,#7965,#7972,#7979),#7625);
#7632 = STYLED_ITEM('color',(#7633),#15);
#7633 = PRESENTATION_STYLE_ASSIGNMENT((#7634,#7640));
#7634 = SURFACE_STYLE_USAGE(.BOTH.,#7635);
#7635 = SURFACE_SIDE_STYLE('',(#7636));
#7636 = SURFACE_STYLE_FILL_AREA(#7637);
#7637 = FILL_AREA_STYLE('',(#7638));
#7638 = FILL_AREA_STYLE_COLOUR('',#7639);
#7639 = COLOUR_RGB('',0.823999987314,0.819999987296,0.781000009244);
#7640 = CURVE_STYLE('',#7641,POSITIVE_LENGTH_MEASURE(0.1),#7642);
#7641 = DRAUGHTING_PRE_DEFINED_CURVE_FONT('continuous');
#7642 = COLOUR_RGB('',9.803921802644E-02,9.803921802644E-02,
  9.803921802644E-02);
#7643 = STYLED_ITEM('color',(#7644),#165);
#7644 = PRESENTATION_STYLE_ASSIGNMENT((#7645,#7650));
#7645 = SURFACE_STYLE_USAGE(.BOTH.,#7646);
#7646 = SURFACE_SIDE_STYLE('',(#7647));
#7647 = SURFACE_STYLE_FILL_AREA(#7648);
#7648 = FILL_AREA_STYLE('',(#7649));
#7649 = FILL_AREA_STYLE_COLOUR('',#7639);
#7650 = CURVE_STYLE('',#7651,POSITIVE_LENGTH_MEASURE(0.1),#7642);
#7651 = DRAUGHTING_PRE_DEFINED_CURVE_FONT('continuous');
#7652 = STYLED_ITEM('color',(#7653),#315);
#7653 = PRESENTATION_STYLE_ASSIGNMENT((#7654,#7659));
#7654 = SURFACE_STYLE_USAGE(.BOTH.,#7655);
#7655 = SURFACE_SIDE_STYLE('',(#7656));
#7656 = SURFACE_STYLE_FILL_AREA(#7657);
#7657 = FILL_AREA_STYLE('',(#7658));
#7658 = FILL_AREA_STYLE_COLOUR('',#7639);
#7659 = CURVE_STYLE('',#7660,POSITIVE_LENGTH_MEASURE(0.1),#7642);
#7660 = DRAUGHTING_PRE_DEFINED_CURVE_FONT('continuous');
#7661 = OVER_RIDING_STYLED_ITEM('overriding color',(#7662),#525,#7652);
#7662 = PRESENTATION_STYLE_ASSIGNMENT((#7663));
#7663 = SURFACE_STYLE_USAGE(.BOTH.,#7664);
#7664 = SURFACE_SIDE_STYLE('',(#7665));
#7665 = SURFACE_STYLE_FILL_AREA(#7666);
#7666 = FILL_AREA_STYLE('',(#7667));
#7667 = FILL_AREA_STYLE_COLOUR('',#7668);
#7668 = COLOUR_RGB('',0.147999998088,0.144999993226,0.144999993226);
#7669 = OVER_RIDING_STYLED_ITEM('overriding color',(#7670),#1125,#7652);
#7670 = PRESENTATION_STYLE_ASSIGNMENT((#7671));
#7671 = SURFACE_STYLE_USAGE(.BOTH.,#7672);
#7672 = SURFACE_SIDE_STYLE('',(#7673));
#7673 = SURFACE_STYLE_FILL_AREA(#7674);
#7674 = FILL_AREA_STYLE('',(#7675));
#7675 = FILL_AREA_STYLE_COLOUR('',#7676);
#7676 = COLOUR_RGB('',0.894999966383,0.890999961016,0.813000030345);
#7677 = OVER_RIDING_STYLED_ITEM('overriding color',(#7678),#1172,#7652);
#7678 = PRESENTATION_STYLE_ASSIGNMENT((#7679));
#7679 = SURFACE_STYLE_USAGE(.BOTH.,#7680);
#7680 = SURFACE_SIDE_STYLE('',(#7681));
#7681 = SURFACE_STYLE_FILL_AREA(#7682);
#7682 = FILL_AREA_STYLE('',(#7683));
#7683 = FILL_AREA_STYLE_COLOUR('',#7676);
#7684 = OVER_RIDING_STYLED_ITEM('overriding color',(#7685),#1212,#7652);
#7685 = PRESENTATION_STYLE_ASSIGNMENT((#7686));
#7686 = SURFACE_STYLE_USAGE(.BOTH.,#7687);
#7687 = SURFACE_SIDE_STYLE('',(#7688));
#7688 = SURFACE_STYLE_FILL_AREA(#7689);
#7689 = FILL_AREA_STYLE('',(#7690));
#7690 = FILL_AREA_STYLE_COLOUR('',#7676);
#7691 = OVER_RIDING_STYLED_ITEM('overriding color',(#7692),#1243,#7652);
#7692 = PRESENTATION_STYLE_ASSIGNMENT((#7693));
#7693 = SURFACE_STYLE_USAGE(.BOTH.,#7694);
#7694 = SURFACE_SIDE_STYLE('',(#7695));
#7695 = SURFACE_STYLE_FILL_AREA(#7696);
#7696 = FILL_AREA_STYLE('',(#7697));
#7697 = FILL_AREA_STYLE_COLOUR('',#7676);
#7698 = OVER_RIDING_STYLED_ITEM('overriding color',(#7699),#1274,#7652);
#7699 = PRESENTATION_STYLE_ASSIGNMENT((#7700));
#7700 = SURFACE_STYLE_USAGE(.BOTH.,#7701);
#7701 = SURFACE_SIDE_STYLE('',(#7702));
#7702 = SURFACE_STYLE_FILL_AREA(#7703);
#7703 = FILL_AREA_STYLE('',(#7704));
#7704 = FILL_AREA_STYLE_COLOUR('',#7676);
#7705 = OVER_RIDING_STYLED_ITEM('overriding color',(#7706),#1321,#7652);
#7706 = PRESENTATION_STYLE_ASSIGNMENT((#7707));
#7707 = SURFACE_STYLE_USAGE(.BOTH.,#7708);
#7708 = SURFACE_SIDE_STYLE('',(#7709));
#7709 = SURFACE_STYLE_FILL_AREA(#7710);
#7710 = FILL_AREA_STYLE('',(#7711));
#7711 = FILL_AREA_STYLE_COLOUR('',#7676);
#7712 = OVER_RIDING_STYLED_ITEM('overriding color',(#7713),#1361,#7652);
#7713 = PRESENTATION_STYLE_ASSIGNMENT((#7714));
#7714 = SURFACE_STYLE_USAGE(.BOTH.,#7715);
#7715 = SURFACE_SIDE_STYLE('',(#7716));
#7716 = SURFACE_STYLE_FILL_AREA(#7717);
#7717 = FILL_AREA_STYLE('',(#7718));
#7718 = FILL_AREA_STYLE_COLOUR('',#7676);
#7719 = OVER_RIDING_STYLED_ITEM('overriding color',(#7720),#1572,#7652);
#7720 = PRESENTATION_STYLE_ASSIGNMENT((#7721));
#7721 = SURFACE_STYLE_USAGE(.BOTH.,#7722);
#7722 = SURFACE_SIDE_STYLE('',(#7723));
#7723 = SURFACE_STYLE_FILL_AREA(#7724);
#7724 = FILL_AREA_STYLE('',(#7725));
#7725 = FILL_AREA_STYLE_COLOUR('',#7676);
#7726 = OVER_RIDING_STYLED_ITEM('overriding color',(#7727),#1603,#7652);
#7727 = PRESENTATION_STYLE_ASSIGNMENT((#7728));
#7728 = SURFACE_STYLE_USAGE(.BOTH.,#7729);
#7729 = SURFACE_SIDE_STYLE('',(#7730));
#7730 = SURFACE_STYLE_FILL_AREA(#7731);
#7731 = FILL_AREA_STYLE('',(#7732));
#7732 = FILL_AREA_STYLE_COLOUR('',#7676);
#7733 = OVER_RIDING_STYLED_ITEM('overriding color',(#7734),#1657,#7652);
#7734 = PRESENTATION_STYLE_ASSIGNMENT((#7735));
#7735 = SURFACE_STYLE_USAGE(.BOTH.,#7736);
#7736 = SURFACE_SIDE_STYLE('',(#7737));
#7737 = SURFACE_STYLE_FILL_AREA(#7738);
#7738 = FILL_AREA_STYLE('',(#7739));
#7739 = FILL_AREA_STYLE_COLOUR('',#7676);
#7740 = OVER_RIDING_STYLED_ITEM('overriding color',(#7741),#1681,#7652);
#7741 = PRESENTATION_STYLE_ASSIGNMENT((#7742));
#7742 = SURFACE_STYLE_USAGE(.BOTH.,#7743);
#7743 = SURFACE_SIDE_STYLE('',(#7744));
#7744 = SURFACE_STYLE_FILL_AREA(#7745);
#7745 = FILL_AREA_STYLE('',(#7746));
#7746 = FILL_AREA_STYLE_COLOUR('',#7676);
#7747 = OVER_RIDING_STYLED_ITEM('overriding color',(#7748),#1721,#7652);
#7748 = PRESENTATION_STYLE_ASSIGNMENT((#7749));
#7749 = SURFACE_STYLE_USAGE(.BOTH.,#7750);
#7750 = SURFACE_SIDE_STYLE('',(#7751));
#7751 = SURFACE_STYLE_FILL_AREA(#7752);
#7752 = FILL_AREA_STYLE('',(#7753));
#7753 = FILL_AREA_STYLE_COLOUR('',#7676);
#7754 = OVER_RIDING_STYLED_ITEM('overriding color',(#7755),#1745,#7652);
#7755 = PRESENTATION_STYLE_ASSIGNMENT((#7756));
#7756 = SURFACE_STYLE_USAGE(.BOTH.,#7757);
#7757 = SURFACE_SIDE_STYLE('',(#7758));
#7758 = SURFACE_STYLE_FILL_AREA(#7759);
#7759 = FILL_AREA_STYLE('',(#7760));
#7760 = FILL_AREA_STYLE_COLOUR('',#7676);
#7761 = OVER_RIDING_STYLED_ITEM('overriding color',(#7762),#1768,#7652);
#7762 = PRESENTATION_STYLE_ASSIGNMENT((#7763));
#7763 = SURFACE_STYLE_USAGE(.BOTH.,#7764);
#7764 = SURFACE_SIDE_STYLE('',(#7765));
#7765 = SURFACE_STYLE_FILL_AREA(#7766);
#7766 = FILL_AREA_STYLE('',(#7767));
#7767 = FILL_AREA_STYLE_COLOUR('',#7676);
#7768 = OVER_RIDING_STYLED_ITEM('overriding color',(#7769),#1792,#7652);
#7769 = PRESENTATION_STYLE_ASSIGNMENT((#7770));
#7770 = SURFACE_STYLE_USAGE(.BOTH.,#7771);
#7771 = SURFACE_SIDE_STYLE('',(#7772));
#7772 = SURFACE_STYLE_FILL_AREA(#7773);
#7773 = FILL_AREA_STYLE('',(#7774));
#7774 = FILL_AREA_STYLE_COLOUR('',#7676);
#7775 = OVER_RIDING_STYLED_ITEM('overriding color',(#7776),#1824,#7652);
#7776 = PRESENTATION_STYLE_ASSIGNMENT((#7777));
#7777 = SURFACE_STYLE_USAGE(.BOTH.,#7778);
#7778 = SURFACE_SIDE_STYLE('',(#7779));
#7779 = SURFACE_STYLE_FILL_AREA(#7780);
#7780 = FILL_AREA_STYLE('',(#7781));
#7781 = FILL_AREA_STYLE_COLOUR('',#7676);
#7782 = OVER_RIDING_STYLED_ITEM('overriding color',(#7783),#1838,#7652);
#7783 = PRESENTATION_STYLE_ASSIGNMENT((#7784));
#7784 = SURFACE_STYLE_USAGE(.BOTH.,#7785);
#7785 = SURFACE_SIDE_STYLE('',(#7786));
#7786 = SURFACE_STYLE_FILL_AREA(#7787);
#7787 = FILL_AREA_STYLE('',(#7788));
#7788 = FILL_AREA_STYLE_COLOUR('',#7676);
#7789 = OVER_RIDING_STYLED_ITEM('overriding color',(#7790),#1861,#7652);
#7790 = PRESENTATION_STYLE_ASSIGNMENT((#7791));
#7791 = SURFACE_STYLE_USAGE(.BOTH.,#7792);
#7792 = SURFACE_SIDE_STYLE('',(#7793));
#7793 = SURFACE_STYLE_FILL_AREA(#7794);
#7794 = FILL_AREA_STYLE('',(#7795));
#7795 = FILL_AREA_STYLE_COLOUR('',#7676);
#7796 = OVER_RIDING_STYLED_ITEM('overriding color',(#7797),#1884,#7652);
#7797 = PRESENTATION_STYLE_ASSIGNMENT((#7798));
#7798 = SURFACE_STYLE_USAGE(.BOTH.,#7799);
#7799 = SURFACE_SIDE_STYLE('',(#7800));
#7800 = SURFACE_STYLE_FILL_AREA(#7801);
#7801 = FILL_AREA_STYLE('',(#7802));
#7802 = FILL_AREA_STYLE_COLOUR('',#7676);
#7803 = OVER_RIDING_STYLED_ITEM('overriding color',(#7804),#1900,#7652);
#7804 = PRESENTATION_STYLE_ASSIGNMENT((#7805));
#7805 = SURFACE_STYLE_USAGE(.BOTH.,#7806);
#7806 = SURFACE_SIDE_STYLE('',(#7807));
#7807 = SURFACE_STYLE_FILL_AREA(#7808);
#7808 = FILL_AREA_STYLE('',(#7809));
#7809 = FILL_AREA_STYLE_COLOUR('',#7676);
#7810 = OVER_RIDING_STYLED_ITEM('overriding color',(#7811),#1939,#7652);
#7811 = PRESENTATION_STYLE_ASSIGNMENT((#7812));
#7812 = SURFACE_STYLE_USAGE(.BOTH.,#7813);
#7813 = SURFACE_SIDE_STYLE('',(#7814));
#7814 = SURFACE_STYLE_FILL_AREA(#7815);
#7815 = FILL_AREA_STYLE('',(#7816));
#7816 = FILL_AREA_STYLE_COLOUR('',#7676);
#7817 = OVER_RIDING_STYLED_ITEM('overriding color',(#7818),#1979,#7652);
#7818 = PRESENTATION_STYLE_ASSIGNMENT((#7819));
#7819 = SURFACE_STYLE_USAGE(.BOTH.,#7820);
#7820 = SURFACE_SIDE_STYLE('',(#7821));
#7821 = SURFACE_STYLE_FILL_AREA(#7822);
#7822 = FILL_AREA_STYLE('',(#7823));
#7823 = FILL_AREA_STYLE_COLOUR('',#7676);
#7824 = OVER_RIDING_STYLED_ITEM('overriding color',(#7825),#2321,#7652);
#7825 = PRESENTATION_STYLE_ASSIGNMENT((#7826));
#7826 = SURFACE_STYLE_USAGE(.BOTH.,#7827);
#7827 = SURFACE_SIDE_STYLE('',(#7828));
#7828 = SURFACE_STYLE_FILL_AREA(#7829);
#7829 = FILL_AREA_STYLE('',(#7830));
#7830 = FILL_AREA_STYLE_COLOUR('',#7668);
#7831 = OVER_RIDING_STYLED_ITEM('overriding color',(#7832),#2338,#7652);
#7832 = PRESENTATION_STYLE_ASSIGNMENT((#7833));
#7833 = SURFACE_STYLE_USAGE(.BOTH.,#7834);
#7834 = SURFACE_SIDE_STYLE('',(#7835));
#7835 = SURFACE_STYLE_FILL_AREA(#7836);
#7836 = FILL_AREA_STYLE('',(#7837));
#7837 = FILL_AREA_STYLE_COLOUR('',#7668);
#7838 = OVER_RIDING_STYLED_ITEM('overriding color',(#7839),#2355,#7652);
#7839 = PRESENTATION_STYLE_ASSIGNMENT((#7840));
#7840 = SURFACE_STYLE_USAGE(.BOTH.,#7841);
#7841 = SURFACE_SIDE_STYLE('',(#7842));
#7842 = SURFACE_STYLE_FILL_AREA(#7843);
#7843 = FILL_AREA_STYLE('',(#7844));
#7844 = FILL_AREA_STYLE_COLOUR('',#7668);
#7845 = OVER_RIDING_STYLED_ITEM('overriding color',(#7846),#2518,#7652);
#7846 = PRESENTATION_STYLE_ASSIGNMENT((#7847));
#7847 = SURFACE_STYLE_USAGE(.BOTH.,#7848);
#7848 = SURFACE_SIDE_STYLE('',(#7849));
#7849 = SURFACE_STYLE_FILL_AREA(#7850);
#7850 = FILL_AREA_STYLE('',(#7851));
#7851 = FILL_AREA_STYLE_COLOUR('',#7852);
#7852 = COLOUR_RGB('',0.,0.631244006163,0.748016017657);
#7853 = OVER_RIDING_STYLED_ITEM('overriding color',(#7854),#2577,#7652);
#7854 = PRESENTATION_STYLE_ASSIGNMENT((#7855));
#7855 = SURFACE_STYLE_USAGE(.BOTH.,#7856);
#7856 = SURFACE_SIDE_STYLE('',(#7857));
#7857 = SURFACE_STYLE_FILL_AREA(#7858);
#7858 = FILL_AREA_STYLE('',(#7859));
#7859 = FILL_AREA_STYLE_COLOUR('',#7668);
#7860 = OVER_RIDING_STYLED_ITEM('overriding color',(#7861),#7409,#7652);
#7861 = PRESENTATION_STYLE_ASSIGNMENT((#7862));
#7862 = SURFACE_STYLE_USAGE(.BOTH.,#7863);
#7863 = SURFACE_SIDE_STYLE('',(#7864));
#7864 = SURFACE_STYLE_FILL_AREA(#7865);
#7865 = FILL_AREA_STYLE('',(#7866));
#7866 = FILL_AREA_STYLE_COLOUR('',#7668);
#7867 = OVER_RIDING_STYLED_ITEM('overriding color',(#7868),#7421,#7652);
#7868 = PRESENTATION_STYLE_ASSIGNMENT((#7869));
#7869 = SURFACE_STYLE_USAGE(.BOTH.,#7870);
#7870 = SURFACE_SIDE_STYLE('',(#7871));
#7871 = SURFACE_STYLE_FILL_AREA(#7872);
#7872 = FILL_AREA_STYLE('',(#7873));
#7873 = FILL_AREA_STYLE_COLOUR('',#7668);
#7874 = OVER_RIDING_STYLED_ITEM('overriding color',(#7875),#7433,#7652);
#7875 = PRESENTATION_STYLE_ASSIGNMENT((#7876));
#7876 = SURFACE_STYLE_USAGE(.BOTH.,#7877);
#7877 = SURFACE_SIDE_STYLE('',(#7878));
#7878 = SURFACE_STYLE_FILL_AREA(#7879);
#7879 = FILL_AREA_STYLE('',(#7880));
#7880 = FILL_AREA_STYLE_COLOUR('',#7668);
#7881 = OVER_RIDING_STYLED_ITEM('overriding color',(#7882),#7445,#7652);
#7882 = PRESENTATION_STYLE_ASSIGNMENT((#7883));
#7883 = SURFACE_STYLE_USAGE(.BOTH.,#7884);
#7884 = SURFACE_SIDE_STYLE('',(#7885));
#7885 = SURFACE_STYLE_FILL_AREA(#7886);
#7886 = FILL_AREA_STYLE('',(#7887));
#7887 = FILL_AREA_STYLE_COLOUR('',#7668);
#7888 = OVER_RIDING_STYLED_ITEM('overriding color',(#7889),#7457,#7652);
#7889 = PRESENTATION_STYLE_ASSIGNMENT((#7890));
#7890 = SURFACE_STYLE_USAGE(.BOTH.,#7891);
#7891 = SURFACE_SIDE_STYLE('',(#7892));
#7892 = SURFACE_STYLE_FILL_AREA(#7893);
#7893 = FILL_AREA_STYLE('',(#7894));
#7894 = FILL_AREA_STYLE_COLOUR('',#7668);
#7895 = OVER_RIDING_STYLED_ITEM('overriding color',(#7896),#7469,#7652);
#7896 = PRESENTATION_STYLE_ASSIGNMENT((#7897));
#7897 = SURFACE_STYLE_USAGE(.BOTH.,#7898);
#7898 = SURFACE_SIDE_STYLE('',(#7899));
#7899 = SURFACE_STYLE_FILL_AREA(#7900);
#7900 = FILL_AREA_STYLE('',(#7901));
#7901 = FILL_AREA_STYLE_COLOUR('',#7668);
#7902 = OVER_RIDING_STYLED_ITEM('overriding color',(#7903),#7481,#7652);
#7903 = PRESENTATION_STYLE_ASSIGNMENT((#7904));
#7904 = SURFACE_STYLE_USAGE(.BOTH.,#7905);
#7905 = SURFACE_SIDE_STYLE('',(#7906));
#7906 = SURFACE_STYLE_FILL_AREA(#7907);
#7907 = FILL_AREA_STYLE('',(#7908));
#7908 = FILL_AREA_STYLE_COLOUR('',#7668);
#7909 = OVER_RIDING_STYLED_ITEM('overriding color',(#7910),#7493,#7652);
#7910 = PRESENTATION_STYLE_ASSIGNMENT((#7911));
#7911 = SURFACE_STYLE_USAGE(.BOTH.,#7912);
#7912 = SURFACE_SIDE_STYLE('',(#7913));
#7913 = SURFACE_STYLE_FILL_AREA(#7914);
#7914 = FILL_AREA_STYLE('',(#7915));
#7915 = FILL_AREA_STYLE_COLOUR('',#7668);
#7916 = OVER_RIDING_STYLED_ITEM('overriding color',(#7917),#7505,#7652);
#7917 = PRESENTATION_STYLE_ASSIGNMENT((#7918));
#7918 = SURFACE_STYLE_USAGE(.BOTH.,#7919);
#7919 = SURFACE_SIDE_STYLE('',(#7920));
#7920 = SURFACE_STYLE_FILL_AREA(#7921);
#7921 = FILL_AREA_STYLE('',(#7922));
#7922 = FILL_AREA_STYLE_COLOUR('',#7668);
#7923 = OVER_RIDING_STYLED_ITEM('overriding color',(#7924),#7517,#7652);
#7924 = PRESENTATION_STYLE_ASSIGNMENT((#7925));
#7925 = SURFACE_STYLE_USAGE(.BOTH.,#7926);
#7926 = SURFACE_SIDE_STYLE('',(#7927));
#7927 = SURFACE_STYLE_FILL_AREA(#7928);
#7928 = FILL_AREA_STYLE('',(#7929));
#7929 = FILL_AREA_STYLE_COLOUR('',#7668);
#7930 = OVER_RIDING_STYLED_ITEM('overriding color',(#7931),#7529,#7652);
#7931 = PRESENTATION_STYLE_ASSIGNMENT((#7932));
#7932 = SURFACE_STYLE_USAGE(.BOTH.,#7933);
#7933 = SURFACE_SIDE_STYLE('',(#7934));
#7934 = SURFACE_STYLE_FILL_AREA(#7935);
#7935 = FILL_AREA_STYLE('',(#7936));
#7936 = FILL_AREA_STYLE_COLOUR('',#7668);
#7937 = OVER_RIDING_STYLED_ITEM('overriding color',(#7938),#7541,#7652);
#7938 = PRESENTATION_STYLE_ASSIGNMENT((#7939));
#7939 = SURFACE_STYLE_USAGE(.BOTH.,#7940);
#7940 = SURFACE_SIDE_STYLE('',(#7941));
#7941 = SURFACE_STYLE_FILL_AREA(#7942);
#7942 = FILL_AREA_STYLE('',(#7943));
#7943 = FILL_AREA_STYLE_COLOUR('',#7668);
#7944 = OVER_RIDING_STYLED_ITEM('overriding color',(#7945),#7553,#7652);
#7945 = PRESENTATION_STYLE_ASSIGNMENT((#7946));
#7946 = SURFACE_STYLE_USAGE(.BOTH.,#7947);
#7947 = SURFACE_SIDE_STYLE('',(#7948));
#7948 = SURFACE_STYLE_FILL_AREA(#7949);
#7949 = FILL_AREA_STYLE('',(#7950));
#7950 = FILL_AREA_STYLE_COLOUR('',#7668);
#7951 = OVER_RIDING_STYLED_ITEM('overriding color',(#7952),#7565,#7652);
#7952 = PRESENTATION_STYLE_ASSIGNMENT((#7953));
#7953 = SURFACE_STYLE_USAGE(.BOTH.,#7954);
#7954 = SURFACE_SIDE_STYLE('',(#7955));
#7955 = SURFACE_STYLE_FILL_AREA(#7956);
#7956 = FILL_AREA_STYLE('',(#7957));
#7957 = FILL_AREA_STYLE_COLOUR('',#7668);
#7958 = OVER_RIDING_STYLED_ITEM('overriding color',(#7959),#7577,#7652);
#7959 = PRESENTATION_STYLE_ASSIGNMENT((#7960));
#7960 = SURFACE_STYLE_USAGE(.BOTH.,#7961);
#7961 = SURFACE_SIDE_STYLE('',(#7962));
#7962 = SURFACE_STYLE_FILL_AREA(#7963);
#7963 = FILL_AREA_STYLE('',(#7964));
#7964 = FILL_AREA_STYLE_COLOUR('',#7668);
#7965 = OVER_RIDING_STYLED_ITEM('overriding color',(#7966),#7589,#7652);
#7966 = PRESENTATION_STYLE_ASSIGNMENT((#7967));
#7967 = SURFACE_STYLE_USAGE(.BOTH.,#7968);
#7968 = SURFACE_SIDE_STYLE('',(#7969));
#7969 = SURFACE_STYLE_FILL_AREA(#7970);
#7970 = FILL_AREA_STYLE('',(#7971));
#7971 = FILL_AREA_STYLE_COLOUR('',#7668);
#7972 = OVER_RIDING_STYLED_ITEM('overriding color',(#7973),#7601,#7652);
#7973 = PRESENTATION_STYLE_ASSIGNMENT((#7974));
#7974 = SURFACE_STYLE_USAGE(.BOTH.,#7975);
#7975 = SURFACE_SIDE_STYLE('',(#7976));
#7976 = SURFACE_STYLE_FILL_AREA(#7977);
#7977 = FILL_AREA_STYLE('',(#7978));
#7978 = FILL_AREA_STYLE_COLOUR('',#7668);
#7979 = OVER_RIDING_STYLED_ITEM('overriding color',(#7980),#7613,#7652);
#7980 = PRESENTATION_STYLE_ASSIGNMENT((#7981));
#7981 = SURFACE_STYLE_USAGE(.BOTH.,#7982);
#7982 = SURFACE_SIDE_STYLE('',(#7983));
#7983 = SURFACE_STYLE_FILL_AREA(#7984);
#7984 = FILL_AREA_STYLE('',(#7985));
#7985 = FILL_AREA_STYLE_COLOUR('',#7668);
ENDSEC;
END-ISO-10303-21;
