#VRML V2.0 utf8
#kicad StepUp wrl exported

Shape {
    appearance Appearance {material DEF PIN-01 Material {
        ambientIntensity 0.271
        diffuseColor 0.824 0.820 0.781
        specularColor 0.328 0.258 0.172
        emissiveColor 0.0 0.0 0.0
        shininess 0.70
        transparency 0.0
        }
    }
}
Shape {
    appearance Appearance {material DEF MET-01 Material {
        ambientIntensity 0.249999
        diffuseColor 0.298 0.298 0.298
        specularColor 0.398 0.398 0.398
        emissiveColor 0.0 0.0 0.0
        shininess 0.056122
        transparency 0.0
        }
    }
}
Shape {
    appearance Appearance {material DEF PIN-02 Material {
        ambientIntensity 0.379
        diffuseColor 0.859 0.738 0.496
        specularColor 0.137 0.145 0.184
        emissiveColor 0.0 0.0 0.0
        shininess 0.40
        transparency 0.0
        }
    }
}
Shape {
    appearance Appearance {material DEF IC-BODY-EPOXY-04 Material {
        ambientIntensity 0.293
        diffuseColor 0.148 0.145 0.145
        specularColor 0.180 0.168 0.160
        emissiveColor 0.0 0.0 0.0
        shininess 0.35
        transparency 0.0
        }
    }
}
Shape {
    appearance Appearance {material DEF RES-SMD-01 Material {
        diffuseColor 0.082 0.086 0.094
        emissiveColor 0.000 0.000 0.000
        specularColor 0.066 0.063 0.063
        ambientIntensity 0.638
        transparency 0.0
        shininess 0.3
        }
    }
}
Shape {
    appearance Appearance {material DEF IC-BODY-EPOXY-01 Material {
        ambientIntensity 0.117
        diffuseColor 0.250 0.262 0.281
        specularColor 0.316 0.281 0.176
        emissiveColor 0.0 0.0 0.0
        shininess 0.25
        transparency 0.0
        }
    }
}
Shape {
    appearance Appearance {material DEF CAP-CERAMIC-05 Material {
        ambientIntensity 0.179
        diffuseColor 0.273 0.273 0.273
        specularColor 0.203 0.188 0.176
        emissiveColor 0.0 0.0 0.0
        shininess 0.15
        transparency 0.0
        }
    }
}
Shape {
    appearance Appearance {material DEF CAP-CERAMIC-06 Material {
        ambientIntensity 0.453
        diffuseColor 0.379 0.270 0.215
        specularColor 0.223 0.223 0.223
        emissiveColor 0.0 0.0 0.0
        shininess 0.15
        transparency 0.0
        }
    }
}
Shape {
    appearance Appearance {material DEF RES-THT-01 Material {
        ambientIntensity 0.149
        diffuseColor 0.883 0.711 0.492
        specularColor 0.043 0.121 0.281
        emissiveColor 0.0 0.0 0.0
        shininess 0.40
        transparency 0.0
        }
    }
}
Shape {
    appearance Appearance {material DEF PLASTIC-BLUE-01 Material {
        ambientIntensity 0.565
        diffuseColor 0.137 0.402 0.727
        specularColor 0.359 0.379 0.270
        emissiveColor 0.0 0.0 0.0
        shininess 0.25
        transparency 0.0
        }
    }
}
Shape {
    appearance Appearance {material DEF PLASTIC-GREEN-01 Material {
        ambientIntensity 0.315
        diffuseColor 0.340 0.680 0.445
        specularColor 0.176 0.105 0.195
        emissiveColor 0.0 0.0 0.0
        shininess 0.25
        transparency 0.0
        }
    }
}
Shape {
    appearance Appearance {material DEF PLASTIC-ORANGE-01 Material {
        ambientIntensity 0.284
        diffuseColor 0.809 0.426 0.148
        specularColor 0.039 0.102 0.145
        emissiveColor 0.0 0.0 0.0
        shininess 0.25
        transparency 0.0
        }
    }
}
Shape {
    appearance Appearance {material DEF RED-BODY Material {
        ambientIntensity 0.683
        diffuseColor 0.700 0.100 0.050
        emissiveColor 0.000 0.000 0.000
        specularColor 0.300 0.400 0.150
        shininess 0.25
        transparency 0.0
        }
    }
}
Shape {
    appearance Appearance {material DEF CAP-CERAMIC-02 Material {
        ambientIntensity 0.683
        diffuseColor 0.578 0.336 0.352
        specularColor 0.105 0.273 0.270
        emissiveColor 0.0 0.0 0.0
        shininess 0.25
        transparency 0.0
        }
    }
}
Shape {
    appearance Appearance {material DEF PLASTIC-YELLOW-01 Material {
        ambientIntensity 0.522
        diffuseColor 0.832 0.680 0.066
        specularColor 0.160 0.203 0.320
        emissiveColor 0.0 0.0 0.0
        shininess 0.25
        transparency 0.0
        }
    }
}
Shape {
    appearance Appearance {material DEF PLASTIC-WHITE-01 Material {
        ambientIntensity 0.494
        diffuseColor 0.895 0.891 0.813
        specularColor 0.047 0.055 0.109
        emissiveColor 0.0 0.0 0.0
        shininess 0.25
        transparency 0.0
        }
    }
}
Shape {
    appearance Appearance {material DEF IC-LABEL-01 Material {
        ambientIntensity 0.082
        diffuseColor 0.691 0.664 0.598
        specularColor 0.000 0.000 0.000
        emissiveColor 0.0 0.0 0.0
        shininess 0.01
        transparency 0.0
        }
    }
}
Shape {
    appearance Appearance {material DEF LED-RED Material {
        ambientIntensity 0.789
        diffuseColor 0.700 0.100 0.050
        emissiveColor 0.000 0.000 0.000
        specularColor 0.300 0.400 0.150
        shininess 0.125
        transparency 0.15
        }
    }
}
Shape {
    appearance Appearance {material DEF LED-GREEN Material {
        ambientIntensity 0.789
        diffuseColor 0.400 0.700 0.150
        emissiveColor 0.000 0.000 0.000
        specularColor 0.600 0.300 0.100
        shininess 0.05
        transparency 0.15
        }
    }
}
Shape {
    appearance Appearance {material DEF LED-BLUE Material {
        ambientIntensity 0.789
        diffuseColor 0.100 0.250 0.700
        emissiveColor 0.000 0.000 0.000
        specularColor 0.500 0.600 0.300
        shininess 0.125
        transparency 0.15
        }
    }
}
Shape {
    appearance Appearance {material DEF LED-YELLOW Material {
        ambientIntensity 0.522
        diffuseColor 0.98 0.840 0.066
        specularColor 0.160 0.203 0.320
        emissiveColor 0.0 0.0 0.0
        shininess 0.125
        transparency 0.15
        }
    }
}
Shape {
    appearance Appearance {material DEF LED-WHITE Material {
        ambientIntensity 0.494
        diffuseColor 0.895 0.891 0.813
        specularColor 0.047 0.055 0.109
        emissiveColor 0.0 0.0 0.0
        shininess 0.125
        transparency 0.15
        }
    }
}
Shape {
    appearance Appearance {material DEF LED-GREY Material {
        ambientIntensity 0.494
        diffuseColor 0.27 0.25 0.27
        specularColor 0.5 0.5 0.6
        emissiveColor 0.0 0.0 0.0
        shininess 0.35
        transparency 0.15
        }
    }
}
Shape {
    appearance Appearance {material DEF LED-BLACK Material {
        ambientIntensity 0.494
        diffuseColor 0.1 0.05 0.1
        specularColor 0.6 0.5 0.6
        emissiveColor 0.0 0.0 0.0
        shininess 0.5
        transparency 0.15
        }
    }
}
Shape {
    appearance Appearance {material DEF GLASS-19 Material {
        ambientIntensity 0.2018212
        diffuseColor 0.400769 0.441922 0.459091
        specularColor 0.573887 0.649271 0.810811
        emissiveColor 0.000000 0.000000 0.000000
        shininess 0.127273
        transparency 0.37
        }
    }
}
Shape {
    appearance Appearance {material DEF GLASS-29 Material {
        ambientIntensity 0.379
        diffuseColor 0.859 0.738 0.496
        specularColor 0.137 0.145 0.184
        emissiveColor 0.0 0.0 0.0
        shininess 0.40
        transparency 0.39
        }
    }
}
Shape {
    appearance Appearance {material DEF GLASS-13 Material {
        ambientIntensity 0.250000
        diffuseColor 0.000000 0.631244 0.748016
        specularColor 0.915152 0.915152 0.915152
        emissiveColor 0.000000 0.000000 0.000000
        shininess 0.642424
        transparency 0.39
        }
    }
}
Shape {
    appearance Appearance {material DEF GLASS-GREEN Material {
        ambientIntensity 0.250000
        diffuseColor 0.000000 0.75 0.44
        specularColor 0.915152 0.915152 0.915152
        emissiveColor 0.000000 0.000000 0.000000
        shininess 0.642424
        transparency 0.39
        }
    }
}
Shape {
    appearance Appearance {material DEF GLASS-ORANGE Material {
        ambientIntensity 0.250000
        diffuseColor 0.75 0.44 0.000000
        specularColor 0.915152 0.915152 0.915152
        emissiveColor 0.000000 0.000000 0.000000
        shininess 0.642424
        transparency 0.39
        }
    }
}
Shape {
    appearance Appearance {material DEF BOARD-GREEN-02 Material {
        ambientIntensity 1
        diffuseColor 0.07 0.3 0.12
        specularColor 0.07 0.3 0.12
        emissiveColor 0.0 0.0 0.0
        shininess 0.40
        transparency 0.0
        }
    }
}
Shape {
    appearance Appearance {material DEF BOARD-BLUE-01 Material {
        ambientIntensity 1
        diffuseColor 0.07 0.12 0.3
        specularColor 0.07 0.12 0.3
        emissiveColor 0.0 0.0 0.0
        shininess 0.40
        transparency 0.0
        }
    }
}
Shape {
    appearance Appearance {material DEF BOARD-BLACK-03 Material {
        ambientIntensity 1
        diffuseColor 0.16 0.16 0.16
        specularColor 0.16 0.16 0.16
        emissiveColor 0.0 0.0 0.0
        shininess 0.40
        transparency 0.0
        }
    }
}
Shape {
    appearance Appearance {material DEF MET-ALUMINUM Material {
        ambientIntensity 0.256000
        diffuseColor 0.372322 0.371574 0.373173
        specularColor 0.556122 0.554201 0.556122
        emissiveColor 0.0 0.0 0.0
        shininess 0.127551
        transparency 0.0
        }
    }
}
Shape {
    appearance Appearance {material DEF MET-BRONZE Material {
        ambientIntensity 0.022727
        diffuseColor 0.714 0.4284 0.18144
        specularColor 0.393548 0.271906 0.166721
        emissiveColor 0.000000 0.000000 0.000000
        shininess 0.2
        transparency 0.0
        }
    }
}
Shape {
    appearance Appearance {material DEF MET-SILVER Material {
        ambientIntensity 0.022727
        diffuseColor 0.50754 0.50754 0.50754
        specularColor 0.508273 0.508273 0.508273
        emissiveColor 0.000000 0.000000 0.000000
        shininess 0.4
        transparency 0.0
        }
    }
}
Shape {
    appearance Appearance {material DEF MET-COPPER Material {
        ambientIntensity 0.022727
        diffuseColor 0.7038 0.27048 0.0828
        specularColor 0.780612 0.37 0.000000
        emissiveColor 0.000000 0.000000 0.000000
        shininess 0.2
        transparency 0.0
        }
    }
}
Shape { geometry IndexedFaceSet 
{ creaseAngle 1.00 coordIndex [0,1,2,-1,3,1,0,-1]
coord Coordinate { point [11.2992 0.59055 -1.12204,11.7716 0.82677 -1.12204,11.7716 0.59055 -1.12204,11.2992 0.82677 -1.12204]
}}
appearance Appearance{material USE PIN-01 }}
Shape { geometry IndexedFaceSet 
{ creaseAngle 1.00 coordIndex [0,1,2,-1,2,1,3,-1]
coord Coordinate { point [11.7716 0.59055 0,11.2992 0.59055 0,11.7716 0.59055 -1.12204,11.2992 0.59055 -1.12204]
}}
appearance Appearance{material USE PIN-01 }}
Shape { geometry IndexedFaceSet 
{ creaseAngle 1.00 coordIndex [0,1,2,-1,2,1,3,-1]
coord Coordinate { point [11.7716 0.82677 -1.12204,11.7716 0.82677 0,11.7716 0.59055 -1.12204,11.7716 0.59055 0]
}}
appearance Appearance{material USE PIN-01 }}
Shape { geometry IndexedFaceSet 
{ creaseAngle 1.00 coordIndex [0,1,2,-1,2,1,3,-1]
coord Coordinate { point [11.2992 0.82677 0,11.7716 0.82677 0,11.2992 0.82677 -1.12204,11.7716 0.82677 -1.12204]
}}
appearance Appearance{material USE PIN-01 }}
Shape { geometry IndexedFaceSet 
{ creaseAngle 1.00 coordIndex [0,1,2,-1,3,1,0,-1]
coord Coordinate { point [11.2992 0.59055 0,11.2992 0.82677 -1.12204,11.2992 0.59055 -1.12204,11.2992 0.82677 0]
}}
appearance Appearance{material USE PIN-01 }}
Shape { geometry IndexedFaceSet 
{ creaseAngle 1.00 coordIndex [0,1,2,-1,0,3,1,-1]
coord Coordinate { point [11.7716 0.82677 0,11.2992 0.59055 0,11.7716 0.59055 0,11.2992 0.82677 0]
}}
appearance Appearance{material USE PIN-01 }}
Shape { geometry IndexedFaceSet 
{ creaseAngle 1.00 coordIndex [0,1,2,-1,0,3,1,-1]
coord Coordinate { point [-2.32283 0.82677 -1.12204,-1.85039 0.59055 -1.12204,-2.32283 0.59055 -1.12204,-1.85039 0.82677 -1.12204]
}}
appearance Appearance{material USE PIN-01 }}
Shape { geometry IndexedFaceSet 
{ creaseAngle 1.00 coordIndex [0,1,2,-1,2,1,3,-1]
coord Coordinate { point [-1.85039 0.82677 -1.12204,-1.85039 0.82677 0,-1.85039 0.59055 -1.12204,-1.85039 0.59055 0]
}}
appearance Appearance{material USE PIN-01 }}
Shape { geometry IndexedFaceSet 
{ creaseAngle 1.00 coordIndex [0,1,2,-1,3,1,0,-1]
coord Coordinate { point [-2.32283 0.82677 0,-1.85039 0.82677 -1.12204,-2.32283 0.82677 -1.12204,-1.85039 0.82677 0]
}}
appearance Appearance{material USE PIN-01 }}
Shape { geometry IndexedFaceSet 
{ creaseAngle 1.00 coordIndex [0,1,2,-1,3,1,0,-1]
coord Coordinate { point [-2.32283 0.59055 0,-2.32283 0.82677 -1.12204,-2.32283 0.59055 -1.12204,-2.32283 0.82677 0]
}}
appearance Appearance{material USE PIN-01 }}
Shape { geometry IndexedFaceSet 
{ creaseAngle 1.00 coordIndex [0,1,2,-1,2,1,3,-1]
coord Coordinate { point [-1.85039 0.59055 0,-2.32283 0.59055 0,-1.85039 0.59055 -1.12204,-2.32283 0.59055 -1.12204]
}}
appearance Appearance{material USE PIN-01 }}
Shape { geometry IndexedFaceSet 
{ creaseAngle 1.00 coordIndex [0,1,2,-1,3,1,0,-1]
coord Coordinate { point [-1.85039 0.59055 0,-2.32283 0.82677 0,-2.32283 0.59055 0,-1.85039 0.82677 0]
}}
appearance Appearance{material USE PIN-01 }}
Shape { geometry IndexedFaceSet 
{ creaseAngle 1.00 coordIndex [0,1,2,-1,0,3,1,-1,4,2,5,-1,4,0,2,-1,6,5,7,-1,6,4,5,-1,8,7,9,-1,8,6,7,-1,10,9,11,-1,10,8,9,-1,12,13,14,-1,12,11,13,-1,12,10,11,-1,15,12,14,-1,16,14,17,-1,16,15,14,-1,18,17,19,-1,18,16,17,-1,20,19,21,-1,20,18,19,-1,22,21,23,-1,22,20,21,-1,24,23,25,-1,24,22,23,-1,26,25,27,-1,26,24,25,-1,28,27,29,-1,28,26,27,-1]
coord Coordinate { point [12.7913 -0.0240124 0,12.7952 -0.059055 -0.35433,12.7913 -0.0240124 -0.35433,12.7952 -0.059055 0,12.7797 0.00927301 0,12.7797 0.00927301 -0.35433,12.7609 0.0391322 0,12.7609 0.0391322 -0.35433,12.736 0.0640678 0,12.736 0.0640678 -0.35433,12.7061 0.0828296 0,12.7061 0.0828296 -0.35433,12.6728 0.0944766 0,12.6728 0.0944766 -0.35433,12.6378 0.098425 -0.35433,12.6378 0.098425 0,12.6027 0.0944766 0,12.6027 0.0944766 -0.35433,12.5694 0.0828296 0,12.5694 0.0828296 -0.35433,12.5396 0.0640678 0,12.5396 0.0640678 -0.35433,12.5146 0.0391322 0,12.5146 0.0391322 -0.35433,12.4959 0.00927301 0,12.4959 0.00927301 -0.35433,12.4842 -0.0240124 0,12.4842 -0.0240124 -0.35433,12.4803 -0.059055 0,12.4803 -0.059055 -0.35433]
}}
appearance Appearance{material USE PIN-01 }}
Shape { geometry IndexedFaceSet 
{ creaseAngle 1.00 coordIndex [0,1,2,-1,0,3,1,-1,4,2,5,-1,4,0,2,-1,6,5,7,-1,6,4,5,-1,8,7,9,-1,8,6,7,-1,10,9,11,-1,10,8,9,-1,12,13,14,-1,12,11,13,-1,12,10,11,-1,15,12,14,-1,16,14,17,-1,16,15,14,-1,18,17,19,-1,18,16,17,-1,20,19,21,-1,20,18,19,-1,22,21,23,-1,22,20,21,-1,24,23,25,-1,24,22,23,-1,26,25,27,-1,26,24,25,-1,28,27,29,-1,28,26,27,-1]
coord Coordinate { point [-3.03544 -0.0240124 0,-3.03149 -0.059055 -0.35433,-3.03544 -0.0240124 -0.35433,-3.03149 -0.059055 0,-3.04709 0.00927301 0,-3.04709 0.00927301 -0.35433,-3.06585 0.0391322 0,-3.06585 0.0391322 -0.35433,-3.09078 0.0640678 0,-3.09078 0.0640678 -0.35433,-3.12064 0.0828296 0,-3.12064 0.0828296 -0.35433,-3.15393 0.0944766 0,-3.15393 0.0944766 -0.35433,-3.18897 0.098425 -0.35433,-3.18897 0.098425 0,-3.22401 0.0944766 0,-3.22401 0.0944766 -0.35433,-3.2573 0.0828296 0,-3.2573 0.0828296 -0.35433,-3.28716 0.0640678 0,-3.28716 0.0640678 -0.35433,-3.31209 0.0391322 0,-3.31209 0.0391322 -0.35433,-3.33085 0.00927301 0,-3.33085 0.00927301 -0.35433,-3.3425 -0.0240124 0,-3.3425 -0.0240124 -0.35433,-3.34645 -0.059055 0,-3.34645 -0.059055 -0.35433]
}}
appearance Appearance{material USE PIN-01 }}
Shape { geometry IndexedFaceSet 
{ creaseAngle 1.00 coordIndex [0,1,2,-1,0,3,1,-1,4,2,5,-1,4,0,2,-1,6,5,7,-1,6,4,5,-1,8,7,9,-1,8,6,7,-1,10,9,11,-1,10,8,9,-1,12,13,14,-1,12,11,13,-1,12,10,11,-1,15,12,14,-1,16,14,17,-1,16,15,14,-1,18,17,19,-1,18,16,17,-1,20,19,21,-1,20,18,19,-1,22,21,23,-1,22,20,21,-1,24,23,25,-1,24,22,23,-1,26,25,27,-1,26,24,25,-1,28,27,29,-1,28,26,27,-1]
coord Coordinate { point [-3.03544 9.07046 0,-3.03149 9.03541 -0.35433,-3.03544 9.07046 -0.35433,-3.03149 9.03541 0,-3.04709 9.10374 0,-3.04709 9.10374 -0.35433,-3.06585 9.1336 0,-3.06585 9.1336 -0.35433,-3.09078 9.15854 0,-3.09078 9.15854 -0.35433,-3.12064 9.1773 0,-3.12064 9.1773 -0.35433,-3.15393 9.18895 0,-3.15393 9.18895 -0.35433,-3.18897 9.1929 -0.35433,-3.18897 9.1929 0,-3.22401 9.18895 0,-3.22401 9.18895 -0.35433,-3.2573 9.1773 0,-3.2573 9.1773 -0.35433,-3.28716 9.15854 0,-3.28716 9.15854 -0.35433,-3.31209 9.1336 0,-3.31209 9.1336 -0.35433,-3.33085 9.10374 0,-3.33085 9.10374 -0.35433,-3.3425 9.07046 0,-3.3425 9.07046 -0.35433,-3.34645 9.03541 0,-3.34645 9.03541 -0.35433]
}}
appearance Appearance{material USE PIN-01 }}
Shape { geometry IndexedFaceSet 
{ creaseAngle 1.00 coordIndex [0,1,2,-1,0,3,1,-1,4,2,5,-1,4,0,2,-1,6,5,7,-1,6,4,5,-1,8,7,9,-1,8,6,7,-1,10,9,11,-1,10,8,9,-1,12,13,14,-1,12,11,13,-1,12,10,11,-1,15,12,14,-1,16,14,17,-1,16,15,14,-1,18,17,19,-1,18,16,17,-1,20,19,21,-1,20,18,19,-1,22,21,23,-1,22,20,21,-1,24,23,25,-1,24,22,23,-1,26,25,27,-1,26,24,25,-1,28,27,29,-1,28,26,27,-1]
coord Coordinate { point [12.7913 9.07046 0,12.7952 9.03541 -0.35433,12.7913 9.07046 -0.35433,12.7952 9.03541 0,12.7797 9.10374 0,12.7797 9.10374 -0.35433,12.7609 9.1336 0,12.7609 9.1336 -0.35433,12.736 9.15854 0,12.736 9.15854 -0.35433,12.7061 9.1773 0,12.7061 9.1773 -0.35433,12.6728 9.18895 0,12.6728 9.18895 -0.35433,12.6378 9.19289 -0.35433,12.6378 9.19289 0,12.6027 9.18895 0,12.6027 9.18895 -0.35433,12.5694 9.1773 0,12.5694 9.1773 -0.35433,12.5396 9.15854 0,12.5396 9.15854 -0.35433,12.5146 9.1336 0,12.5146 9.1336 -0.35433,12.4959 9.10374 0,12.4959 9.10374 -0.35433,12.4842 9.07046 0,12.4842 9.07046 -0.35433,12.4803 9.03541 0,12.4803 9.03541 -0.35433]
}}
appearance Appearance{material USE PIN-01 }}
Shape { geometry IndexedFaceSet 
{ creaseAngle 1.00 coordIndex [0,1,2,-1,2,1,3,-1]
coord Coordinate { point [10.9055 0.610235 0,10.9055 0.610235 0.66929,-1.45669 0.610235 0,-1.45669 0.610235 0.66929]
}}
appearance Appearance{material USE PIN-01 }}
Shape { geometry IndexedFaceSet 
{ creaseAngle 1.00 coordIndex [0,1,2,-1,3,2,4,-1,3,0,2,-1,5,6,7,-1,5,0,3,-1,8,5,7,-1,8,0,5,-1,9,10,11,-1,9,0,8,-1,12,0,9,-1,12,9,11,-1,13,0,12,-1,13,14,15,-1,16,0,13,-1,16,13,15,-1,17,0,16,-1,17,18,19,-1,20,17,19,-1,20,0,17,-1,21,22,23,-1,21,0,20,-1,24,21,23,-1,24,0,21,-1,25,26,27,-1,28,25,27,-1,29,30,31,-1,32,29,31,-1,33,34,35,-1,36,33,35,-1,37,38,39,-1,40,37,39,-1,41,42,43,-1,44,41,43,-1,45,46,47,-1,48,45,47,-1,49,50,51,-1,52,49,51,-1,53,54,55,-1,56,53,55,-1,57,58,59,-1,60,57,59,-1,61,62,63,-1,64,61,63,-1,65,66,67,-1,68,65,67,-1,69,70,71,-1,72,57,60,-1,72,61,64,-1,72,65,68,-1,72,70,69,-1,72,52,53,-1,72,56,57,-1,72,60,61,-1,72,64,65,-1,72,68,70,-1,72,69,73,-1,72,49,52,-1,72,53,56,-1,72,0,48,-1,48,0,45,-1,45,0,44,-1,44,0,41,-1,41,0,40,-1,40,0,37,-1,37,0,36,-1,36,0,33,-1,33,0,32,-1,32,0,29,-1,29,0,28,-1,28,0,25,-1,25,0,24,-1,72,48,49,-1]
coord Coordinate { point [-3.07086 2.69684 1.45669,-3.07086 0.059055 1.45669,-1.45669 0.059055 1.45669,-0.19685 0.610235 1.45669,-0.19685 0.059055 1.45669,0.19685 0.610235 1.45669,0.19685 0.059055 1.45669,0.3937 0.059055 1.45669,0.3937 0.610235 1.45669,0.7874 0.610235 1.45669,0.7874 0.059055 1.45669,0.98425 0.059055 1.45669,0.98425 0.610235 1.45669,1.37795 0.610235 1.45669,1.37795 0.059055 1.45669,1.5748 0.059055 1.45669,1.5748 0.610235 1.45669,1.9685 0.610235 1.45669,1.9685 0.059055 1.45669,2.16535 0.059055 1.45669,2.16535 0.610235 1.45669,2.55905 0.610235 1.45669,2.55905 0.059055 1.45669,2.7559 0.059055 1.45669,2.7559 0.610235 1.45669,3.1496 0.610235 1.45669,3.1496 0.059055 1.45669,3.34645 0.059055 1.45669,3.34645 0.610235 1.45669,3.74015 0.610235 1.45669,3.74015 0.059055 1.45669,3.937 0.059055 1.45669,3.937 0.610235 1.45669,4.3307 0.610235 1.45669,4.3307 0.059055 1.45669,4.52755 0.059055 1.45669,4.52755 0.610235 1.45669,4.92125 0.610235 1.45669,4.92125 0.059055 1.45669,5.1181 0.059055 1.45669,5.1181 0.610235 1.45669,5.5118 0.610235 1.45669,5.5118 0.059055 1.45669,5.70865 0.059055 1.45669,5.70865 0.610235 1.45669,6.10235 0.610235 1.45669,6.10235 0.059055 1.45669,6.2992 0.059055 1.45669,6.2992 0.610235 1.45669,6.6929 0.610235 1.45669,6.6929 0.059055 1.45669,6.88975 0.059055 1.45669,6.88975 0.610235 1.45669,7.28345 0.610235 1.45669,7.28345 0.059055 1.45669,7.4803 0.059055 1.45669,7.4803 0.610235 1.45669,7.874 0.610235 1.45669,7.874 0.059055 1.45669,8.07085 0.059055 1.45669,8.07085 0.610235 1.45669,8.46455 0.610235 1.45669,8.46455 0.059055 1.45669,8.6614 0.059055 1.45669,8.6614 0.610235 1.45669,9.0551 0.610235 1.45669,9.0551 0.059055 1.45669,9.25195 0.059055 1.45669,9.25195 0.610235 1.45669,10.9055 0.059055 1.45669,9.64565 0.610235 1.45669,9.64565 0.059055 1.45669,12.5197 2.69684 1.45669,12.5197 0.059055 1.45669]
}}
appearance Appearance{material USE IC-BODY-EPOXY-04 }}
Shape { geometry IndexedFaceSet 
{ creaseAngle 1.00 coordIndex [0,1,2,-1,2,1,3,-1,1,4,5,-1,0,4,1,-1]
coord Coordinate { point [12.5197 0.059055 1.5748,12.5197 2.69684 1.45708,12.5197 0.059055 1.45669,12.5197 2.69684 1.45669,12.5197 3.64173 1.5748,12.5197 3.64173 1.45708]
}}
appearance Appearance{material USE PLASTIC-WHITE-01 }}
Shape { geometry IndexedFaceSet 
{ creaseAngle 1.00 coordIndex [0,1,2,-1,3,1,0,-1]
coord Coordinate { point [-3.07086 7.89369 1.45708,-3.07086 8.9173 1.5748,-3.07086 7.89369 1.5748,-3.07086 8.9173 1.45708]
}}
appearance Appearance{material USE PLASTIC-WHITE-01 }}
Shape { geometry IndexedFaceSet 
{ creaseAngle 1.00 coordIndex [0,1,2,-1,1,3,2,-1]
coord Coordinate { point [-3.07086 8.9173 1.45708,12.5197 8.9173 1.45708,-3.07086 8.9173 1.5748,12.5197 8.9173 1.5748]
}}
appearance Appearance{material USE PLASTIC-WHITE-01 }}
Shape { geometry IndexedFaceSet 
{ creaseAngle 1.00 coordIndex [0,1,2,-1,2,1,3,-1]
coord Coordinate { point [12.5197 8.9173 1.5748,12.5197 8.9173 1.45708,12.5197 7.89369 1.5748,12.5197 7.89369 1.45708]
}}
appearance Appearance{material USE PLASTIC-WHITE-01 }}
Shape { geometry IndexedFaceSet 
{ creaseAngle 1.00 coordIndex [0,1,2,-1,2,1,3,-1,4,5,1,-1,5,3,1,-1]
coord Coordinate { point [-3.07086 2.69684 1.45669,-3.07086 2.69684 1.45708,-3.07086 0.059055 1.45669,-3.07086 0.059055 1.5748,-3.07086 3.64173 1.45708,-3.07086 3.64173 1.5748]
}}
appearance Appearance{material USE PLASTIC-WHITE-01 }}
Shape { geometry IndexedFaceSet 
{ creaseAngle 1.00 coordIndex [0,1,2,-1,3,0,2,-1]
coord Coordinate { point [-3.42519 7.89369 0.66929,-3.42519 3.64173 0.66929,-3.07086 3.64173 0.66929,-3.07086 7.89369 0.66929]
}}
appearance Appearance{material USE PLASTIC-WHITE-01 }}
Shape { geometry IndexedFaceSet 
{ creaseAngle 1.00 coordIndex [0,1,2,-1,0,2,3,-1]
coord Coordinate { point [12.874 7.89369 0.66929,12.5197 7.89369 0.66929,12.5197 3.64173 0.66929,12.874 3.64173 0.66929]
}}
appearance Appearance{material USE PLASTIC-WHITE-01 }}
Shape { geometry IndexedFaceSet 
{ creaseAngle 1.00 coordIndex [0,1,2,-1,1,3,2,-1,2,4,0,-1,3,5,2,-1,2,6,4,-1,2,7,6,-1,5,8,2,-1,8,9,2,-1,2,10,7,-1,11,12,13,-1,13,12,14,-1,14,12,15,-1,15,12,16,-1,16,12,17,-1,17,12,18,-1,18,12,19,-1,9,20,2,-1,19,20,21,-1,21,20,22,-1,22,20,23,-1,23,20,24,-1,24,20,9,-1,12,20,19,-1,25,26,27,-1,27,26,28,-1,28,26,29,-1,29,26,11,-1,11,26,12,-1,12,30,20,-1,31,32,30,-1,30,32,20,-1,33,34,35,-1,35,34,25,-1,25,34,26,-1,34,36,26,-1,35,37,33,-1,38,37,35,-1,36,39,26,-1,38,40,37,-1,10,40,38,-1,39,41,26,-1,26,42,31,-1,41,42,26,-1,42,43,31,-1,43,44,31,-1,10,45,40,-1,2,45,10,-1,46,45,47,-1,47,45,48,-1,48,45,49,-1,40,45,46,-1,45,50,49,-1,44,51,31,-1,45,52,50,-1,51,53,31,-1,31,53,32,-1,45,54,52,-1,45,55,54,-1,45,56,55,-1,57,58,59,-1,57,60,58,-1,61,62,59,-1,62,63,59,-1,59,64,61,-1,58,65,59,-1,63,66,59,-1,59,67,64,-1,65,67,59,-1,65,68,67,-1,65,69,68,-1,65,70,69,-1,65,71,70,-1,72,73,74,-1,74,73,75,-1,75,73,76,-1,76,73,66,-1,66,73,59,-1,72,77,73,-1,65,78,71,-1,65,79,78,-1,77,80,73,-1,65,81,79,-1,80,82,73,-1,65,83,81,-1,83,84,81,-1,82,85,73,-1,83,86,84,-1,85,87,73,-1,83,88,86,-1,83,89,88,-1,60,90,91,-1,91,92,60,-1,32,93,57,-1,57,93,60,-1,60,93,90,-1,53,93,32,-1,53,94,93,-1,95,94,96,-1,96,94,53,-1,60,97,83,-1,92,97,60,-1,95,98,94,-1,97,99,83,-1,95,100,98,-1,101,100,102,-1,102,100,95,-1,99,103,83,-1,101,104,100,-1,103,105,83,-1,101,106,104,-1,107,106,101,-1,83,108,89,-1,89,108,109,-1,105,108,83,-1,108,110,109,-1,110,111,109,-1,109,111,112,-1,112,111,87,-1,111,113,87,-1,114,115,116,-1,116,115,117,-1,117,115,118,-1,118,115,119,-1,87,115,73,-1,119,115,120,-1,120,115,121,-1,121,115,122,-1,122,115,123,-1,123,115,113,-1,113,115,87,-1,45,115,56,-1,56,115,124,-1,124,115,125,-1,125,115,107,-1,107,115,114,-1,107,114,126,-1,107,126,127,-1,107,127,106,-1]
coord Coordinate { point [-3.31209 -0.157242 0,-3.28716 -0.182178 0,-3.42519 -0.295275 0,-3.2573 -0.20094 0,-3.33085 -0.127383 0,-3.22401 -0.212587 0,-3.3425 -0.0940976 0,-3.34645 -0.059055 0,-3.18897 -0.216535 0,-3.15393 -0.212587 0,-3.3425 -0.0240124 0,-3.15393 0.0944766 0,-2.38189 0.55118 0,-3.12064 0.0828296 0,-3.09078 0.0640678 0,-3.06585 0.0391322 0,-3.04709 0.00927301 0,-3.03544 -0.0240124 0,-3.03149 -0.059055 0,-3.03544 -0.0940976 0,-1.45669 -0.295275 0,-3.04709 -0.127383 0,-3.06585 -0.157242 0,-3.09078 -0.182178 0,-3.12064 -0.20094 0,-3.28716 0.0640678 0,-2.38189 0.90551 0,-3.2573 0.0828296 0,-3.22401 0.0944766 0,-3.18897 0.098425 0,-1.79133 0.55118 0,-1.79133 0.90551 0,-1.45669 0.610235 0,-3.31209 8.93723 0,-3.28716 8.91229 0,-3.31209 0.0391322 0,-3.2573 8.89353 0,-3.33085 8.96709 0,-3.33085 0.00927301 0,-3.22401 8.88188 0,-3.3425 9.00037 0,-3.18897 8.87793 0,-3.15393 8.88188 0,-3.12064 8.89353 0,-3.09078 8.91229 0,-3.42519 9.27163 0,-3.34645 9.03541 0,-3.3425 9.07046 0,-3.33085 9.10374 0,-3.31209 9.1336 0,-3.28716 9.15854 0,-3.06585 8.93723 0,-3.2573 9.1773 0,-3.04709 8.96709 0,-3.22401 9.18895 0,-3.18897 9.1929 0,-3.15393 9.18895 0,10.9055 0.610235 0,11.2401 0.55118 0,10.9055 -0.295275 0,11.2401 0.90551 0,12.5146 -0.157242 0,12.5396 -0.182178 0,12.5694 -0.20094 0,12.4959 -0.127383 0,11.8307 0.55118 0,12.6027 -0.212587 0,12.4842 -0.0940976 0,12.4803 -0.059055 0,12.4842 -0.0240124 0,12.4959 0.00927301 0,12.5146 0.0391322 0,12.736 -0.182178 0,12.874 -0.295275 0,12.7061 -0.20094 0,12.6728 -0.212587 0,12.6378 -0.216535 0,12.7609 -0.157242 0,12.5396 0.0640678 0,12.5694 0.0828296 0,12.7797 -0.127383 0,12.6027 0.0944766 0,12.7913 -0.0940976 0,11.8307 0.90551 0,12.6378 0.098425 0,12.7952 -0.059055 0,12.6728 0.0944766 0,12.7913 -0.0240124 0,12.7061 0.0828296 0,12.736 0.0640678 0,12.5146 8.93723 0,12.5396 8.91229 0,12.5694 8.89353 0,12.4959 8.96709 0,12.4842 9.00037 0,-3.03149 9.03541 0,-3.03544 9.00037 0,12.6027 8.88188 0,12.4803 9.03541 0,12.6378 8.87793 0,12.4842 9.07046 0,-3.04709 9.10374 0,-3.03544 9.07046 0,12.6728 8.88188 0,12.4959 9.10374 0,12.7061 8.89353 0,12.5146 9.1336 0,-3.06585 9.1336 0,12.736 8.91229 0,12.7609 0.0391322 0,12.7609 8.93723 0,12.7797 8.96709 0,12.7797 0.00927301 0,12.7913 9.00037 0,12.6027 9.18895 0,12.874 9.27163 0,12.6378 9.19289 0,12.6728 9.18895 0,12.7061 9.1773 0,12.736 9.15854 0,12.7609 9.1336 0,12.7797 9.10374 0,12.7913 9.07046 0,12.7952 9.03541 0,-3.12064 9.1773 0,-3.09078 9.15854 0,12.5694 9.1773 0,12.5396 9.15854 0]
}}
appearance Appearance{material USE PIN-01 }}
Shape { geometry IndexedFaceSet 
{ creaseAngle 1.00 coordIndex [0,1,2,-1,3,1,0,-1]
coord Coordinate { point [-3.42519 -0.295275 0,-1.45669 -0.295275 1.5748,-3.42519 -0.295275 1.5748,-1.45669 -0.295275 0]
}}
appearance Appearance{material USE PLASTIC-WHITE-01 }}
Shape { geometry IndexedFaceSet 
{ creaseAngle 1.00 coordIndex [0,1,2,-1,1,3,2,-1,1,4,5,-1,5,6,7,-1,4,6,5,-1,0,4,1,-1]
coord Coordinate { point [12.874 -0.295275 0,12.874 3.64173 0.66929,12.874 -0.295275 1.5748,12.874 3.64173 1.5748,12.874 9.27163 0,12.874 7.89369 0.66929,12.874 9.27163 1.5748,12.874 7.89369 1.5748]
}}
appearance Appearance{material USE PLASTIC-WHITE-01 }}
Shape { geometry IndexedFaceSet 
{ creaseAngle 1.00 coordIndex [0,1,2,-1,1,3,2,-1]
coord Coordinate { point [-3.42519 9.27163 1.5748,12.874 9.27163 1.5748,-3.42519 9.27163 0,12.874 9.27163 0]
}}
appearance Appearance{material USE PLASTIC-WHITE-01 }}
Shape { geometry IndexedFaceSet 
{ creaseAngle 1.00 coordIndex [0,1,2,-1,2,1,3,-1,4,5,6,-1,6,7,1,-1,5,7,6,-1,7,3,1,-1]
coord Coordinate { point [-3.42519 3.64173 1.5748,-3.42519 3.64173 0.66929,-3.42519 -0.295275 1.5748,-3.42519 -0.295275 0,-3.42519 7.89369 1.5748,-3.42519 9.27163 1.5748,-3.42519 7.89369 0.66929,-3.42519 9.27163 0]
}}
appearance Appearance{material USE PLASTIC-WHITE-01 }}
Shape { geometry IndexedFaceSet 
{ creaseAngle 1.00 coordIndex [0,1,2,-1,2,1,3,-1]
coord Coordinate { point [12.874 -0.295275 0,12.874 -0.295275 1.5748,10.9055 -0.295275 0,10.9055 -0.295275 1.5748]
}}
appearance Appearance{material USE PLASTIC-WHITE-01 }}
Shape { geometry IndexedFaceSet 
{ creaseAngle 1.00 coordIndex [0,1,2,-1,2,3,4,-1,1,3,2,-1]
coord Coordinate { point [12.5197 3.64173 1.5748,12.874 3.64173 1.5748,12.5197 3.64173 1.45708,12.874 3.64173 0.66929,12.5197 3.64173 0.66929]
}}
appearance Appearance{material USE PLASTIC-WHITE-01 }}
Shape { geometry IndexedFaceSet 
{ creaseAngle 1.00 coordIndex [0,1,2,-1,2,1,3,-1]
coord Coordinate { point [12.5197 0.059055 1.5748,12.5197 0.059055 1.45669,10.9055 0.059055 1.5748,10.9055 0.059055 1.45669]
}}
appearance Appearance{material USE PLASTIC-WHITE-01 }}
Shape { geometry IndexedFaceSet 
{ creaseAngle 1.00 coordIndex [0,1,2,-1,1,3,2,-1,3,4,2,-1,5,6,3,-1,3,6,4,-1]
coord Coordinate { point [10.9055 0.059055 1.5748,10.9055 0.059055 1.45669,10.9055 -0.295275 1.5748,10.9055 0.059055 0.66929,10.9055 -0.295275 0,10.9055 0.610235 0.66929,10.9055 0.610235 0]
}}
appearance Appearance{material USE PLASTIC-WHITE-01 }}
Shape { geometry IndexedFaceSet 
{ creaseAngle 1.00 coordIndex [0,1,2,-1,0,3,1,-1,4,5,0,-1,4,0,2,-1]
coord Coordinate { point [12.5197 0.059055 1.5748,10.9055 -0.295275 1.5748,12.874 -0.295275 1.5748,10.9055 0.059055 1.5748,12.874 3.64173 1.5748,12.5197 3.64173 1.5748]
}}
appearance Appearance{material USE PLASTIC-WHITE-01 }}
Shape { geometry IndexedFaceSet 
{ creaseAngle 1.00 coordIndex [0,1,2,-1,3,1,0,-1,1,4,2,-1]
coord Coordinate { point [-3.42519 7.89369 0.66929,-3.07086 7.89369 1.45708,-3.42519 7.89369 1.5748,-3.07086 7.89369 0.66929,-3.07086 7.89369 1.5748]
}}
appearance Appearance{material USE PLASTIC-WHITE-01 }}
Shape { geometry IndexedFaceSet 
{ creaseAngle 1.00 coordIndex [0,1,2,-1,1,3,4,-1,0,3,1,-1]
coord Coordinate { point [12.874 7.89369 0.66929,12.5197 7.89369 1.45708,12.5197 7.89369 0.66929,12.874 7.89369 1.5748,12.5197 7.89369 1.5748]
}}
appearance Appearance{material USE PLASTIC-WHITE-01 }}
Shape { geometry IndexedFaceSet 
{ creaseAngle 1.00 coordIndex [0,1,2,-1,3,1,0,-1,4,5,6,-1,7,4,6,-1,7,3,0,-1,7,0,4,-1]
coord Coordinate { point [-3.07086 8.9173 1.5748,-3.42519 7.89369 1.5748,-3.07086 7.89369 1.5748,-3.42519 9.27163 1.5748,12.5197 8.9173 1.5748,12.5197 7.89369 1.5748,12.874 7.89369 1.5748,12.874 9.27163 1.5748]
}}
appearance Appearance{material USE PLASTIC-WHITE-01 }}
Shape { geometry IndexedFaceSet 
{ creaseAngle 1.00 coordIndex [0,1,2,-1,0,3,1,-1,1,4,2,-1,1,5,4,-1,5,6,4,-1]
coord Coordinate { point [-1.45669 0.610235 0,-1.45669 0.059055 0.66929,-1.45669 -0.295275 0,-1.45669 0.610235 0.66929,-1.45669 -0.295275 1.5748,-1.45669 0.059055 1.45669,-1.45669 0.059055 1.5748]
}}
appearance Appearance{material USE PLASTIC-WHITE-01 }}
Shape { geometry IndexedFaceSet 
{ creaseAngle 1.00 coordIndex [0,1,2,-1,2,1,3,-1]
coord Coordinate { point [-1.45669 0.059055 1.5748,-1.45669 0.059055 1.45669,-3.07086 0.059055 1.5748,-3.07086 0.059055 1.45669]
}}
appearance Appearance{material USE PLASTIC-WHITE-01 }}
Shape { geometry IndexedFaceSet 
{ creaseAngle 1.00 coordIndex [0,1,2,-1,1,3,2,-1,1,4,3,-1]
coord Coordinate { point [-3.07086 3.64173 1.5748,-3.07086 3.64173 1.45708,-3.42519 3.64173 1.5748,-3.42519 3.64173 0.66929,-3.07086 3.64173 0.66929]
}}
appearance Appearance{material USE PIN-01 }}
Shape { geometry IndexedFaceSet 
{ creaseAngle 1.00 coordIndex [0,1,2,-1,3,1,0,-1,4,2,1,-1,5,4,1,-1]
coord Coordinate { point [-1.45669 -0.295275 1.5748,-3.07086 0.059055 1.5748,-3.42519 -0.295275 1.5748,-1.45669 0.059055 1.5748,-3.42519 3.64173 1.5748,-3.07086 3.64173 1.5748]
}}
appearance Appearance{material USE PLASTIC-WHITE-01 }}
Shape { geometry IndexedFaceSet 
{ creaseAngle 1.00 coordIndex [0,1,2,-1,0,2,3,-1,4,3,5,-1,4,0,3,-1,6,5,7,-1,6,4,5,-1,8,7,9,-1,8,6,7,-1,10,9,11,-1,10,8,9,-1,12,13,14,-1,12,11,13,-1,12,10,11,-1,15,12,14,-1,16,14,17,-1,16,15,14,-1,18,17,19,-1,18,16,17,-1,20,19,21,-1,20,18,19,-1,22,21,23,-1,22,20,21,-1,24,23,25,-1,24,22,23,-1,26,25,27,-1,26,24,25,-1,28,27,29,-1,28,26,27,-1]
coord Coordinate { point [12.4842 9.00037 0,12.4803 9.03541 0,12.4803 9.03541 -0.35433,12.4842 9.00037 -0.35433,12.4959 8.96709 0,12.4959 8.96709 -0.35433,12.5146 8.93723 0,12.5146 8.93723 -0.35433,12.5396 8.91229 0,12.5396 8.91229 -0.35433,12.5694 8.89353 0,12.5694 8.89353 -0.35433,12.6027 8.88188 0,12.6027 8.88188 -0.35433,12.6378 8.87793 -0.35433,12.6378 8.87793 0,12.6728 8.88188 0,12.6728 8.88188 -0.35433,12.7061 8.89353 0,12.7061 8.89353 -0.35433,12.736 8.91229 0,12.736 8.91229 -0.35433,12.7609 8.93723 0,12.7609 8.93723 -0.35433,12.7797 8.96709 0,12.7797 8.96709 -0.35433,12.7913 9.00037 0,12.7913 9.00037 -0.35433,12.7952 9.03541 0,12.7952 9.03541 -0.35433]
}}
appearance Appearance{material USE PIN-01 }}
Shape { geometry IndexedFaceSet 
{ creaseAngle 1.00 coordIndex [0,1,2,-1,0,2,3,-1,0,3,4,-1,0,4,5,-1,0,5,6,-1,0,6,7,-1,0,7,8,-1,0,8,9,-1,0,9,10,-1,11,12,13,-1,11,13,14,-1,11,14,1,-1,11,0,15,-1,11,1,0,-1,16,11,17,-1,18,19,20,-1,18,20,21,-1,18,21,22,-1,18,22,23,-1,18,23,24,-1,18,24,25,-1,18,25,26,-1,18,26,27,-1,18,27,12,-1,18,12,11,-1,18,11,16,-1]
coord Coordinate { point [12.4842 9.00037 -0.35433,12.7609 8.93723 -0.35433,12.736 8.91229 -0.35433,12.7061 8.89353 -0.35433,12.6728 8.88188 -0.35433,12.6378 8.87793 -0.35433,12.6027 8.88188 -0.35433,12.5694 8.89353 -0.35433,12.5396 8.91229 -0.35433,12.5146 8.93723 -0.35433,12.4959 8.96709 -0.35433,12.4842 9.07046 -0.35433,12.7952 9.03541 -0.35433,12.7913 9.00037 -0.35433,12.7797 8.96709 -0.35433,12.4803 9.03541 -0.35433,12.5146 9.1336 -0.35433,12.4959 9.10374 -0.35433,12.5396 9.15854 -0.35433,12.5694 9.1773 -0.35433,12.6027 9.18895 -0.35433,12.6378 9.19289 -0.35433,12.6728 9.18895 -0.35433,12.7061 9.1773 -0.35433,12.736 9.15854 -0.35433,12.7609 9.1336 -0.35433,12.7797 9.10374 -0.35433,12.7913 9.07046 -0.35433]
}}
appearance Appearance{material USE PIN-01 }}
Shape { geometry IndexedFaceSet 
{ creaseAngle 1.00 coordIndex [0,1,2,-1,0,2,3,-1,4,3,5,-1,4,0,3,-1,6,5,7,-1,6,4,5,-1,8,7,9,-1,8,6,7,-1,10,9,11,-1,10,8,9,-1,12,13,14,-1,12,11,13,-1,12,10,11,-1,15,12,14,-1,16,14,17,-1,16,15,14,-1,18,17,19,-1,18,16,17,-1,20,19,21,-1,20,18,19,-1,22,21,23,-1,22,20,21,-1,24,23,25,-1,24,22,23,-1,26,25,27,-1,26,24,25,-1,28,27,29,-1,28,26,27,-1]
coord Coordinate { point [-3.3425 9.00037 0,-3.34645 9.03541 0,-3.34645 9.03541 -0.35433,-3.3425 9.00037 -0.35433,-3.33085 8.96709 0,-3.33085 8.96709 -0.35433,-3.31209 8.93723 0,-3.31209 8.93723 -0.35433,-3.28716 8.91229 0,-3.28716 8.91229 -0.35433,-3.2573 8.89353 0,-3.2573 8.89353 -0.35433,-3.22401 8.88188 0,-3.22401 8.88188 -0.35433,-3.18897 8.87793 -0.35433,-3.18897 8.87793 0,-3.15393 8.88188 0,-3.15393 8.88188 -0.35433,-3.12064 8.89353 0,-3.12064 8.89353 -0.35433,-3.09078 8.91229 0,-3.09078 8.91229 -0.35433,-3.06585 8.93723 0,-3.06585 8.93723 -0.35433,-3.04709 8.96709 0,-3.04709 8.96709 -0.35433,-3.03544 9.00037 0,-3.03544 9.00037 -0.35433,-3.03149 9.03541 0,-3.03149 9.03541 -0.35433]
}}
appearance Appearance{material USE PIN-01 }}
Shape { geometry IndexedFaceSet 
{ creaseAngle 1.00 coordIndex [0,1,2,-1,3,4,5,-1,6,7,8,-1,9,10,11,-1,12,10,9,-1,13,10,12,-1,14,10,13,-1,15,10,14,-1,16,10,15,-1,17,10,16,-1,8,10,17,-1,1,10,3,-1,18,10,0,-1,19,10,18,-1,20,10,19,-1,21,10,20,-1,22,10,21,-1,23,10,22,-1,24,10,23,-1,25,10,24,-1,26,10,25,-1,27,10,26,-1,11,10,27,-1,0,10,1,-1,3,10,4,-1,7,10,8,-1]
coord Coordinate { point [-3.06585 8.93723 -0.35433,-3.03544 9.00037 -0.35433,-3.04709 8.96709 -0.35433,-3.03149 9.03541 -0.35433,-3.04709 9.10374 -0.35433,-3.03544 9.07046 -0.35433,-3.12064 9.1773 -0.35433,-3.09078 9.15854 -0.35433,-3.15393 9.18895 -0.35433,-3.3425 9.07046 -0.35433,-3.06585 9.1336 -0.35433,-3.34645 9.03541 -0.35433,-3.33085 9.10374 -0.35433,-3.31209 9.1336 -0.35433,-3.28716 9.15854 -0.35433,-3.2573 9.1773 -0.35433,-3.22401 9.18895 -0.35433,-3.18897 9.1929 -0.35433,-3.09078 8.91229 -0.35433,-3.12064 8.89353 -0.35433,-3.15393 8.88188 -0.35433,-3.18897 8.87793 -0.35433,-3.22401 8.88188 -0.35433,-3.2573 8.89353 -0.35433,-3.28716 8.91229 -0.35433,-3.31209 8.93723 -0.35433,-3.33085 8.96709 -0.35433,-3.3425 9.00037 -0.35433]
}}
appearance Appearance{material USE PIN-01 }}
Shape { geometry IndexedFaceSet 
{ creaseAngle 1.00 coordIndex [0,1,2,-1,0,2,3,-1,4,3,5,-1,4,0,3,-1,6,5,7,-1,6,4,5,-1,8,7,9,-1,8,6,7,-1,10,9,11,-1,10,8,9,-1,12,13,14,-1,12,11,13,-1,12,10,11,-1,15,12,14,-1,16,14,17,-1,16,15,14,-1,18,17,19,-1,18,16,17,-1,20,19,21,-1,20,18,19,-1,22,21,23,-1,22,20,21,-1,24,23,25,-1,24,22,23,-1,26,25,27,-1,26,24,25,-1,28,27,29,-1,28,26,27,-1]
coord Coordinate { point [-3.3425 -0.0940976 0,-3.34645 -0.059055 0,-3.34645 -0.059055 -0.35433,-3.3425 -0.0940976 -0.35433,-3.33085 -0.127383 0,-3.33085 -0.127383 -0.35433,-3.31209 -0.157242 0,-3.31209 -0.157242 -0.35433,-3.28716 -0.182178 0,-3.28716 -0.182178 -0.35433,-3.2573 -0.20094 0,-3.2573 -0.20094 -0.35433,-3.22401 -0.212587 0,-3.22401 -0.212587 -0.35433,-3.18897 -0.216535 -0.35433,-3.18897 -0.216535 0,-3.15393 -0.212587 0,-3.15393 -0.212587 -0.35433,-3.12064 -0.20094 0,-3.12064 -0.20094 -0.35433,-3.09078 -0.182178 0,-3.09078 -0.182178 -0.35433,-3.06585 -0.157242 0,-3.06585 -0.157242 -0.35433,-3.04709 -0.127383 0,-3.04709 -0.127383 -0.35433,-3.03544 -0.0940976 0,-3.03544 -0.0940976 -0.35433,-3.03149 -0.059055 0,-3.03149 -0.059055 -0.35433]
}}
appearance Appearance{material USE PIN-01 }}
Shape { geometry IndexedFaceSet 
{ creaseAngle 1.00 coordIndex [0,1,2,-1,3,0,4,-1,5,0,3,-1,6,7,8,-1,9,10,11,-1,9,11,12,-1,9,12,13,-1,9,13,14,-1,9,14,15,-1,9,15,16,-1,9,16,17,-1,9,17,18,-1,9,18,1,-1,9,5,7,-1,9,19,20,-1,9,20,21,-1,9,21,22,-1,9,22,23,-1,9,23,24,-1,9,24,25,-1,9,25,26,-1,9,26,27,-1,9,27,10,-1,9,1,0,-1,9,7,6,-1,9,0,5,-1]
coord Coordinate { point [-3.31209 -0.157242 -0.35433,-3.2573 -0.20094 -0.35433,-3.28716 -0.182178 -0.35433,-3.3425 -0.0940976 -0.35433,-3.33085 -0.127383 -0.35433,-3.34645 -0.059055 -0.35433,-3.31209 0.0391322 -0.35433,-3.3425 -0.0240124 -0.35433,-3.33085 0.00927301 -0.35433,-3.28716 0.0640678 -0.35433,-3.03149 -0.059055 -0.35433,-3.03544 -0.0940976 -0.35433,-3.04709 -0.127383 -0.35433,-3.06585 -0.157242 -0.35433,-3.09078 -0.182178 -0.35433,-3.12064 -0.20094 -0.35433,-3.15393 -0.212587 -0.35433,-3.18897 -0.216535 -0.35433,-3.22401 -0.212587 -0.35433,-3.2573 0.0828296 -0.35433,-3.22401 0.0944766 -0.35433,-3.18897 0.098425 -0.35433,-3.15393 0.0944766 -0.35433,-3.12064 0.0828296 -0.35433,-3.09078 0.0640678 -0.35433,-3.06585 0.0391322 -0.35433,-3.04709 0.00927301 -0.35433,-3.03544 -0.0240124 -0.35433]
}}
appearance Appearance{material USE PIN-01 }}
Shape { geometry IndexedFaceSet 
{ creaseAngle 1.00 coordIndex [0,1,2,-1,0,2,3,-1,4,3,5,-1,4,0,3,-1,6,5,7,-1,6,4,5,-1,8,7,9,-1,8,6,7,-1,10,9,11,-1,10,8,9,-1,12,13,14,-1,12,11,13,-1,12,10,11,-1,15,12,14,-1,16,14,17,-1,16,15,14,-1,18,17,19,-1,18,16,17,-1,20,19,21,-1,20,18,19,-1,22,21,23,-1,22,20,21,-1,24,23,25,-1,24,22,23,-1,26,25,27,-1,26,24,25,-1,28,27,29,-1,28,26,27,-1]
coord Coordinate { point [12.4842 -0.0940976 0,12.4803 -0.059055 0,12.4803 -0.059055 -0.35433,12.4842 -0.0940976 -0.35433,12.4959 -0.127383 0,12.4959 -0.127383 -0.35433,12.5146 -0.157242 0,12.5146 -0.157242 -0.35433,12.5396 -0.182178 0,12.5396 -0.182178 -0.35433,12.5694 -0.20094 0,12.5694 -0.20094 -0.35433,12.6027 -0.212587 0,12.6027 -0.212587 -0.35433,12.6378 -0.216535 -0.35433,12.6378 -0.216535 0,12.6728 -0.212587 0,12.6728 -0.212587 -0.35433,12.7061 -0.20094 0,12.7061 -0.20094 -0.35433,12.736 -0.182178 0,12.736 -0.182178 -0.35433,12.7609 -0.157242 0,12.7609 -0.157242 -0.35433,12.7797 -0.127383 0,12.7797 -0.127383 -0.35433,12.7913 -0.0940976 0,12.7913 -0.0940976 -0.35433,12.7952 -0.059055 0,12.7952 -0.059055 -0.35433]
}}
appearance Appearance{material USE PIN-01 }}
Shape { geometry IndexedFaceSet 
{ creaseAngle 1.00 coordIndex [0,1,2,-1,3,4,5,-1,6,7,8,-1,9,10,11,-1,12,10,9,-1,13,10,12,-1,14,10,13,-1,15,10,14,-1,16,10,15,-1,17,10,16,-1,8,10,17,-1,1,10,3,-1,18,10,0,-1,19,10,18,-1,20,10,19,-1,21,10,20,-1,22,10,21,-1,23,10,22,-1,24,10,23,-1,25,10,24,-1,26,10,25,-1,27,10,26,-1,11,10,27,-1,0,10,1,-1,3,10,4,-1,7,10,8,-1]
coord Coordinate { point [12.7609 -0.157242 -0.35433,12.7913 -0.0940976 -0.35433,12.7797 -0.127383 -0.35433,12.7952 -0.059055 -0.35433,12.7797 0.00927301 -0.35433,12.7913 -0.0240124 -0.35433,12.7061 0.0828296 -0.35433,12.736 0.0640678 -0.35433,12.6728 0.0944766 -0.35433,12.4842 -0.0240124 -0.35433,12.7609 0.0391322 -0.35433,12.4803 -0.059055 -0.35433,12.4959 0.00927301 -0.35433,12.5146 0.0391322 -0.35433,12.5396 0.0640678 -0.35433,12.5694 0.0828296 -0.35433,12.6027 0.0944766 -0.35433,12.6378 0.098425 -0.35433,12.736 -0.182178 -0.35433,12.7061 -0.20094 -0.35433,12.6728 -0.212587 -0.35433,12.6378 -0.216535 -0.35433,12.6027 -0.212587 -0.35433,12.5694 -0.20094 -0.35433,12.5396 -0.182178 -0.35433,12.5146 -0.157242 -0.35433,12.4959 -0.127383 -0.35433,12.4842 -0.0940976 -0.35433]
}}
appearance Appearance{material USE PIN-01 }}
Shape { geometry IndexedFaceSet 
{ creaseAngle 1.00 coordIndex [0,1,2,-1,3,1,0,-1]
coord Coordinate { point [-2.38189 0.55118 0,-2.38189 0.90551 0.098425,-2.38189 0.55118 0.098425,-2.38189 0.90551 0]
}}
appearance Appearance{material USE PIN-01 }}
Shape { geometry IndexedFaceSet 
{ creaseAngle 1.00 coordIndex [0,1,2,-1,2,1,3,-1]
coord Coordinate { point [-1.79133 0.55118 0.098425,-1.79133 0.55118 0,-2.38189 0.55118 0.098425,-2.38189 0.55118 0]
}}
appearance Appearance{material USE PIN-01 }}
Shape { geometry IndexedFaceSet 
{ creaseAngle 1.00 coordIndex [0,1,2,-1,2,1,3,-1]
coord Coordinate { point [-1.79133 0.90551 0.098425,-1.79133 0.90551 0,-1.79133 0.55118 0.098425,-1.79133 0.55118 0]
}}
appearance Appearance{material USE PIN-01 }}
Shape { geometry IndexedFaceSet 
{ creaseAngle 1.00 coordIndex [0,1,2,-1,3,1,0,-1]
coord Coordinate { point [-2.38189 0.90551 0,-1.79133 0.90551 0.098425,-2.38189 0.90551 0.098425,-1.79133 0.90551 0]
}}
appearance Appearance{material USE PIN-01 }}
Shape { geometry IndexedFaceSet 
{ creaseAngle 1.00 coordIndex [0,1,2,-1,3,1,0,-1]
coord Coordinate { point [-2.38189 0.55118 0.098425,-1.79133 0.90551 0.098425,-1.79133 0.55118 0.098425,-2.38189 0.90551 0.098425]
}}
appearance Appearance{material USE PIN-01 }}
Shape { geometry IndexedFaceSet 
{ creaseAngle 1.00 coordIndex [0,1,2,-1,2,1,3,-1]
coord Coordinate { point [11.2401 0.55118 0.098425,11.8307 0.55118 0.098425,11.2401 0.55118 0,11.8307 0.55118 0]
}}
appearance Appearance{material USE PIN-01 }}
Shape { geometry IndexedFaceSet 
{ creaseAngle 1.00 coordIndex [0,1,2,-1,2,1,3,-1]
coord Coordinate { point [11.8307 0.90551 0.098425,11.8307 0.90551 0,11.8307 0.55118 0.098425,11.8307 0.55118 0]
}}
appearance Appearance{material USE PIN-01 }}
Shape { geometry IndexedFaceSet 
{ creaseAngle 1.00 coordIndex [0,1,2,-1,3,1,0,-1]
coord Coordinate { point [11.2401 0.90551 0,11.8307 0.90551 0.098425,11.2401 0.90551 0.098425,11.8307 0.90551 0]
}}
appearance Appearance{material USE PIN-01 }}
Shape { geometry IndexedFaceSet 
{ creaseAngle 1.00 coordIndex [0,1,2,-1,3,1,0,-1]
coord Coordinate { point [11.2401 0.55118 0,11.2401 0.90551 0.098425,11.2401 0.55118 0.098425,11.2401 0.90551 0]
}}
appearance Appearance{material USE PIN-01 }}
Shape { geometry IndexedFaceSet 
{ creaseAngle 1.00 coordIndex [0,1,2,-1,3,1,0,-1]
coord Coordinate { point [11.2401 0.55118 0.098425,11.8307 0.90551 0.098425,11.8307 0.55118 0.098425,11.2401 0.90551 0.098425]
}}
appearance Appearance{material USE PIN-01 }}
Shape { geometry IndexedFaceSet 
{ creaseAngle 1.00 coordIndex [0,1,2,-1,2,1,3,-1]
coord Coordinate { point [12.5197 7.89369 0.66929,12.5197 7.89369 1.45708,12.5197 3.64173 0.66929,12.5197 3.64173 1.45708]
}}
appearance Appearance{material USE IC-BODY-EPOXY-04 }}
Shape { geometry IndexedFaceSet 
{ creaseAngle 1.00 coordIndex [0,1,2,-1,2,1,3,-1]
coord Coordinate { point [-3.07086 7.89369 1.45708,-3.07086 7.89369 0.66929,-3.07086 3.64173 1.45708,-3.07086 3.64173 0.66929]
}}
appearance Appearance{material USE IC-BODY-EPOXY-04 }}
Shape { geometry IndexedFaceSet 
{ creaseAngle 1.00 coordIndex [0,1,2,-1,3,4,5,-1,2,6,0,-1,2,7,6,-1,7,8,6,-1,9,10,11,-1,4,10,9,-1,4,9,5,-1,7,9,8,-1,8,9,11,-1,5,2,1,-1,5,1,3,-1]
coord Coordinate { point [12.5197 2.69684 1.45708,12.5197 3.64173 1.45708,12.3228 2.89369 1.45708,12.5197 7.89369 1.45708,12.5197 8.9173 1.45708,12.3228 8.72045 1.45708,-3.07086 2.69684 1.45708,-2.87401 2.8937 1.45708,-3.07086 3.64173 1.45708,-2.87401 8.72045 1.45708,-3.07086 8.9173 1.45708,-3.07086 7.89369 1.45708]
}}
appearance Appearance{material USE IC-BODY-EPOXY-04 }}
Shape { geometry IndexedFaceSet 
{ creaseAngle 1.00 coordIndex [0,1,2,-1,3,1,0,-1]
coord Coordinate { point [-3.07086 2.69684 1.45669,12.5197 2.69684 1.45708,-3.07086 2.69684 1.45708,12.5197 2.69684 1.45669]
}}
appearance Appearance{material USE PIN-01 }}
Shape { geometry IndexedFaceSet 
{ creaseAngle 1.00 coordIndex [0,1,2,-1,0,3,1,-1]
coord Coordinate { point [12.3228 2.89369 1.45708,12.3228 8.72045 1.45669,12.3228 2.89369 1.45669,12.3228 8.72045 1.45708]
}}
appearance Appearance{material USE PIN-01 }}
Shape { geometry IndexedFaceSet 
{ creaseAngle 1.00 coordIndex [0,1,2,-1,0,2,3,-1]
coord Coordinate { point [12.3228 8.72045 1.45669,12.3228 8.72045 1.45708,-2.87401 8.72045 1.45708,-2.87401 8.72045 1.45669]
}}
appearance Appearance{material USE PIN-01 }}
Shape { geometry IndexedFaceSet 
{ creaseAngle 1.00 coordIndex [0,1,2,-1,0,2,3,-1]
coord Coordinate { point [-2.87401 8.72045 1.45669,-2.87401 8.72045 1.45708,-2.87401 2.8937 1.45708,-2.87401 2.8937 1.45669]
}}
appearance Appearance{material USE PIN-01 }}
Shape { geometry IndexedFaceSet 
{ creaseAngle 1.00 coordIndex [0,1,2,-1,0,3,1,-1]
coord Coordinate { point [-2.87401 2.8937 1.45708,12.3228 2.89369 1.45669,-2.87401 2.8937 1.45669,12.3228 2.89369 1.45708]
}}
appearance Appearance{material USE PIN-01 }}
Shape { geometry IndexedFaceSet 
{ creaseAngle 1.00 coordIndex [0,1,2,-1,3,1,0,-1]
coord Coordinate { point [12.3228 2.89369 1.45669,-2.87401 8.72045 1.45669,-2.87401 2.8937 1.45669,12.3228 8.72045 1.45669]
}}
appearance Appearance{material USE GLASS-13 }}
Shape { geometry IndexedFaceSet 
{ creaseAngle 1.00 coordIndex [0,1,2,-1,2,3,4,-1,2,5,3,-1,4,0,2,-1]
coord Coordinate { point [0.3937 0.610235 1.45708,0.3937 0.610235 1.45669,0.3937 0.059055 1.45669,0.3937 -0.059055 0.66929,0.3937 -0.059055 1.45708,0.3937 0.059055 0.66929]
}}
appearance Appearance{material USE PIN-01 }}
Shape { geometry IndexedFaceSet 
{ creaseAngle 1.00 coordIndex [0,1,2,-1,1,3,4,-1,4,3,5,-1,0,3,1,-1,0,6,3,-1,6,7,8,-1,8,7,9,-1,0,7,6,-1,0,10,7,-1,10,11,12,-1,10,13,11,-1,0,13,10,-1,0,14,13,-1,14,15,16,-1,16,15,17,-1,0,15,14,-1,0,18,15,-1,18,19,20,-1,18,21,19,-1,0,21,18,-1,0,22,21,-1,22,23,24,-1,24,23,25,-1,26,27,28,-1,26,29,27,-1,30,31,32,-1,32,31,33,-1,34,35,36,-1,34,37,35,-1,38,39,40,-1,40,39,41,-1,42,43,44,-1,42,45,43,-1,46,47,48,-1,48,47,49,-1,50,51,52,-1,50,53,51,-1,54,55,56,-1,56,55,57,-1,58,59,60,-1,60,59,61,-1,62,63,64,-1,64,63,65,-1,66,67,68,-1,66,69,67,-1,70,71,72,-1,72,71,73,-1,74,75,76,-1,74,77,75,-1,78,79,80,-1,80,79,81,-1,82,83,84,-1,82,85,83,-1,86,87,88,-1,88,87,89,-1,90,91,92,-1,92,91,93,-1,94,95,96,-1,96,95,97,-1,98,99,100,-1,100,99,101,-1,102,103,104,-1,104,103,105,-1,106,107,108,-1,108,107,109,-1,110,111,112,-1,112,111,113,-1,114,115,116,-1,116,115,117,-1,118,119,120,-1,120,119,121,-1,122,123,124,-1,124,123,125,-1,126,127,128,-1,128,127,129,-1,130,131,132,-1,132,131,133,-1,134,135,136,-1,136,135,137,-1,115,138,118,-1,119,138,122,-1,130,138,131,-1,123,138,126,-1,127,138,130,-1,134,138,135,-1,131,138,134,-1,135,138,139,-1,118,138,119,-1,122,138,123,-1,126,138,127,-1,0,138,22,-1,22,138,23,-1,23,138,26,-1,26,138,29,-1,29,138,30,-1,30,138,31,-1,31,138,34,-1,34,138,37,-1,37,138,38,-1,38,138,39,-1,39,138,42,-1,42,138,45,-1,45,138,46,-1,46,138,47,-1,47,138,50,-1,50,138,53,-1,53,138,54,-1,54,138,55,-1,55,138,58,-1,58,138,59,-1,59,138,62,-1,62,138,63,-1,63,138,66,-1,66,138,69,-1,69,138,70,-1,70,138,71,-1,71,138,74,-1,74,138,77,-1,77,138,78,-1,78,138,79,-1,79,138,82,-1,82,138,85,-1,85,138,86,-1,86,138,87,-1,87,138,90,-1,90,138,91,-1,91,138,94,-1,94,138,95,-1,95,138,98,-1,98,138,99,-1,99,138,102,-1,102,138,103,-1,103,138,106,-1,106,138,107,-1,107,138,110,-1,110,138,111,-1,111,138,114,-1,114,138,115,-1]
coord Coordinate { point [-1.45669 0.610235 0.66929,-0.19685 0.059055 0.66929,-1.45669 0.059055 0.66929,-0.07874 0.059055 0.66929,-0.19685 -0.059055 0.66929,-0.07874 -0.059055 0.66929,0.07874 0.059055 0.66929,0.19685 0.059055 0.66929,0.07874 -0.059055 0.66929,0.19685 -0.059055 0.66929,0.3937 0.059055 0.66929,0.51181 -0.059055 0.66929,0.3937 -0.059055 0.66929,0.51181 0.059055 0.66929,0.66929 0.059055 0.66929,0.7874 0.059055 0.66929,0.66929 -0.059055 0.66929,0.7874 -0.059055 0.66929,0.98425 0.059055 0.66929,1.10236 -0.059055 0.66929,0.98425 -0.059055 0.66929,1.10236 0.059055 0.66929,1.25984 0.059055 0.66929,1.37795 0.059055 0.66929,1.25984 -0.059055 0.66929,1.37795 -0.059055 0.66929,1.5748 0.059055 0.66929,1.69291 -0.059055 0.66929,1.5748 -0.059055 0.66929,1.69291 0.059055 0.66929,1.85039 0.059055 0.66929,1.9685 0.059055 0.66929,1.85039 -0.059055 0.66929,1.9685 -0.059055 0.66929,2.16535 0.059055 0.66929,2.28346 -0.059055 0.66929,2.16535 -0.059055 0.66929,2.28346 0.059055 0.66929,2.44094 0.059055 0.66929,2.55905 0.059055 0.66929,2.44094 -0.059055 0.66929,2.55905 -0.059055 0.66929,2.7559 0.059055 0.66929,2.87401 -0.059055 0.66929,2.7559 -0.059055 0.66929,2.87401 0.059055 0.66929,3.03149 0.059055 0.66929,3.1496 0.059055 0.66929,3.03149 -0.059055 0.66929,3.1496 -0.059055 0.66929,3.34645 0.059055 0.66929,3.46456 -0.059055 0.66929,3.34645 -0.059055 0.66929,3.46456 0.059055 0.66929,3.62204 0.059055 0.66929,3.74015 0.059055 0.66929,3.62204 -0.059055 0.66929,3.74015 -0.059055 0.66929,3.937 0.059055 0.66929,4.05511 0.059055 0.66929,3.937 -0.059055 0.66929,4.05511 -0.059055 0.66929,4.21259 0.059055 0.66929,4.3307 0.059055 0.66929,4.21259 -0.059055 0.66929,4.3307 -0.059055 0.66929,4.52755 0.059055 0.66929,4.64566 -0.059055 0.66929,4.52755 -0.059055 0.66929,4.64566 0.059055 0.66929,4.80314 0.059055 0.66929,4.92125 0.059055 0.66929,4.80314 -0.059055 0.66929,4.92125 -0.059055 0.66929,5.1181 0.059055 0.66929,5.23621 -0.059055 0.66929,5.1181 -0.059055 0.66929,5.23621 0.059055 0.66929,5.39369 0.059055 0.66929,5.5118 0.059055 0.66929,5.39369 -0.059055 0.66929,5.5118 -0.059055 0.66929,5.70865 0.059055 0.66929,5.82676 -0.059055 0.66929,5.70865 -0.059055 0.66929,5.82676 0.059055 0.66929,5.98424 0.059055 0.66929,6.10235 0.059055 0.66929,5.98424 -0.059055 0.66929,6.10235 -0.059055 0.66929,6.2992 0.059055 0.66929,6.41731 0.059055 0.66929,6.2992 -0.059055 0.66929,6.41731 -0.059055 0.66929,6.57479 0.059055 0.66929,6.6929 0.059055 0.66929,6.57479 -0.059055 0.66929,6.6929 -0.059055 0.66929,6.88975 0.059055 0.66929,7.00786 0.059055 0.66929,6.88975 -0.059055 0.66929,7.00786 -0.059055 0.66929,7.16534 0.059055 0.66929,7.28345 0.059055 0.66929,7.16534 -0.059055 0.66929,7.28345 -0.059055 0.66929,7.4803 0.059055 0.66929,7.59841 0.059055 0.66929,7.4803 -0.059055 0.66929,7.59841 -0.059055 0.66929,7.75589 0.059055 0.66929,7.874 0.059055 0.66929,7.75589 -0.059055 0.66929,7.874 -0.059055 0.66929,8.07085 0.059055 0.66929,8.18896 0.059055 0.66929,8.07085 -0.059055 0.66929,8.18896 -0.059055 0.66929,8.34644 0.059055 0.66929,8.46455 0.059055 0.66929,8.34644 -0.059055 0.66929,8.46455 -0.059055 0.66929,8.6614 0.059055 0.66929,8.77951 0.059055 0.66929,8.6614 -0.059055 0.66929,8.77951 -0.059055 0.66929,8.93699 0.059055 0.66929,9.0551 0.059055 0.66929,8.93699 -0.059055 0.66929,9.0551 -0.059055 0.66929,9.25195 0.059055 0.66929,9.37006 0.059055 0.66929,9.25195 -0.059055 0.66929,9.37006 -0.059055 0.66929,9.52754 0.059055 0.66929,9.64565 0.059055 0.66929,9.52754 -0.059055 0.66929,9.64565 -0.059055 0.66929,10.9055 0.610235 0.66929,10.9055 0.059055 0.66929]
}}
appearance Appearance{material USE IC-BODY-EPOXY-04 }}
Shape { geometry IndexedFaceSet 
{ creaseAngle 1.00 coordIndex [0,1,2,-1,3,1,0,-1,4,5,1,-1,5,2,1,-1]
coord Coordinate { point [0.7874 -0.059055 0.66929,0.7874 0.059055 1.45669,0.7874 -0.059055 1.45708,0.7874 0.059055 0.66929,0.7874 0.610235 1.45669,0.7874 0.610235 1.45708]
}}
appearance Appearance{material USE PIN-01 }}
Shape { geometry IndexedFaceSet 
{ creaseAngle 1.00 coordIndex [0,1,2,-1,3,4,1,-1,3,1,0,-1,5,4,3,-1,6,0,7,-1,6,3,0,-1]
coord Coordinate { point [0.51181 -0.059055 0.66929,0.3937 -0.059055 1.45708,0.3937 -0.059055 0.66929,0.66929 -0.059055 0.66929,0.7874 -0.059055 1.45708,0.7874 -0.059055 0.66929,0.66929 -0.059055 -1.1811,0.51181 -0.059055 -1.1811]
}}
appearance Appearance{material USE PIN-01 }}
Shape { geometry IndexedFaceSet 
{ creaseAngle 1.00 coordIndex [0,1,2,-1,2,3,4,-1,2,5,3,-1,4,0,2,-1]
coord Coordinate { point [-0.19685 0.610235 1.45708,-0.19685 0.610235 1.45669,-0.19685 0.059055 1.45669,-0.19685 -0.059055 0.66929,-0.19685 -0.059055 1.45708,-0.19685 0.059055 0.66929]
}}
appearance Appearance{material USE PIN-01 }}
Shape { geometry IndexedFaceSet 
{ creaseAngle 1.00 coordIndex [0,1,2,-1,3,1,0,-1,4,5,1,-1,5,2,1,-1]
coord Coordinate { point [0.19685 -0.059055 0.66929,0.19685 0.059055 1.45669,0.19685 -0.059055 1.45708,0.19685 0.059055 0.66929,0.19685 0.610235 1.45669,0.19685 0.610235 1.45708]
}}
appearance Appearance{material USE PIN-01 }}
Shape { geometry IndexedFaceSet 
{ creaseAngle 1.00 coordIndex [0,1,2,-1,3,4,1,-1,3,1,0,-1,5,4,3,-1,6,0,7,-1,6,3,0,-1]
coord Coordinate { point [-0.07874 -0.059055 0.66929,-0.19685 -0.059055 1.45708,-0.19685 -0.059055 0.66929,0.07874 -0.059055 0.66929,0.19685 -0.059055 1.45708,0.19685 -0.059055 0.66929,0.07874 -0.059055 -1.1811,-0.07874 -0.059055 -1.1811]
}}
appearance Appearance{material USE PIN-01 }}
Shape { geometry IndexedFaceSet 
{ creaseAngle 1.00 coordIndex [0,1,2,-1,2,3,4,-1,2,5,3,-1,4,0,2,-1]
coord Coordinate { point [0.98425 0.610235 1.45708,0.98425 0.610235 1.45669,0.98425 0.059055 1.45669,0.98425 -0.059055 0.66929,0.98425 -0.059055 1.45708,0.98425 0.059055 0.66929]
}}
appearance Appearance{material USE PIN-01 }}
Shape { geometry IndexedFaceSet 
{ creaseAngle 1.00 coordIndex [0,1,2,-1,3,1,0,-1,4,5,1,-1,5,2,1,-1]
coord Coordinate { point [1.37795 -0.059055 0.66929,1.37795 0.059055 1.45669,1.37795 -0.059055 1.45708,1.37795 0.059055 0.66929,1.37795 0.610235 1.45669,1.37795 0.610235 1.45708]
}}
appearance Appearance{material USE PIN-01 }}
Shape { geometry IndexedFaceSet 
{ creaseAngle 1.00 coordIndex [0,1,2,-1,3,4,1,-1,3,1,0,-1,5,4,3,-1,6,0,7,-1,6,3,0,-1]
coord Coordinate { point [1.10236 -0.059055 0.66929,0.98425 -0.059055 1.45708,0.98425 -0.059055 0.66929,1.25984 -0.059055 0.66929,1.37795 -0.059055 1.45708,1.37795 -0.059055 0.66929,1.25984 -0.059055 -1.1811,1.10236 -0.059055 -1.1811]
}}
appearance Appearance{material USE PIN-01 }}
Shape { geometry IndexedFaceSet 
{ creaseAngle 1.00 coordIndex [0,1,2,-1,2,3,4,-1,2,5,3,-1,4,0,2,-1]
coord Coordinate { point [1.5748 0.610235 1.45708,1.5748 0.610235 1.45669,1.5748 0.059055 1.45669,1.5748 -0.059055 0.66929,1.5748 -0.059055 1.45708,1.5748 0.059055 0.66929]
}}
appearance Appearance{material USE PIN-01 }}
Shape { geometry IndexedFaceSet 
{ creaseAngle 1.00 coordIndex [0,1,2,-1,3,1,0,-1,4,5,1,-1,5,2,1,-1]
coord Coordinate { point [1.9685 -0.059055 0.66929,1.9685 0.059055 1.45669,1.9685 -0.059055 1.45708,1.9685 0.059055 0.66929,1.9685 0.610235 1.45669,1.9685 0.610235 1.45708]
}}
appearance Appearance{material USE PIN-01 }}
Shape { geometry IndexedFaceSet 
{ creaseAngle 1.00 coordIndex [0,1,2,-1,3,4,1,-1,3,1,0,-1,5,4,3,-1,6,0,7,-1,6,3,0,-1]
coord Coordinate { point [1.69291 -0.059055 0.66929,1.5748 -0.059055 1.45708,1.5748 -0.059055 0.66929,1.85039 -0.059055 0.66929,1.9685 -0.059055 1.45708,1.9685 -0.059055 0.66929,1.85039 -0.059055 -1.1811,1.69291 -0.059055 -1.1811]
}}
appearance Appearance{material USE PIN-01 }}
Shape { geometry IndexedFaceSet 
{ creaseAngle 1.00 coordIndex [0,1,2,-1,2,3,4,-1,2,5,3,-1,4,0,2,-1]
coord Coordinate { point [2.16535 0.610235 1.45708,2.16535 0.610235 1.45669,2.16535 0.059055 1.45669,2.16535 -0.059055 0.66929,2.16535 -0.059055 1.45708,2.16535 0.059055 0.66929]
}}
appearance Appearance{material USE PIN-01 }}
Shape { geometry IndexedFaceSet 
{ creaseAngle 1.00 coordIndex [0,1,2,-1,3,1,0,-1,4,5,1,-1,5,2,1,-1]
coord Coordinate { point [2.55905 -0.059055 0.66929,2.55905 0.059055 1.45669,2.55905 -0.059055 1.45708,2.55905 0.059055 0.66929,2.55905 0.610235 1.45669,2.55905 0.610235 1.45708]
}}
appearance Appearance{material USE PIN-01 }}
Shape { geometry IndexedFaceSet 
{ creaseAngle 1.00 coordIndex [0,1,2,-1,3,4,1,-1,3,1,0,-1,5,4,3,-1,6,0,7,-1,6,3,0,-1]
coord Coordinate { point [2.28346 -0.059055 0.66929,2.16535 -0.059055 1.45708,2.16535 -0.059055 0.66929,2.44094 -0.059055 0.66929,2.55905 -0.059055 1.45708,2.55905 -0.059055 0.66929,2.44094 -0.059055 -1.1811,2.28346 -0.059055 -1.1811]
}}
appearance Appearance{material USE PIN-01 }}
Shape { geometry IndexedFaceSet 
{ creaseAngle 1.00 coordIndex [0,1,2,-1,2,3,4,-1,2,5,3,-1,4,0,2,-1]
coord Coordinate { point [2.7559 0.610235 1.45708,2.7559 0.610235 1.45669,2.7559 0.059055 1.45669,2.7559 -0.059055 0.66929,2.7559 -0.059055 1.45708,2.7559 0.059055 0.66929]
}}
appearance Appearance{material USE PIN-01 }}
Shape { geometry IndexedFaceSet 
{ creaseAngle 1.00 coordIndex [0,1,2,-1,3,1,0,-1,4,5,1,-1,5,2,1,-1]
coord Coordinate { point [3.1496 -0.059055 0.66929,3.1496 0.059055 1.45669,3.1496 -0.059055 1.45708,3.1496 0.059055 0.66929,3.1496 0.610235 1.45669,3.1496 0.610235 1.45708]
}}
appearance Appearance{material USE PIN-01 }}
Shape { geometry IndexedFaceSet 
{ creaseAngle 1.00 coordIndex [0,1,2,-1,3,4,1,-1,3,1,0,-1,5,4,3,-1,6,0,7,-1,6,3,0,-1]
coord Coordinate { point [2.87401 -0.059055 0.66929,2.7559 -0.059055 1.45708,2.7559 -0.059055 0.66929,3.03149 -0.059055 0.66929,3.1496 -0.059055 1.45708,3.1496 -0.059055 0.66929,3.03149 -0.059055 -1.1811,2.87401 -0.059055 -1.1811]
}}
appearance Appearance{material USE PIN-01 }}
Shape { geometry IndexedFaceSet 
{ creaseAngle 1.00 coordIndex [0,1,2,-1,2,3,4,-1,2,5,3,-1,4,0,2,-1]
coord Coordinate { point [3.34645 0.610235 1.45708,3.34645 0.610235 1.45669,3.34645 0.059055 1.45669,3.34645 -0.059055 0.66929,3.34645 -0.059055 1.45708,3.34645 0.059055 0.66929]
}}
appearance Appearance{material USE PIN-01 }}
Shape { geometry IndexedFaceSet 
{ creaseAngle 1.00 coordIndex [0,1,2,-1,3,1,0,-1,4,5,1,-1,5,2,1,-1]
coord Coordinate { point [3.74015 -0.059055 0.66929,3.74015 0.059055 1.45669,3.74015 -0.059055 1.45708,3.74015 0.059055 0.66929,3.74015 0.610235 1.45669,3.74015 0.610235 1.45708]
}}
appearance Appearance{material USE PIN-01 }}
Shape { geometry IndexedFaceSet 
{ creaseAngle 1.00 coordIndex [0,1,2,-1,3,4,1,-1,3,1,0,-1,5,4,3,-1,6,0,7,-1,6,3,0,-1]
coord Coordinate { point [3.46456 -0.059055 0.66929,3.34645 -0.059055 1.45708,3.34645 -0.059055 0.66929,3.62204 -0.059055 0.66929,3.74015 -0.059055 1.45708,3.74015 -0.059055 0.66929,3.62204 -0.059055 -1.1811,3.46456 -0.059055 -1.1811]
}}
appearance Appearance{material USE PIN-01 }}
Shape { geometry IndexedFaceSet 
{ creaseAngle 1.00 coordIndex [0,1,2,-1,2,3,4,-1,2,5,3,-1,4,0,2,-1]
coord Coordinate { point [3.937 0.610235 1.45708,3.937 0.610235 1.45669,3.937 0.059055 1.45669,3.937 -0.059055 0.66929,3.937 -0.059055 1.45708,3.937 0.059055 0.66929]
}}
appearance Appearance{material USE PIN-01 }}
Shape { geometry IndexedFaceSet 
{ creaseAngle 1.00 coordIndex [0,1,2,-1,3,1,0,-1,4,5,1,-1,5,2,1,-1]
coord Coordinate { point [4.3307 -0.059055 0.66929,4.3307 0.059055 1.45669,4.3307 -0.059055 1.45708,4.3307 0.059055 0.66929,4.3307 0.610235 1.45669,4.3307 0.610235 1.45708]
}}
appearance Appearance{material USE PIN-01 }}
Shape { geometry IndexedFaceSet 
{ creaseAngle 1.00 coordIndex [0,1,2,-1,3,4,1,-1,3,1,0,-1,5,4,3,-1,6,0,7,-1,6,3,0,-1]
coord Coordinate { point [4.05511 -0.059055 0.66929,3.937 -0.059055 1.45708,3.937 -0.059055 0.66929,4.21259 -0.059055 0.66929,4.3307 -0.059055 1.45708,4.3307 -0.059055 0.66929,4.21259 -0.059055 -1.1811,4.05511 -0.059055 -1.1811]
}}
appearance Appearance{material USE PIN-01 }}
Shape { geometry IndexedFaceSet 
{ creaseAngle 1.00 coordIndex [0,1,2,-1,2,3,4,-1,2,5,3,-1,4,0,2,-1]
coord Coordinate { point [4.52755 0.610235 1.45708,4.52755 0.610235 1.45669,4.52755 0.059055 1.45669,4.52755 -0.059055 0.66929,4.52755 -0.059055 1.45708,4.52755 0.059055 0.66929]
}}
appearance Appearance{material USE PIN-01 }}
Shape { geometry IndexedFaceSet 
{ creaseAngle 1.00 coordIndex [0,1,2,-1,3,1,0,-1,4,5,1,-1,5,2,1,-1]
coord Coordinate { point [4.92125 -0.059055 0.66929,4.92125 0.059055 1.45669,4.92125 -0.059055 1.45708,4.92125 0.059055 0.66929,4.92125 0.610235 1.45669,4.92125 0.610235 1.45708]
}}
appearance Appearance{material USE PIN-01 }}
Shape { geometry IndexedFaceSet 
{ creaseAngle 1.00 coordIndex [0,1,2,-1,3,4,1,-1,3,1,0,-1,5,4,3,-1,6,0,7,-1,6,3,0,-1]
coord Coordinate { point [4.64566 -0.059055 0.66929,4.52755 -0.059055 1.45708,4.52755 -0.059055 0.66929,4.80314 -0.059055 0.66929,4.92125 -0.059055 1.45708,4.92125 -0.059055 0.66929,4.80314 -0.059055 -1.1811,4.64566 -0.059055 -1.1811]
}}
appearance Appearance{material USE PIN-01 }}
Shape { geometry IndexedFaceSet 
{ creaseAngle 1.00 coordIndex [0,1,2,-1,2,3,4,-1,2,5,3,-1,4,0,2,-1]
coord Coordinate { point [5.1181 0.610235 1.45708,5.1181 0.610235 1.45669,5.1181 0.059055 1.45669,5.1181 -0.059055 0.66929,5.1181 -0.059055 1.45708,5.1181 0.059055 0.66929]
}}
appearance Appearance{material USE PIN-01 }}
Shape { geometry IndexedFaceSet 
{ creaseAngle 1.00 coordIndex [0,1,2,-1,3,1,0,-1,4,5,1,-1,5,2,1,-1]
coord Coordinate { point [5.5118 -0.059055 0.66929,5.5118 0.059055 1.45669,5.5118 -0.059055 1.45708,5.5118 0.059055 0.66929,5.5118 0.610235 1.45669,5.5118 0.610235 1.45708]
}}
appearance Appearance{material USE PIN-01 }}
Shape { geometry IndexedFaceSet 
{ creaseAngle 1.00 coordIndex [0,1,2,-1,3,4,1,-1,3,1,0,-1,5,4,3,-1,6,0,7,-1,6,3,0,-1]
coord Coordinate { point [5.23621 -0.059055 0.66929,5.1181 -0.059055 1.45708,5.1181 -0.059055 0.66929,5.39369 -0.059055 0.66929,5.5118 -0.059055 1.45708,5.5118 -0.059055 0.66929,5.39369 -0.059055 -1.1811,5.23621 -0.059055 -1.1811]
}}
appearance Appearance{material USE PIN-01 }}
Shape { geometry IndexedFaceSet 
{ creaseAngle 1.00 coordIndex [0,1,2,-1,2,3,4,-1,2,5,3,-1,4,0,2,-1]
coord Coordinate { point [5.70865 0.610235 1.45708,5.70865 0.610235 1.45669,5.70865 0.059055 1.45669,5.70865 -0.059055 0.66929,5.70865 -0.059055 1.45708,5.70865 0.059055 0.66929]
}}
appearance Appearance{material USE PIN-01 }}
Shape { geometry IndexedFaceSet 
{ creaseAngle 1.00 coordIndex [0,1,2,-1,3,1,0,-1,4,5,1,-1,5,2,1,-1]
coord Coordinate { point [6.10235 -0.059055 0.66929,6.10235 0.059055 1.45669,6.10235 -0.059055 1.45708,6.10235 0.059055 0.66929,6.10235 0.610235 1.45669,6.10235 0.610235 1.45708]
}}
appearance Appearance{material USE PIN-01 }}
Shape { geometry IndexedFaceSet 
{ creaseAngle 1.00 coordIndex [0,1,2,-1,3,4,1,-1,3,1,0,-1,5,4,3,-1,6,0,7,-1,6,3,0,-1]
coord Coordinate { point [5.82676 -0.059055 0.66929,5.70865 -0.059055 1.45708,5.70865 -0.059055 0.66929,5.98424 -0.059055 0.66929,6.10235 -0.059055 1.45708,6.10235 -0.059055 0.66929,5.98424 -0.059055 -1.1811,5.82676 -0.059055 -1.1811]
}}
appearance Appearance{material USE PIN-01 }}
Shape { geometry IndexedFaceSet 
{ creaseAngle 1.00 coordIndex [0,1,2,-1,2,3,4,-1,2,5,3,-1,4,0,2,-1]
coord Coordinate { point [6.2992 0.610235 1.45708,6.2992 0.610235 1.45669,6.2992 0.059055 1.45669,6.2992 -0.059055 0.66929,6.2992 -0.059055 1.45708,6.2992 0.059055 0.66929]
}}
appearance Appearance{material USE PIN-01 }}
Shape { geometry IndexedFaceSet 
{ creaseAngle 1.00 coordIndex [0,1,2,-1,3,1,0,-1,4,5,1,-1,5,2,1,-1]
coord Coordinate { point [6.6929 -0.059055 0.66929,6.6929 0.059055 1.45669,6.6929 -0.059055 1.45708,6.6929 0.059055 0.66929,6.6929 0.610235 1.45669,6.6929 0.610235 1.45708]
}}
appearance Appearance{material USE PIN-01 }}
Shape { geometry IndexedFaceSet 
{ creaseAngle 1.00 coordIndex [0,1,2,-1,3,4,1,-1,3,1,0,-1,5,4,3,-1,6,0,7,-1,6,3,0,-1]
coord Coordinate { point [6.41731 -0.059055 0.66929,6.2992 -0.059055 1.45708,6.2992 -0.059055 0.66929,6.57479 -0.059055 0.66929,6.6929 -0.059055 1.45708,6.6929 -0.059055 0.66929,6.57479 -0.059055 -1.1811,6.41731 -0.059055 -1.1811]
}}
appearance Appearance{material USE PIN-01 }}
Shape { geometry IndexedFaceSet 
{ creaseAngle 1.00 coordIndex [0,1,2,-1,2,3,4,-1,2,5,3,-1,4,0,2,-1]
coord Coordinate { point [6.88975 0.610235 1.45708,6.88975 0.610235 1.45669,6.88975 0.059055 1.45669,6.88975 -0.059055 0.66929,6.88975 -0.059055 1.45708,6.88975 0.059055 0.66929]
}}
appearance Appearance{material USE PIN-01 }}
Shape { geometry IndexedFaceSet 
{ creaseAngle 1.00 coordIndex [0,1,2,-1,3,1,0,-1,4,5,1,-1,5,2,1,-1]
coord Coordinate { point [7.28345 -0.059055 0.66929,7.28345 0.059055 1.45669,7.28345 -0.059055 1.45708,7.28345 0.059055 0.66929,7.28345 0.610235 1.45669,7.28345 0.610235 1.45708]
}}
appearance Appearance{material USE PIN-01 }}
Shape { geometry IndexedFaceSet 
{ creaseAngle 1.00 coordIndex [0,1,2,-1,3,4,1,-1,3,1,0,-1,5,4,3,-1,6,0,7,-1,6,3,0,-1]
coord Coordinate { point [7.00786 -0.059055 0.66929,6.88975 -0.059055 1.45708,6.88975 -0.059055 0.66929,7.16534 -0.059055 0.66929,7.28345 -0.059055 1.45708,7.28345 -0.059055 0.66929,7.16534 -0.059055 -1.1811,7.00786 -0.059055 -1.1811]
}}
appearance Appearance{material USE PIN-01 }}
Shape { geometry IndexedFaceSet 
{ creaseAngle 1.00 coordIndex [0,1,2,-1,2,3,4,-1,2,5,3,-1,4,0,2,-1]
coord Coordinate { point [7.4803 0.610235 1.45708,7.4803 0.610235 1.45669,7.4803 0.059055 1.45669,7.4803 -0.059055 0.66929,7.4803 -0.059055 1.45708,7.4803 0.059055 0.66929]
}}
appearance Appearance{material USE PIN-01 }}
Shape { geometry IndexedFaceSet 
{ creaseAngle 1.00 coordIndex [0,1,2,-1,3,1,0,-1,4,5,1,-1,5,2,1,-1]
coord Coordinate { point [7.874 -0.059055 0.66929,7.874 0.059055 1.45669,7.874 -0.059055 1.45708,7.874 0.059055 0.66929,7.874 0.610235 1.45669,7.874 0.610235 1.45708]
}}
appearance Appearance{material USE PIN-01 }}
Shape { geometry IndexedFaceSet 
{ creaseAngle 1.00 coordIndex [0,1,2,-1,3,4,1,-1,3,1,0,-1,5,4,3,-1,6,0,7,-1,6,3,0,-1]
coord Coordinate { point [7.59841 -0.059055 0.66929,7.4803 -0.059055 1.45708,7.4803 -0.059055 0.66929,7.75589 -0.059055 0.66929,7.874 -0.059055 1.45708,7.874 -0.059055 0.66929,7.75589 -0.059055 -1.1811,7.59841 -0.059055 -1.1811]
}}
appearance Appearance{material USE PIN-01 }}
Shape { geometry IndexedFaceSet 
{ creaseAngle 1.00 coordIndex [0,1,2,-1,2,3,4,-1,2,5,3,-1,4,0,2,-1]
coord Coordinate { point [8.07085 0.610235 1.45708,8.07085 0.610235 1.45669,8.07085 0.059055 1.45669,8.07085 -0.059055 0.66929,8.07085 -0.059055 1.45708,8.07085 0.059055 0.66929]
}}
appearance Appearance{material USE PIN-01 }}
Shape { geometry IndexedFaceSet 
{ creaseAngle 1.00 coordIndex [0,1,2,-1,3,1,0,-1,4,5,1,-1,5,2,1,-1]
coord Coordinate { point [8.46455 -0.059055 0.66929,8.46455 0.059055 1.45669,8.46455 -0.059055 1.45708,8.46455 0.059055 0.66929,8.46455 0.610235 1.45669,8.46455 0.610235 1.45708]
}}
appearance Appearance{material USE PIN-01 }}
Shape { geometry IndexedFaceSet 
{ creaseAngle 1.00 coordIndex [0,1,2,-1,3,4,1,-1,3,1,0,-1,5,4,3,-1,6,0,7,-1,6,3,0,-1]
coord Coordinate { point [8.18896 -0.059055 0.66929,8.07085 -0.059055 1.45708,8.07085 -0.059055 0.66929,8.34644 -0.059055 0.66929,8.46455 -0.059055 1.45708,8.46455 -0.059055 0.66929,8.34644 -0.059055 -1.1811,8.18896 -0.059055 -1.1811]
}}
appearance Appearance{material USE PIN-01 }}
Shape { geometry IndexedFaceSet 
{ creaseAngle 1.00 coordIndex [0,1,2,-1,2,3,4,-1,2,5,3,-1,4,0,2,-1]
coord Coordinate { point [8.6614 0.610235 1.45708,8.6614 0.610235 1.45669,8.6614 0.059055 1.45669,8.6614 -0.059055 0.66929,8.6614 -0.059055 1.45708,8.6614 0.059055 0.66929]
}}
appearance Appearance{material USE PIN-01 }}
Shape { geometry IndexedFaceSet 
{ creaseAngle 1.00 coordIndex [0,1,2,-1,3,1,0,-1,4,5,1,-1,5,2,1,-1]
coord Coordinate { point [9.0551 -0.059055 0.66929,9.0551 0.059055 1.45669,9.0551 -0.059055 1.45708,9.0551 0.059055 0.66929,9.0551 0.610235 1.45669,9.0551 0.610235 1.45708]
}}
appearance Appearance{material USE PIN-01 }}
Shape { geometry IndexedFaceSet 
{ creaseAngle 1.00 coordIndex [0,1,2,-1,3,4,1,-1,3,1,0,-1,5,4,3,-1,6,0,7,-1,6,3,0,-1]
coord Coordinate { point [8.77951 -0.059055 0.66929,8.6614 -0.059055 1.45708,8.6614 -0.059055 0.66929,8.93699 -0.059055 0.66929,9.0551 -0.059055 1.45708,9.0551 -0.059055 0.66929,8.93699 -0.059055 -1.1811,8.77951 -0.059055 -1.1811]
}}
appearance Appearance{material USE PIN-01 }}
Shape { geometry IndexedFaceSet 
{ creaseAngle 1.00 coordIndex [0,1,2,-1,2,3,4,-1,2,5,3,-1,4,0,2,-1]
coord Coordinate { point [9.25195 0.610235 1.45708,9.25195 0.610235 1.45669,9.25195 0.059055 1.45669,9.25195 -0.059055 0.66929,9.25195 -0.059055 1.45708,9.25195 0.059055 0.66929]
}}
appearance Appearance{material USE PIN-01 }}
Shape { geometry IndexedFaceSet 
{ creaseAngle 1.00 coordIndex [0,1,2,-1,3,1,0,-1,4,5,1,-1,5,2,1,-1]
coord Coordinate { point [9.64565 -0.059055 0.66929,9.64565 0.059055 1.45669,9.64565 -0.059055 1.45708,9.64565 0.059055 0.66929,9.64565 0.610235 1.45669,9.64565 0.610235 1.45708]
}}
appearance Appearance{material USE PIN-01 }}
Shape { geometry IndexedFaceSet 
{ creaseAngle 1.00 coordIndex [0,1,2,-1,3,4,1,-1,3,1,0,-1,5,4,3,-1,6,0,7,-1,6,3,0,-1]
coord Coordinate { point [9.37006 -0.059055 0.66929,9.25195 -0.059055 1.45708,9.25195 -0.059055 0.66929,9.52754 -0.059055 0.66929,9.64565 -0.059055 1.45708,9.64565 -0.059055 0.66929,9.52754 -0.059055 -1.1811,9.37006 -0.059055 -1.1811]
}}
appearance Appearance{material USE PIN-01 }}
Shape { geometry IndexedFaceSet 
{ creaseAngle 1.00 coordIndex [0,1,2,-1,0,3,1,-1]
coord Coordinate { point [0.07874 0.059055 0.66929,-0.07874 0.059055 -1.1811,-0.07874 0.059055 0.66929,0.07874 0.059055 -1.1811]
}}
appearance Appearance{material USE PIN-01 }}
Shape { geometry IndexedFaceSet 
{ creaseAngle 1.00 coordIndex [0,1,2,-1,0,2,3,-1]
coord Coordinate { point [0.07874 0.059055 -1.1811,0.07874 0.059055 0.66929,0.07874 -0.059055 0.66929,0.07874 -0.059055 -1.1811]
}}
appearance Appearance{material USE PIN-01 }}
Shape { geometry IndexedFaceSet 
{ creaseAngle 1.00 coordIndex [0,1,2,-1,0,2,3,-1]
coord Coordinate { point [-0.07874 0.059055 0.66929,-0.07874 0.059055 -1.1811,-0.07874 -0.059055 -1.1811,-0.07874 -0.059055 0.66929]
}}
appearance Appearance{material USE PIN-01 }}
Shape { geometry IndexedFaceSet 
{ creaseAngle 1.00 coordIndex [0,1,2,-1,0,3,1,-1]
coord Coordinate { point [-0.07874 0.059055 -1.1811,0.07874 -0.059055 -1.1811,-0.07874 -0.059055 -1.1811,0.07874 0.059055 -1.1811]
}}
appearance Appearance{material USE PIN-01 }}
Shape { geometry IndexedFaceSet 
{ creaseAngle 1.00 coordIndex [0,1,2,-1,0,3,1,-1]
coord Coordinate { point [0.66929 0.059055 0.66929,0.51181 0.059055 -1.1811,0.51181 0.059055 0.66929,0.66929 0.059055 -1.1811]
}}
appearance Appearance{material USE PIN-01 }}
Shape { geometry IndexedFaceSet 
{ creaseAngle 1.00 coordIndex [0,1,2,-1,0,2,3,-1]
coord Coordinate { point [0.66929 0.059055 -1.1811,0.66929 0.059055 0.66929,0.66929 -0.059055 0.66929,0.66929 -0.059055 -1.1811]
}}
appearance Appearance{material USE PIN-01 }}
Shape { geometry IndexedFaceSet 
{ creaseAngle 1.00 coordIndex [0,1,2,-1,0,2,3,-1]
coord Coordinate { point [0.51181 0.059055 0.66929,0.51181 0.059055 -1.1811,0.51181 -0.059055 -1.1811,0.51181 -0.059055 0.66929]
}}
appearance Appearance{material USE PIN-01 }}
Shape { geometry IndexedFaceSet 
{ creaseAngle 1.00 coordIndex [0,1,2,-1,0,3,1,-1]
coord Coordinate { point [0.51181 0.059055 -1.1811,0.66929 -0.059055 -1.1811,0.51181 -0.059055 -1.1811,0.66929 0.059055 -1.1811]
}}
appearance Appearance{material USE PIN-01 }}
Shape { geometry IndexedFaceSet 
{ creaseAngle 1.00 coordIndex [0,1,2,-1,0,3,1,-1]
coord Coordinate { point [1.25984 0.059055 0.66929,1.10236 0.059055 -1.1811,1.10236 0.059055 0.66929,1.25984 0.059055 -1.1811]
}}
appearance Appearance{material USE PIN-01 }}
Shape { geometry IndexedFaceSet 
{ creaseAngle 1.00 coordIndex [0,1,2,-1,0,2,3,-1]
coord Coordinate { point [1.25984 0.059055 -1.1811,1.25984 0.059055 0.66929,1.25984 -0.059055 0.66929,1.25984 -0.059055 -1.1811]
}}
appearance Appearance{material USE PIN-01 }}
Shape { geometry IndexedFaceSet 
{ creaseAngle 1.00 coordIndex [0,1,2,-1,0,2,3,-1]
coord Coordinate { point [1.10236 0.059055 0.66929,1.10236 0.059055 -1.1811,1.10236 -0.059055 -1.1811,1.10236 -0.059055 0.66929]
}}
appearance Appearance{material USE PIN-01 }}
Shape { geometry IndexedFaceSet 
{ creaseAngle 1.00 coordIndex [0,1,2,-1,0,3,1,-1]
coord Coordinate { point [1.10236 0.059055 -1.1811,1.25984 -0.059055 -1.1811,1.10236 -0.059055 -1.1811,1.25984 0.059055 -1.1811]
}}
appearance Appearance{material USE PIN-01 }}
Shape { geometry IndexedFaceSet 
{ creaseAngle 1.00 coordIndex [0,1,2,-1,0,3,1,-1]
coord Coordinate { point [1.85039 0.059055 0.66929,1.69291 0.059055 -1.1811,1.69291 0.059055 0.66929,1.85039 0.059055 -1.1811]
}}
appearance Appearance{material USE PIN-01 }}
Shape { geometry IndexedFaceSet 
{ creaseAngle 1.00 coordIndex [0,1,2,-1,0,2,3,-1]
coord Coordinate { point [1.85039 0.059055 -1.1811,1.85039 0.059055 0.66929,1.85039 -0.059055 0.66929,1.85039 -0.059055 -1.1811]
}}
appearance Appearance{material USE PIN-01 }}
Shape { geometry IndexedFaceSet 
{ creaseAngle 1.00 coordIndex [0,1,2,-1,0,2,3,-1]
coord Coordinate { point [1.69291 0.059055 0.66929,1.69291 0.059055 -1.1811,1.69291 -0.059055 -1.1811,1.69291 -0.059055 0.66929]
}}
appearance Appearance{material USE PIN-01 }}
Shape { geometry IndexedFaceSet 
{ creaseAngle 1.00 coordIndex [0,1,2,-1,0,3,1,-1]
coord Coordinate { point [1.69291 0.059055 -1.1811,1.85039 -0.059055 -1.1811,1.69291 -0.059055 -1.1811,1.85039 0.059055 -1.1811]
}}
appearance Appearance{material USE PIN-01 }}
Shape { geometry IndexedFaceSet 
{ creaseAngle 1.00 coordIndex [0,1,2,-1,0,3,1,-1]
coord Coordinate { point [2.44094 0.059055 0.66929,2.28346 0.059055 -1.1811,2.28346 0.059055 0.66929,2.44094 0.059055 -1.1811]
}}
appearance Appearance{material USE PIN-01 }}
Shape { geometry IndexedFaceSet 
{ creaseAngle 1.00 coordIndex [0,1,2,-1,0,2,3,-1]
coord Coordinate { point [2.44094 0.059055 -1.1811,2.44094 0.059055 0.66929,2.44094 -0.059055 0.66929,2.44094 -0.059055 -1.1811]
}}
appearance Appearance{material USE PIN-01 }}
Shape { geometry IndexedFaceSet 
{ creaseAngle 1.00 coordIndex [0,1,2,-1,0,2,3,-1]
coord Coordinate { point [2.28346 0.059055 0.66929,2.28346 0.059055 -1.1811,2.28346 -0.059055 -1.1811,2.28346 -0.059055 0.66929]
}}
appearance Appearance{material USE PIN-01 }}
Shape { geometry IndexedFaceSet 
{ creaseAngle 1.00 coordIndex [0,1,2,-1,0,3,1,-1]
coord Coordinate { point [2.28346 0.059055 -1.1811,2.44094 -0.059055 -1.1811,2.28346 -0.059055 -1.1811,2.44094 0.059055 -1.1811]
}}
appearance Appearance{material USE PIN-01 }}
Shape { geometry IndexedFaceSet 
{ creaseAngle 1.00 coordIndex [0,1,2,-1,0,3,1,-1]
coord Coordinate { point [3.03149 0.059055 0.66929,2.87401 0.059055 -1.1811,2.87401 0.059055 0.66929,3.03149 0.059055 -1.1811]
}}
appearance Appearance{material USE PIN-01 }}
Shape { geometry IndexedFaceSet 
{ creaseAngle 1.00 coordIndex [0,1,2,-1,0,2,3,-1]
coord Coordinate { point [3.03149 0.059055 -1.1811,3.03149 0.059055 0.66929,3.03149 -0.059055 0.66929,3.03149 -0.059055 -1.1811]
}}
appearance Appearance{material USE PIN-01 }}
Shape { geometry IndexedFaceSet 
{ creaseAngle 1.00 coordIndex [0,1,2,-1,0,2,3,-1]
coord Coordinate { point [2.87401 0.059055 0.66929,2.87401 0.059055 -1.1811,2.87401 -0.059055 -1.1811,2.87401 -0.059055 0.66929]
}}
appearance Appearance{material USE PIN-01 }}
Shape { geometry IndexedFaceSet 
{ creaseAngle 1.00 coordIndex [0,1,2,-1,0,3,1,-1]
coord Coordinate { point [2.87401 0.059055 -1.1811,3.03149 -0.059055 -1.1811,2.87401 -0.059055 -1.1811,3.03149 0.059055 -1.1811]
}}
appearance Appearance{material USE PIN-01 }}
Shape { geometry IndexedFaceSet 
{ creaseAngle 1.00 coordIndex [0,1,2,-1,0,3,1,-1]
coord Coordinate { point [3.62204 0.059055 0.66929,3.46456 0.059055 -1.1811,3.46456 0.059055 0.66929,3.62204 0.059055 -1.1811]
}}
appearance Appearance{material USE PIN-01 }}
Shape { geometry IndexedFaceSet 
{ creaseAngle 1.00 coordIndex [0,1,2,-1,0,2,3,-1]
coord Coordinate { point [3.62204 0.059055 -1.1811,3.62204 0.059055 0.66929,3.62204 -0.059055 0.66929,3.62204 -0.059055 -1.1811]
}}
appearance Appearance{material USE PIN-01 }}
Shape { geometry IndexedFaceSet 
{ creaseAngle 1.00 coordIndex [0,1,2,-1,0,2,3,-1]
coord Coordinate { point [3.46456 0.059055 0.66929,3.46456 0.059055 -1.1811,3.46456 -0.059055 -1.1811,3.46456 -0.059055 0.66929]
}}
appearance Appearance{material USE PIN-01 }}
Shape { geometry IndexedFaceSet 
{ creaseAngle 1.00 coordIndex [0,1,2,-1,0,3,1,-1]
coord Coordinate { point [3.46456 0.059055 -1.1811,3.62204 -0.059055 -1.1811,3.46456 -0.059055 -1.1811,3.62204 0.059055 -1.1811]
}}
appearance Appearance{material USE PIN-01 }}
Shape { geometry IndexedFaceSet 
{ creaseAngle 1.00 coordIndex [0,1,2,-1,0,3,1,-1]
coord Coordinate { point [4.21259 0.059055 0.66929,4.05511 0.059055 -1.1811,4.05511 0.059055 0.66929,4.21259 0.059055 -1.1811]
}}
appearance Appearance{material USE PIN-01 }}
Shape { geometry IndexedFaceSet 
{ creaseAngle 1.00 coordIndex [0,1,2,-1,0,2,3,-1]
coord Coordinate { point [4.21259 0.059055 -1.1811,4.21259 0.059055 0.66929,4.21259 -0.059055 0.66929,4.21259 -0.059055 -1.1811]
}}
appearance Appearance{material USE PIN-01 }}
Shape { geometry IndexedFaceSet 
{ creaseAngle 1.00 coordIndex [0,1,2,-1,0,2,3,-1]
coord Coordinate { point [4.05511 0.059055 0.66929,4.05511 0.059055 -1.1811,4.05511 -0.059055 -1.1811,4.05511 -0.059055 0.66929]
}}
appearance Appearance{material USE PIN-01 }}
Shape { geometry IndexedFaceSet 
{ creaseAngle 1.00 coordIndex [0,1,2,-1,0,3,1,-1]
coord Coordinate { point [4.05511 0.059055 -1.1811,4.21259 -0.059055 -1.1811,4.05511 -0.059055 -1.1811,4.21259 0.059055 -1.1811]
}}
appearance Appearance{material USE PIN-01 }}
Shape { geometry IndexedFaceSet 
{ creaseAngle 1.00 coordIndex [0,1,2,-1,0,3,1,-1]
coord Coordinate { point [4.80314 0.059055 0.66929,4.64566 0.059055 -1.1811,4.64566 0.059055 0.66929,4.80314 0.059055 -1.1811]
}}
appearance Appearance{material USE PIN-01 }}
Shape { geometry IndexedFaceSet 
{ creaseAngle 1.00 coordIndex [0,1,2,-1,0,2,3,-1]
coord Coordinate { point [4.80314 0.059055 -1.1811,4.80314 0.059055 0.66929,4.80314 -0.059055 0.66929,4.80314 -0.059055 -1.1811]
}}
appearance Appearance{material USE PIN-01 }}
Shape { geometry IndexedFaceSet 
{ creaseAngle 1.00 coordIndex [0,1,2,-1,0,2,3,-1]
coord Coordinate { point [4.64566 0.059055 0.66929,4.64566 0.059055 -1.1811,4.64566 -0.059055 -1.1811,4.64566 -0.059055 0.66929]
}}
appearance Appearance{material USE PIN-01 }}
Shape { geometry IndexedFaceSet 
{ creaseAngle 1.00 coordIndex [0,1,2,-1,0,3,1,-1]
coord Coordinate { point [4.64566 0.059055 -1.1811,4.80314 -0.059055 -1.1811,4.64566 -0.059055 -1.1811,4.80314 0.059055 -1.1811]
}}
appearance Appearance{material USE PIN-01 }}
Shape { geometry IndexedFaceSet 
{ creaseAngle 1.00 coordIndex [0,1,2,-1,0,3,1,-1]
coord Coordinate { point [5.39369 0.059055 0.66929,5.23621 0.059055 -1.1811,5.23621 0.059055 0.66929,5.39369 0.059055 -1.1811]
}}
appearance Appearance{material USE PIN-01 }}
Shape { geometry IndexedFaceSet 
{ creaseAngle 1.00 coordIndex [0,1,2,-1,0,2,3,-1]
coord Coordinate { point [5.39369 0.059055 -1.1811,5.39369 0.059055 0.66929,5.39369 -0.059055 0.66929,5.39369 -0.059055 -1.1811]
}}
appearance Appearance{material USE PIN-01 }}
Shape { geometry IndexedFaceSet 
{ creaseAngle 1.00 coordIndex [0,1,2,-1,0,2,3,-1]
coord Coordinate { point [5.23621 0.059055 0.66929,5.23621 0.059055 -1.1811,5.23621 -0.059055 -1.1811,5.23621 -0.059055 0.66929]
}}
appearance Appearance{material USE PIN-01 }}
Shape { geometry IndexedFaceSet 
{ creaseAngle 1.00 coordIndex [0,1,2,-1,0,3,1,-1]
coord Coordinate { point [5.23621 0.059055 -1.1811,5.39369 -0.059055 -1.1811,5.23621 -0.059055 -1.1811,5.39369 0.059055 -1.1811]
}}
appearance Appearance{material USE PIN-01 }}
Shape { geometry IndexedFaceSet 
{ creaseAngle 1.00 coordIndex [0,1,2,-1,0,3,1,-1]
coord Coordinate { point [5.98424 0.059055 0.66929,5.82676 0.059055 -1.1811,5.82676 0.059055 0.66929,5.98424 0.059055 -1.1811]
}}
appearance Appearance{material USE PIN-01 }}
Shape { geometry IndexedFaceSet 
{ creaseAngle 1.00 coordIndex [0,1,2,-1,0,2,3,-1]
coord Coordinate { point [5.98424 0.059055 -1.1811,5.98424 0.059055 0.66929,5.98424 -0.059055 0.66929,5.98424 -0.059055 -1.1811]
}}
appearance Appearance{material USE PIN-01 }}
Shape { geometry IndexedFaceSet 
{ creaseAngle 1.00 coordIndex [0,1,2,-1,0,2,3,-1]
coord Coordinate { point [5.82676 0.059055 0.66929,5.82676 0.059055 -1.1811,5.82676 -0.059055 -1.1811,5.82676 -0.059055 0.66929]
}}
appearance Appearance{material USE PIN-01 }}
Shape { geometry IndexedFaceSet 
{ creaseAngle 1.00 coordIndex [0,1,2,-1,0,3,1,-1]
coord Coordinate { point [5.82676 0.059055 -1.1811,5.98424 -0.059055 -1.1811,5.82676 -0.059055 -1.1811,5.98424 0.059055 -1.1811]
}}
appearance Appearance{material USE PIN-01 }}
Shape { geometry IndexedFaceSet 
{ creaseAngle 1.00 coordIndex [0,1,2,-1,0,3,1,-1]
coord Coordinate { point [6.57479 0.059055 0.66929,6.41731 0.059055 -1.1811,6.41731 0.059055 0.66929,6.57479 0.059055 -1.1811]
}}
appearance Appearance{material USE PIN-01 }}
Shape { geometry IndexedFaceSet 
{ creaseAngle 1.00 coordIndex [0,1,2,-1,0,2,3,-1]
coord Coordinate { point [6.57479 0.059055 -1.1811,6.57479 0.059055 0.66929,6.57479 -0.059055 0.66929,6.57479 -0.059055 -1.1811]
}}
appearance Appearance{material USE PIN-01 }}
Shape { geometry IndexedFaceSet 
{ creaseAngle 1.00 coordIndex [0,1,2,-1,0,2,3,-1]
coord Coordinate { point [6.41731 0.059055 0.66929,6.41731 0.059055 -1.1811,6.41731 -0.059055 -1.1811,6.41731 -0.059055 0.66929]
}}
appearance Appearance{material USE PIN-01 }}
Shape { geometry IndexedFaceSet 
{ creaseAngle 1.00 coordIndex [0,1,2,-1,0,3,1,-1]
coord Coordinate { point [6.41731 0.059055 -1.1811,6.57479 -0.059055 -1.1811,6.41731 -0.059055 -1.1811,6.57479 0.059055 -1.1811]
}}
appearance Appearance{material USE PIN-01 }}
Shape { geometry IndexedFaceSet 
{ creaseAngle 1.00 coordIndex [0,1,2,-1,0,3,1,-1]
coord Coordinate { point [7.16534 0.059055 0.66929,7.00786 0.059055 -1.1811,7.00786 0.059055 0.66929,7.16534 0.059055 -1.1811]
}}
appearance Appearance{material USE PIN-01 }}
Shape { geometry IndexedFaceSet 
{ creaseAngle 1.00 coordIndex [0,1,2,-1,0,2,3,-1]
coord Coordinate { point [7.16534 0.059055 -1.1811,7.16534 0.059055 0.66929,7.16534 -0.059055 0.66929,7.16534 -0.059055 -1.1811]
}}
appearance Appearance{material USE PIN-01 }}
Shape { geometry IndexedFaceSet 
{ creaseAngle 1.00 coordIndex [0,1,2,-1,0,2,3,-1]
coord Coordinate { point [7.00786 0.059055 0.66929,7.00786 0.059055 -1.1811,7.00786 -0.059055 -1.1811,7.00786 -0.059055 0.66929]
}}
appearance Appearance{material USE PIN-01 }}
Shape { geometry IndexedFaceSet 
{ creaseAngle 1.00 coordIndex [0,1,2,-1,0,3,1,-1]
coord Coordinate { point [7.00786 0.059055 -1.1811,7.16534 -0.059055 -1.1811,7.00786 -0.059055 -1.1811,7.16534 0.059055 -1.1811]
}}
appearance Appearance{material USE PIN-01 }}
Shape { geometry IndexedFaceSet 
{ creaseAngle 1.00 coordIndex [0,1,2,-1,0,3,1,-1]
coord Coordinate { point [7.75589 0.059055 0.66929,7.59841 0.059055 -1.1811,7.59841 0.059055 0.66929,7.75589 0.059055 -1.1811]
}}
appearance Appearance{material USE PIN-01 }}
Shape { geometry IndexedFaceSet 
{ creaseAngle 1.00 coordIndex [0,1,2,-1,0,2,3,-1]
coord Coordinate { point [7.75589 0.059055 -1.1811,7.75589 0.059055 0.66929,7.75589 -0.059055 0.66929,7.75589 -0.059055 -1.1811]
}}
appearance Appearance{material USE PIN-01 }}
Shape { geometry IndexedFaceSet 
{ creaseAngle 1.00 coordIndex [0,1,2,-1,0,2,3,-1]
coord Coordinate { point [7.59841 0.059055 0.66929,7.59841 0.059055 -1.1811,7.59841 -0.059055 -1.1811,7.59841 -0.059055 0.66929]
}}
appearance Appearance{material USE PIN-01 }}
Shape { geometry IndexedFaceSet 
{ creaseAngle 1.00 coordIndex [0,1,2,-1,0,3,1,-1]
coord Coordinate { point [7.59841 0.059055 -1.1811,7.75589 -0.059055 -1.1811,7.59841 -0.059055 -1.1811,7.75589 0.059055 -1.1811]
}}
appearance Appearance{material USE PIN-01 }}
Shape { geometry IndexedFaceSet 
{ creaseAngle 1.00 coordIndex [0,1,2,-1,0,3,1,-1]
coord Coordinate { point [8.34644 0.059055 0.66929,8.18896 0.059055 -1.1811,8.18896 0.059055 0.66929,8.34644 0.059055 -1.1811]
}}
appearance Appearance{material USE PIN-01 }}
Shape { geometry IndexedFaceSet 
{ creaseAngle 1.00 coordIndex [0,1,2,-1,0,2,3,-1]
coord Coordinate { point [8.34644 0.059055 -1.1811,8.34644 0.059055 0.66929,8.34644 -0.059055 0.66929,8.34644 -0.059055 -1.1811]
}}
appearance Appearance{material USE PIN-01 }}
Shape { geometry IndexedFaceSet 
{ creaseAngle 1.00 coordIndex [0,1,2,-1,0,2,3,-1]
coord Coordinate { point [8.18896 0.059055 0.66929,8.18896 0.059055 -1.1811,8.18896 -0.059055 -1.1811,8.18896 -0.059055 0.66929]
}}
appearance Appearance{material USE PIN-01 }}
Shape { geometry IndexedFaceSet 
{ creaseAngle 1.00 coordIndex [0,1,2,-1,0,3,1,-1]
coord Coordinate { point [8.18896 0.059055 -1.1811,8.34644 -0.059055 -1.1811,8.18896 -0.059055 -1.1811,8.34644 0.059055 -1.1811]
}}
appearance Appearance{material USE PIN-01 }}
Shape { geometry IndexedFaceSet 
{ creaseAngle 1.00 coordIndex [0,1,2,-1,0,3,1,-1]
coord Coordinate { point [8.93699 0.059055 0.66929,8.77951 0.059055 -1.1811,8.77951 0.059055 0.66929,8.93699 0.059055 -1.1811]
}}
appearance Appearance{material USE PIN-01 }}
Shape { geometry IndexedFaceSet 
{ creaseAngle 1.00 coordIndex [0,1,2,-1,0,2,3,-1]
coord Coordinate { point [8.93699 0.059055 -1.1811,8.93699 0.059055 0.66929,8.93699 -0.059055 0.66929,8.93699 -0.059055 -1.1811]
}}
appearance Appearance{material USE PIN-01 }}
Shape { geometry IndexedFaceSet 
{ creaseAngle 1.00 coordIndex [0,1,2,-1,0,2,3,-1]
coord Coordinate { point [8.77951 0.059055 0.66929,8.77951 0.059055 -1.1811,8.77951 -0.059055 -1.1811,8.77951 -0.059055 0.66929]
}}
appearance Appearance{material USE PIN-01 }}
Shape { geometry IndexedFaceSet 
{ creaseAngle 1.00 coordIndex [0,1,2,-1,0,3,1,-1]
coord Coordinate { point [8.77951 0.059055 -1.1811,8.93699 -0.059055 -1.1811,8.77951 -0.059055 -1.1811,8.93699 0.059055 -1.1811]
}}
appearance Appearance{material USE PIN-01 }}
Shape { geometry IndexedFaceSet 
{ creaseAngle 1.00 coordIndex [0,1,2,-1,0,3,1,-1]
coord Coordinate { point [9.52754 0.059055 0.66929,9.37006 0.059055 -1.1811,9.37006 0.059055 0.66929,9.52754 0.059055 -1.1811]
}}
appearance Appearance{material USE PIN-01 }}
Shape { geometry IndexedFaceSet 
{ creaseAngle 1.00 coordIndex [0,1,2,-1,0,2,3,-1]
coord Coordinate { point [9.52754 0.059055 -1.1811,9.52754 0.059055 0.66929,9.52754 -0.059055 0.66929,9.52754 -0.059055 -1.1811]
}}
appearance Appearance{material USE PIN-01 }}
Shape { geometry IndexedFaceSet 
{ creaseAngle 1.00 coordIndex [0,1,2,-1,0,2,3,-1]
coord Coordinate { point [9.37006 0.059055 0.66929,9.37006 0.059055 -1.1811,9.37006 -0.059055 -1.1811,9.37006 -0.059055 0.66929]
}}
appearance Appearance{material USE PIN-01 }}
Shape { geometry IndexedFaceSet 
{ creaseAngle 1.00 coordIndex [0,1,2,-1,0,3,1,-1]
coord Coordinate { point [9.37006 0.059055 -1.1811,9.52754 -0.059055 -1.1811,9.37006 -0.059055 -1.1811,9.52754 0.059055 -1.1811]
}}
appearance Appearance{material USE PIN-01 }}
Shape { geometry IndexedFaceSet 
{ creaseAngle 1.00 coordIndex [0,1,2,-1,2,1,3,-1]
coord Coordinate { point [-0.19685 0.610235 1.45708,0.19685 0.610235 1.45708,-0.19685 0.610235 1.45669,0.19685 0.610235 1.45669]
}}
appearance Appearance{material USE PIN-01 }}
Shape { geometry IndexedFaceSet 
{ creaseAngle 1.00 coordIndex [0,1,2,-1,1,3,2,-1]
coord Coordinate { point [0.19685 -0.059055 1.45708,0.19685 0.610235 1.45708,-0.19685 -0.059055 1.45708,-0.19685 0.610235 1.45708]
}}
appearance Appearance{material USE PIN-01 }}
Shape { geometry IndexedFaceSet 
{ creaseAngle 1.00 coordIndex [0,1,2,-1,2,1,3,-1]
coord Coordinate { point [9.64565 0.610235 1.45708,9.64565 0.610235 1.45669,9.25195 0.610235 1.45708,9.25195 0.610235 1.45669]
}}
appearance Appearance{material USE PIN-01 }}
Shape { geometry IndexedFaceSet 
{ creaseAngle 1.00 coordIndex [0,1,2,-1,2,1,3,-1]
coord Coordinate { point [9.64565 0.610235 1.45708,9.25195 0.610235 1.45708,9.64565 -0.059055 1.45708,9.25195 -0.059055 1.45708]
}}
appearance Appearance{material USE PIN-01 }}
Shape { geometry IndexedFaceSet 
{ creaseAngle 1.00 coordIndex [0,1,2,-1,2,1,3,-1]
coord Coordinate { point [9.0551 0.610235 1.45708,9.0551 0.610235 1.45669,8.6614 0.610235 1.45708,8.6614 0.610235 1.45669]
}}
appearance Appearance{material USE PIN-01 }}
Shape { geometry IndexedFaceSet 
{ creaseAngle 1.00 coordIndex [0,1,2,-1,2,1,3,-1]
coord Coordinate { point [9.0551 0.610235 1.45708,8.6614 0.610235 1.45708,9.0551 -0.059055 1.45708,8.6614 -0.059055 1.45708]
}}
appearance Appearance{material USE PIN-01 }}
Shape { geometry IndexedFaceSet 
{ creaseAngle 1.00 coordIndex [0,1,2,-1,2,1,3,-1]
coord Coordinate { point [8.46455 0.610235 1.45708,8.46455 0.610235 1.45669,8.07085 0.610235 1.45708,8.07085 0.610235 1.45669]
}}
appearance Appearance{material USE PIN-01 }}
Shape { geometry IndexedFaceSet 
{ creaseAngle 1.00 coordIndex [0,1,2,-1,2,1,3,-1]
coord Coordinate { point [8.46455 0.610235 1.45708,8.07085 0.610235 1.45708,8.46455 -0.059055 1.45708,8.07085 -0.059055 1.45708]
}}
appearance Appearance{material USE PIN-01 }}
Shape { geometry IndexedFaceSet 
{ creaseAngle 1.00 coordIndex [0,1,2,-1,1,3,2,-1]
coord Coordinate { point [7.4803 0.610235 1.45708,7.874 0.610235 1.45708,7.4803 0.610235 1.45669,7.874 0.610235 1.45669]
}}
appearance Appearance{material USE PIN-01 }}
Shape { geometry IndexedFaceSet 
{ creaseAngle 1.00 coordIndex [0,1,2,-1,1,3,2,-1]
coord Coordinate { point [7.874 -0.059055 1.45708,7.874 0.610235 1.45708,7.4803 -0.059055 1.45708,7.4803 0.610235 1.45708]
}}
appearance Appearance{material USE PIN-01 }}
Shape { geometry IndexedFaceSet 
{ creaseAngle 1.00 coordIndex [0,1,2,-1,1,3,2,-1]
coord Coordinate { point [6.88975 0.610235 1.45708,7.28345 0.610235 1.45708,6.88975 0.610235 1.45669,7.28345 0.610235 1.45669]
}}
appearance Appearance{material USE PIN-01 }}
Shape { geometry IndexedFaceSet 
{ creaseAngle 1.00 coordIndex [0,1,2,-1,1,3,2,-1]
coord Coordinate { point [7.28345 -0.059055 1.45708,7.28345 0.610235 1.45708,6.88975 -0.059055 1.45708,6.88975 0.610235 1.45708]
}}
appearance Appearance{material USE PIN-01 }}
Shape { geometry IndexedFaceSet 
{ creaseAngle 1.00 coordIndex [0,1,2,-1,2,1,3,-1]
coord Coordinate { point [6.6929 0.610235 1.45708,6.6929 0.610235 1.45669,6.2992 0.610235 1.45708,6.2992 0.610235 1.45669]
}}
appearance Appearance{material USE PIN-01 }}
Shape { geometry IndexedFaceSet 
{ creaseAngle 1.00 coordIndex [0,1,2,-1,1,3,2,-1]
coord Coordinate { point [6.6929 -0.059055 1.45708,6.6929 0.610235 1.45708,6.2992 -0.059055 1.45708,6.2992 0.610235 1.45708]
}}
appearance Appearance{material USE PIN-01 }}
Shape { geometry IndexedFaceSet 
{ creaseAngle 1.00 coordIndex [0,1,2,-1,1,3,2,-1]
coord Coordinate { point [5.70865 0.610235 1.45708,6.10235 0.610235 1.45708,5.70865 0.610235 1.45669,6.10235 0.610235 1.45669]
}}
appearance Appearance{material USE PIN-01 }}
Shape { geometry IndexedFaceSet 
{ creaseAngle 1.00 coordIndex [0,1,2,-1,1,3,2,-1]
coord Coordinate { point [6.10235 -0.059055 1.45708,6.10235 0.610235 1.45708,5.70865 -0.059055 1.45708,5.70865 0.610235 1.45708]
}}
appearance Appearance{material USE PIN-01 }}
Shape { geometry IndexedFaceSet 
{ creaseAngle 1.00 coordIndex [0,1,2,-1,1,3,2,-1]
coord Coordinate { point [5.1181 0.610235 1.45708,5.5118 0.610235 1.45708,5.1181 0.610235 1.45669,5.5118 0.610235 1.45669]
}}
appearance Appearance{material USE PIN-01 }}
Shape { geometry IndexedFaceSet 
{ creaseAngle 1.00 coordIndex [0,1,2,-1,1,3,2,-1]
coord Coordinate { point [5.5118 -0.059055 1.45708,5.5118 0.610235 1.45708,5.1181 -0.059055 1.45708,5.1181 0.610235 1.45708]
}}
appearance Appearance{material USE PIN-01 }}
Shape { geometry IndexedFaceSet 
{ creaseAngle 1.00 coordIndex [0,1,2,-1,1,3,2,-1]
coord Coordinate { point [4.52755 0.610235 1.45708,4.92125 0.610235 1.45708,4.52755 0.610235 1.45669,4.92125 0.610235 1.45669]
}}
appearance Appearance{material USE PIN-01 }}
Shape { geometry IndexedFaceSet 
{ creaseAngle 1.00 coordIndex [0,1,2,-1,1,3,2,-1]
coord Coordinate { point [4.92125 -0.059055 1.45708,4.92125 0.610235 1.45708,4.52755 -0.059055 1.45708,4.52755 0.610235 1.45708]
}}
appearance Appearance{material USE PIN-01 }}
Shape { geometry IndexedFaceSet 
{ creaseAngle 1.00 coordIndex [0,1,2,-1,1,3,2,-1]
coord Coordinate { point [3.937 0.610235 1.45708,4.3307 0.610235 1.45708,3.937 0.610235 1.45669,4.3307 0.610235 1.45669]
}}
appearance Appearance{material USE PIN-01 }}
Shape { geometry IndexedFaceSet 
{ creaseAngle 1.00 coordIndex [0,1,2,-1,1,3,2,-1]
coord Coordinate { point [4.3307 -0.059055 1.45708,4.3307 0.610235 1.45708,3.937 -0.059055 1.45708,3.937 0.610235 1.45708]
}}
appearance Appearance{material USE PIN-01 }}
Shape { geometry IndexedFaceSet 
{ creaseAngle 1.00 coordIndex [0,1,2,-1,2,1,3,-1]
coord Coordinate { point [3.74015 0.610235 1.45708,3.74015 0.610235 1.45669,3.34645 0.610235 1.45708,3.34645 0.610235 1.45669]
}}
appearance Appearance{material USE PIN-01 }}
Shape { geometry IndexedFaceSet 
{ creaseAngle 1.00 coordIndex [0,1,2,-1,1,3,2,-1]
coord Coordinate { point [3.74015 -0.059055 1.45708,3.74015 0.610235 1.45708,3.34645 -0.059055 1.45708,3.34645 0.610235 1.45708]
}}
appearance Appearance{material USE PIN-01 }}
Shape { geometry IndexedFaceSet 
{ creaseAngle 1.00 coordIndex [0,1,2,-1,1,3,2,-1]
coord Coordinate { point [2.7559 0.610235 1.45708,3.1496 0.610235 1.45708,2.7559 0.610235 1.45669,3.1496 0.610235 1.45669]
}}
appearance Appearance{material USE PIN-01 }}
Shape { geometry IndexedFaceSet 
{ creaseAngle 1.00 coordIndex [0,1,2,-1,1,3,2,-1]
coord Coordinate { point [3.1496 -0.059055 1.45708,3.1496 0.610235 1.45708,2.7559 -0.059055 1.45708,2.7559 0.610235 1.45708]
}}
appearance Appearance{material USE PIN-01 }}
Shape { geometry IndexedFaceSet 
{ creaseAngle 1.00 coordIndex [0,1,2,-1,1,3,2,-1]
coord Coordinate { point [2.16535 0.610235 1.45708,2.55905 0.610235 1.45708,2.16535 0.610235 1.45669,2.55905 0.610235 1.45669]
}}
appearance Appearance{material USE PIN-01 }}
Shape { geometry IndexedFaceSet 
{ creaseAngle 1.00 coordIndex [0,1,2,-1,1,3,2,-1]
coord Coordinate { point [2.55905 -0.059055 1.45708,2.55905 0.610235 1.45708,2.16535 -0.059055 1.45708,2.16535 0.610235 1.45708]
}}
appearance Appearance{material USE PIN-01 }}
Shape { geometry IndexedFaceSet 
{ creaseAngle 1.00 coordIndex [0,1,2,-1,2,1,3,-1]
coord Coordinate { point [1.9685 0.610235 1.45708,1.9685 0.610235 1.45669,1.5748 0.610235 1.45708,1.5748 0.610235 1.45669]
}}
appearance Appearance{material USE PIN-01 }}
Shape { geometry IndexedFaceSet 
{ creaseAngle 1.00 coordIndex [0,1,2,-1,1,3,2,-1]
coord Coordinate { point [1.9685 -0.059055 1.45708,1.9685 0.610235 1.45708,1.5748 -0.059055 1.45708,1.5748 0.610235 1.45708]
}}
appearance Appearance{material USE PIN-01 }}
Shape { geometry IndexedFaceSet 
{ creaseAngle 1.00 coordIndex [0,1,2,-1,1,3,2,-1]
coord Coordinate { point [0.98425 0.610235 1.45708,1.37795 0.610235 1.45708,0.98425 0.610235 1.45669,1.37795 0.610235 1.45669]
}}
appearance Appearance{material USE PIN-01 }}
Shape { geometry IndexedFaceSet 
{ creaseAngle 1.00 coordIndex [0,1,2,-1,1,3,2,-1]
coord Coordinate { point [1.37795 -0.059055 1.45708,1.37795 0.610235 1.45708,0.98425 -0.059055 1.45708,0.98425 0.610235 1.45708]
}}
appearance Appearance{material USE PIN-01 }}
Shape { geometry IndexedFaceSet 
{ creaseAngle 1.00 coordIndex [0,1,2,-1,2,1,3,-1]
coord Coordinate { point [0.7874 0.610235 1.45708,0.7874 0.610235 1.45669,0.3937 0.610235 1.45708,0.3937 0.610235 1.45669]
}}
appearance Appearance{material USE PIN-01 }}
Shape { geometry IndexedFaceSet 
{ creaseAngle 1.00 coordIndex [0,1,2,-1,1,3,2,-1]
coord Coordinate { point [0.7874 -0.059055 1.45708,0.7874 0.610235 1.45708,0.3937 -0.059055 1.45708,0.3937 0.610235 1.45708]
}}
appearance Appearance{material USE PIN-01 }}
Shape { geometry IndexedFaceSet 
{ creaseAngle 1.00 coordIndex [0,1,2,-1,0,2,3,-1]
coord Coordinate { point [-0.19685 0.059055 0.66929,-0.19685 0.059055 1.45669,-1.45669 0.059055 1.45669,-1.45669 0.059055 0.66929]
}}
appearance Appearance{material USE IC-BODY-EPOXY-04 }}
Shape { geometry IndexedFaceSet 
{ creaseAngle 1.00 coordIndex [0,1,2,-1,0,2,3,-1]
coord Coordinate { point [0.3937 0.059055 0.66929,0.3937 0.059055 1.45669,0.19685 0.059055 1.45669,0.19685 0.059055 0.66929]
}}
appearance Appearance{material USE IC-BODY-EPOXY-04 }}
Shape { geometry IndexedFaceSet 
{ creaseAngle 1.00 coordIndex [0,1,2,-1,0,2,3,-1]
coord Coordinate { point [10.9055 0.059055 0.66929,10.9055 0.059055 1.45669,9.64565 0.059055 1.45669,9.64565 0.059055 0.66929]
}}
appearance Appearance{material USE IC-BODY-EPOXY-04 }}
Shape { geometry IndexedFaceSet 
{ creaseAngle 1.00 coordIndex [0,1,2,-1,0,2,3,-1]
coord Coordinate { point [0.98425 0.059055 0.66929,0.98425 0.059055 1.45669,0.7874 0.059055 1.45669,0.7874 0.059055 0.66929]
}}
appearance Appearance{material USE IC-BODY-EPOXY-04 }}
Shape { geometry IndexedFaceSet 
{ creaseAngle 1.00 coordIndex [0,1,2,-1,0,2,3,-1]
coord Coordinate { point [1.5748 0.059055 0.66929,1.5748 0.059055 1.45669,1.37795 0.059055 1.45669,1.37795 0.059055 0.66929]
}}
appearance Appearance{material USE IC-BODY-EPOXY-04 }}
Shape { geometry IndexedFaceSet 
{ creaseAngle 1.00 coordIndex [0,1,2,-1,0,2,3,-1]
coord Coordinate { point [2.16535 0.059055 0.66929,2.16535 0.059055 1.45669,1.9685 0.059055 1.45669,1.9685 0.059055 0.66929]
}}
appearance Appearance{material USE IC-BODY-EPOXY-04 }}
Shape { geometry IndexedFaceSet 
{ creaseAngle 1.00 coordIndex [0,1,2,-1,0,2,3,-1]
coord Coordinate { point [2.7559 0.059055 0.66929,2.7559 0.059055 1.45669,2.55905 0.059055 1.45669,2.55905 0.059055 0.66929]
}}
appearance Appearance{material USE IC-BODY-EPOXY-04 }}
Shape { geometry IndexedFaceSet 
{ creaseAngle 1.00 coordIndex [0,1,2,-1,0,2,3,-1]
coord Coordinate { point [3.34645 0.059055 0.66929,3.34645 0.059055 1.45669,3.1496 0.059055 1.45669,3.1496 0.059055 0.66929]
}}
appearance Appearance{material USE IC-BODY-EPOXY-04 }}
Shape { geometry IndexedFaceSet 
{ creaseAngle 1.00 coordIndex [0,1,2,-1,0,2,3,-1]
coord Coordinate { point [3.937 0.059055 0.66929,3.937 0.059055 1.45669,3.74015 0.059055 1.45669,3.74015 0.059055 0.66929]
}}
appearance Appearance{material USE IC-BODY-EPOXY-04 }}
Shape { geometry IndexedFaceSet 
{ creaseAngle 1.00 coordIndex [0,1,2,-1,0,2,3,-1]
coord Coordinate { point [4.52755 0.059055 0.66929,4.52755 0.059055 1.45669,4.3307 0.059055 1.45669,4.3307 0.059055 0.66929]
}}
appearance Appearance{material USE IC-BODY-EPOXY-04 }}
Shape { geometry IndexedFaceSet 
{ creaseAngle 1.00 coordIndex [0,1,2,-1,0,2,3,-1]
coord Coordinate { point [5.1181 0.059055 0.66929,5.1181 0.059055 1.45669,4.92125 0.059055 1.45669,4.92125 0.059055 0.66929]
}}
appearance Appearance{material USE IC-BODY-EPOXY-04 }}
Shape { geometry IndexedFaceSet 
{ creaseAngle 1.00 coordIndex [0,1,2,-1,0,2,3,-1]
coord Coordinate { point [5.70865 0.059055 0.66929,5.70865 0.059055 1.45669,5.5118 0.059055 1.45669,5.5118 0.059055 0.66929]
}}
appearance Appearance{material USE IC-BODY-EPOXY-04 }}
Shape { geometry IndexedFaceSet 
{ creaseAngle 1.00 coordIndex [0,1,2,-1,0,2,3,-1]
coord Coordinate { point [6.2992 0.059055 0.66929,6.2992 0.059055 1.45669,6.10235 0.059055 1.45669,6.10235 0.059055 0.66929]
}}
appearance Appearance{material USE IC-BODY-EPOXY-04 }}
Shape { geometry IndexedFaceSet 
{ creaseAngle 1.00 coordIndex [0,1,2,-1,0,2,3,-1]
coord Coordinate { point [6.88975 0.059055 0.66929,6.88975 0.059055 1.45669,6.6929 0.059055 1.45669,6.6929 0.059055 0.66929]
}}
appearance Appearance{material USE IC-BODY-EPOXY-04 }}
Shape { geometry IndexedFaceSet 
{ creaseAngle 1.00 coordIndex [0,1,2,-1,0,2,3,-1]
coord Coordinate { point [7.4803 0.059055 0.66929,7.4803 0.059055 1.45669,7.28345 0.059055 1.45669,7.28345 0.059055 0.66929]
}}
appearance Appearance{material USE IC-BODY-EPOXY-04 }}
Shape { geometry IndexedFaceSet 
{ creaseAngle 1.00 coordIndex [0,1,2,-1,0,2,3,-1]
coord Coordinate { point [8.07085 0.059055 0.66929,8.07085 0.059055 1.45669,7.874 0.059055 1.45669,7.874 0.059055 0.66929]
}}
appearance Appearance{material USE IC-BODY-EPOXY-04 }}
Shape { geometry IndexedFaceSet 
{ creaseAngle 1.00 coordIndex [0,1,2,-1,0,2,3,-1]
coord Coordinate { point [8.6614 0.059055 0.66929,8.6614 0.059055 1.45669,8.46455 0.059055 1.45669,8.46455 0.059055 0.66929]
}}
appearance Appearance{material USE IC-BODY-EPOXY-04 }}
Shape { geometry IndexedFaceSet 
{ creaseAngle 1.00 coordIndex [0,1,2,-1,0,2,3,-1]
coord Coordinate { point [9.25195 0.059055 0.66929,9.25195 0.059055 1.45669,9.0551 0.059055 1.45669,9.0551 0.059055 0.66929]
}}
appearance Appearance{material USE IC-BODY-EPOXY-04 }}
